order_id,order_purchase_timestamp,customer_city,customer_state,product_price,shipping_cost,product_category_name,total_item_value
00010242fe8c5a6d1ba2dd792cb16214,2017-09-13 08:59:02+00:00,campos dos goytacazes,RJ,58.9,13.29,cool_stuff,72.19
00018f77f2f0320c557190d7a144bdd3,2017-04-26 10:53:06+00:00,santa fe do sul,SP,239.9,19.93,pet_shop,259.83
000229ec398224ef6ca0657da4fc703e,2018-01-14 14:33:31+00:00,para de minas,MG,199.0,17.87,moveis_decoracao,216.87
00024acbcdf0a6daa1e931b038114c75,2018-08-08 10:00:35+00:00,atibaia,SP,12.99,12.79,perfumaria,25.78
00042b26cf59d7ce69dfabb4e55b4fd9,2017-02-04 13:57:51+00:00,varzea paulista,SP,199.9,18.14,ferramentas_jardim,218.04000000000002
00048cc3ae777c65dbb7d2a0634bc1ea,2017-05-15 21:42:34+00:00,uberaba,MG,21.9,12.69,utilidades_domesticas,34.589999999999996
00054e8431b9d7675808bcb819fb4a32,2017-12-10 11:53:48+00:00,guararapes,SP,19.9,11.85,telefonia,31.75
000576fe39319847cbb9d288c5617fa6,2018-07-04 12:08:27+00:00,praia grande,SP,810.0,70.75,ferramentas_jardim,880.75
0005a1a1728c9d785b8e2b08b904576c,2018-03-19 18:40:33+00:00,santos,SP,145.95,11.65,beleza_saude,157.6
0005f50442cb953dcd1d21e1fb923495,2018-07-02 13:59:39+00:00,jandira,SP,53.99,11.4,livros_tecnicos,65.39
00061f2a7bc09da83e415a52dc8a4af1,2018-03-24 22:16:10+00:00,piracicaba,SP,59.99,8.88,beleza_saude,68.87
00063b381e2406b52ad429470734ebd5,2018-07-27 17:21:27+00:00,monte alto,SP,45.0,12.98,fashion_bolsas_e_acessorios,57.980000000000004
0006ec9db01a64e59a68b2c340bf65a7,2018-07-24 17:04:17+00:00,rio de janeiro,RJ,74.0,23.32,cama_mesa_banho,97.32
0008288aa423d2a3f00fcb17cd7d8719,2018-02-13 22:10:21+00:00,jandira,SP,49.9,13.37,ferramentas_jardim,63.269999999999996
0009792311464db532ff765bf7b182ae,2018-08-14 20:43:09+00:00,alfenas,MG,99.9,27.65,esporte_lazer,127.55000000000001
0009c9a17f916a706d71784483a5d643,2018-04-25 09:10:41+00:00,campinas,SP,639.0,11.34,consoles_games,650.34
000aed2e25dbad2f9ddb70584c5a2ded,2018-05-11 20:33:38+00:00,santa barbara d'oeste,SP,144.0,8.77,perfumaria,152.77
000c3e6612759851cc3cbb4b83257986,2017-08-12 10:08:57+00:00,jundiai,SP,99.0,13.71,esporte_lazer,112.71000000000001
000e562887b1f2006d75e0be9558292e,2018-02-22 11:54:42+00:00,cubatao,SP,25.0,16.11,cool_stuff,41.11
000e63d38ae8c00bbcb5a30573b99628,2018-03-23 19:48:26+00:00,sao paulo,SP,47.9,8.88,cama_mesa_banho,56.78
000e906b789b55f64edcb1f84030f90d,2017-11-21 18:54:23+00:00,santa cruz do rio pardo,SP,21.99,11.85,telefonia,33.839999999999996
000f25f4d72195062c040b12dce9a18a,2018-03-07 10:33:13+00:00,volta redonda,RJ,119.99,44.4,moveis_escritorio,164.39
001021efaa8636c29475e7734483457d,2018-02-27 09:27:14+00:00,ivaipora,PR,49.0,15.1,fashion_bolsas_e_acessorios,64.1
0010b2e5201cc5f1ae7e9c6cc8f5bd00,2017-09-11 17:39:33+00:00,rio de janeiro,RJ,48.9,16.6,cool_stuff,65.5
00119ff934e539cf26f92b9ef0cdfed8,2017-08-06 00:42:49+00:00,nova iguacu,RJ,219.9,16.98,esporte_lazer,236.88
0011d82c4b53e22e84023405fb467e57,2018-01-16 21:43:23+00:00,sao paulo,SP,289.0,26.33,malas_acessorios,315.33
00125cb692d04887809806618a2a145f,2017-03-23 12:21:17+00:00,anapolis,GO,109.9,25.51,moveis_decoracao,135.41
00130c0eee84a3d909e75bc08c5c3ca1,2018-06-11 21:17:00+00:00,sao bernardo do campo,SP,27.9,7.94,alimentos,35.839999999999996
0013503b13da1eac686219390b7d641b,2017-12-05 23:40:59+00:00,osasco,SP,119.9,17.32,moveis_decoracao,137.22
00137e170939bba5a3134e2386413108,2017-11-24 16:50:38+00:00,rio de janeiro,RJ,397.0,24.65,agro_industria_e_comercio,421.65
001427c0ec99cf8af737bd88e92fd444,2018-04-07 18:51:22+00:00,ituiutaba,MG,59.9,23.35,moveis_decoracao,83.25
00143d0f86d6fbd9f9b38ab440ac16f5,2017-10-16 15:29:43+00:00,goiania,GO,21.33,15.1,esporte_lazer,36.43
0014ae671de39511f7575066200733b7,2017-05-22 13:49:03+00:00,pinhais,PR,16.5,14.1,telefonia,30.6
0015ebb40fb17286bea51d4607c4733c,2018-01-14 09:01:36+00:00,pato bragado,PR,21.9,15.1,eletronicos,37.0
00169e31ef4b29deaae414f9a5e95929,2018-01-16 09:26:39+00:00,rio de janeiro,RJ,39.0,16.11,cama_mesa_banho,55.11
0016dfedd97fc2950e388d2971d718c7,2017-04-28 19:54:40+00:00,canavieiras,BA,49.75,20.8,ferramentas_jardim,70.55
0017afd5076e074a48f1f1a4c7bac9c5,2017-04-06 22:16:10+00:00,campo alegre,AL,809.1,44.29,informatica_acessorios,853.39
001862358bf858722e1e2ae000cfed8b,2018-02-06 19:11:57+00:00,cunha,SP,99.99,13.72,cool_stuff,113.71
0019c29108428acffd089c36103c9440,2018-03-06 06:40:28+00:00,monte siao,MG,59.9,19.95,moveis_decoracao,79.85
001ab0a7578dd66cd4b0a71f5b6e1e41,2017-12-27 00:38:47+00:00,salvador,BA,24.89,17.63,eletronicos,42.519999999999996
001ac194d4a326a6fa99b581e9a3d963,2018-07-04 11:39:11+00:00,cubatao,SP,54.0,8.54,construcao_ferramentas_construcao,62.54
001b76dd48a5b1eee3e87778daa40df8,2018-03-26 17:42:53+00:00,santa salete,SP,81.99,13.01,informatica_acessorios,95.0
001c85b5f68d2be0cb0797afc9e8ce9a,2017-11-24 19:19:18+00:00,sao paulo,SP,99.0,13.71,cama_mesa_banho,112.71000000000001
001d8f0e34a38c37f7dba2a37d4eba8b,2017-05-14 17:19:44+00:00,sao paulo,SP,18.99,7.78,beleza_saude,26.77
001daeb0eddc45b999bad0801ad9d273,2017-05-17 23:19:34+00:00,itapicuru,BA,38.33,16.79,pet_shop,55.12
001dbc16dc51075e987543d23a0507c7,2017-01-28 13:17:57+00:00,santos dumont,MG,69.9,18.0,cama_mesa_banho,87.9
001e7ba991be1b19605ca0316e7130f9,2017-03-18 11:47:37+00:00,campo grande,MS,195.0,18.21,informatica_acessorios,213.21
001e7cf2ad6bef3ade12ebc56ceaf0f3,2018-05-19 10:29:23+00:00,coromandel,MG,35.9,15.2,beleza_saude,51.099999999999994
0020262c8a370bd5a174ea6a2a267321,2017-11-28 09:32:49+00:00,guaratuba,PR,79.5,21.05,moveis_decoracao,100.55
0020a222f55eb79a372d0efee3cca688,2017-08-15 02:45:18+00:00,volta redonda,RJ,29.99,15.1,moveis_decoracao,45.089999999999996
002175704e8b209f61b9ad5cfd92b60e,2018-04-22 12:13:25+00:00,araraquara,SP,109.9,13.21,audio,123.11000000000001
00229e4e43f7a7e0b9dd819ad43268d3,2018-03-31 16:41:54+00:00,sao bernardo do campo,SP,74.9,16.49,esporte_lazer,91.39
0025081dcf9330f9a5052ae82c6ce396,2018-03-27 16:25:35+00:00,governador valadares,MG,14.95,18.23,livros_tecnicos,33.18
00254baeb6c932b0a8aeead91fbd02b5,2018-05-08 21:45:54+00:00,fortaleza,CE,149.9,43.11,bebes,193.01
00259a44fcad3fc0474329e925d14fc3,2017-12-27 17:52:11+00:00,belo horizonte,MG,19.99,14.1,informatica_acessorios,34.089999999999996
0025c5d1a8ca53a240ec2634bb4492ea,2018-07-08 09:17:59+00:00,amanari,CE,390.0,29.39,esporte_lazer,419.39
002611a77fe03d076285fd4ca95db77c,2018-02-27 17:46:23+00:00,brasilia,DF,135.0,21.75,informatica_acessorios,156.75
002691433f09002ac9ca0c4e8dbb8ead,2017-02-02 21:18:03+00:00,porto alegre,RS,104.0,16.43,telefonia,120.43
0026a368634b6e6f34f33b1499773a30,2017-10-27 21:10:26+00:00,sao paulo,SP,149.0,15.8,cool_stuff,164.8
00275bce676303c3bfd7292aefdfa223,2017-11-24 23:10:30+00:00,sao paulo,SP,279.9,13.46,telefonia,293.35999999999996
00276d5c3491fbf55305e26891040df9,2018-02-13 11:47:21+00:00,cambe,PR,44.9,23.22,moveis_decoracao,68.12
002834535f7a609a5c68266f173fa59e,2018-07-23 17:26:00+00:00,recife,PE,37.99,19.18,telefonia,57.17
0028de0ca693a1bb26448916a81105cc,2018-08-15 14:59:36+00:00,canoas,RS,29.99,15.31,construcao_ferramentas_iluminacao,45.3
002955b0acc63d04f6724a31967e82bd,2017-12-18 13:43:54+00:00,manhuacu,MG,120.0,15.59,perfumaria,135.59
0029c5db35ef291ce99d1262012e7daa,2018-08-25 00:09:40+00:00,guarulhos,SP,492.75,21.62,beleza_saude,514.37
0029f17cf0e7640c5cb6825af681303f,2018-05-02 11:59:06+00:00,umuarama,PR,94.9,18.54,brinquedos,113.44
002af7fa9eb99d1456bceb6a13d6fc0b,2018-02-18 18:46:28+00:00,sao bento do sul,SC,88.34,21.11,moveis_decoracao,109.45
002b430ff89b3a24c31a1170acbbedea,2017-06-20 21:55:21+00:00,ituiutaba,MG,199.99,65.56,cool_stuff,265.55
002b4e6fa42cd4a22cc86abc18fe9c05,2018-03-11 10:24:44+00:00,sao paulo,SP,99.9,19.67,papelaria,119.57000000000001
002c9def9c9b951b1bec6d50753c9891,2018-05-14 16:57:47+00:00,sao paulo,SP,78.0,8.9,utilidades_domesticas,86.9
002d040018d12a3853c059f7f23ab5b1,2017-11-19 19:16:07+00:00,pinhais,PR,155.0,14.84,perfumaria,169.84
002f16b7bc4530031b7d90f791b12d8a,2018-07-02 16:51:47+00:00,sao paulo,SP,249.9,34.23,moveis_decoracao,284.13
002f19a65a2ddd70a090297872e6d64e,2018-03-21 13:05:30+00:00,camacari,BA,53.98,23.31,cama_mesa_banho,77.28999999999999
002f98c0f7efd42638ed6100ca699b42,2017-08-04 09:19:10+00:00,porto alegre,RS,8.99,32.57,consoles_games,41.56
002f98c0f7efd42638ed6100ca699b42,2017-08-04 09:19:10+00:00,porto alegre,RS,44.9,7.16,brinquedos,52.06
0030d783f979fbc5981e75613b057344,2017-11-24 20:03:02+00:00,rio de janeiro,RJ,60.6,17.67,utilidades_domesticas,78.27000000000001
0030ff924c38549807645976adeef2c0,2018-03-25 16:52:27+00:00,belo horizonte,MG,225.0,67.24,bebes,292.24
00324b3eda39ba5ecce3945823e3594c,2018-04-10 01:14:18+00:00,toledo,PR,76.0,34.07,industria_comercio_e_negocios,110.07
0032d07457ae9c806c79368d7d9ce96b,2018-03-10 18:53:06+00:00,rio de janeiro,RJ,159.0,27.19,utilidades_domesticas,186.19
003324c70b19a16798817b2b3640e721,2017-05-18 19:04:48+00:00,diamantina,MG,102.9,14.45,malas_acessorios,117.35000000000001
00335b686d693c7d72deeb12f8e89227,2017-07-17 21:25:23+00:00,vila velha,ES,63.9,16.89,brinquedos,80.78999999999999
00335f75ea6a4455b524a8dd177067f5,2018-04-25 21:47:26+00:00,rio de janeiro,RJ,168.8,8.21,pet_shop,177.01000000000002
00337fe25a3780b3424d9ad7c5a4b35e,2017-09-25 17:39:29+00:00,sao paulo,SP,59.9,9.94,cama_mesa_banho,69.84
003423b755b562962a6225a8de40d12e,2018-07-08 11:28:17+00:00,medeiros neto,BA,232.75,28.58,ferramentas_jardim,261.33
00345f338696283410b7977d2e3efc89,2018-08-20 11:06:46+00:00,mogi-guacu,SP,48.9,18.44,beleza_saude,67.34
0035246a40f520710769010f752e7507,2017-08-17 00:57:23+00:00,sao paulo,SP,87.0,12.11,cama_mesa_banho,99.11
0035c0b07126fe9c24a325216fb96064,2017-11-24 01:08:37+00:00,campinas,SP,131.9,18.54,cool_stuff,150.44
0035e6b7ade84b3f5b86bd49814793df,2018-02-21 02:46:23+00:00,sao paulo,SP,19.9,14.1,moveis_decoracao,34.0
0036757472ece3dde52fd4bfd929c90e,2018-07-19 14:58:59+00:00,bauru,SP,136.99,66.04,moveis_escritorio,203.03000000000003
0036887767dea4bd43b1a88cd0d9477a,2017-10-13 00:04:49+00:00,belo horizonte,MG,399.99,23.64,brinquedos,423.63
00378c6c981f234634c0b9d6128df6dd,2018-02-02 19:39:46+00:00,sao paulo,SP,41.0,11.85,esporte_lazer,52.85
003822434f91204da0a51fe4cf2aba18,2018-06-13 14:10:54+00:00,rio de janeiro,RJ,69.0,18.58,perfumaria,87.58
0039500db36d50d7d0bfaf23723550f3,2018-07-06 10:37:32+00:00,maceio,AL,169.9,33.33,esporte_lazer,203.23000000000002
003a7f59d7e08a9c61d9e2881fe6459c,2018-08-19 12:51:50+00:00,brasilia,DF,119.0,15.28,utilidades_domesticas,134.28
003a94f778ef8cfd50247c8c1b582257,2018-08-03 14:52:31+00:00,campo grande,MS,39.9,18.08,construcao_ferramentas_construcao,57.98
003cc6161d7a2593f2525cce0c330d32,2018-08-03 19:33:35+00:00,sao paulo,SP,85.0,12.9,utilidades_domesticas,97.9
003d0634280ff3d1d3a54459349a6899,2018-03-17 17:50:30+00:00,barueri,SP,220.0,8.89,informatica_acessorios,228.89
003d804eef0e1b856881cd18e0cc0d4c,2017-11-17 19:43:10+00:00,imperatriz,MA,277.0,35.74,relogios_presentes,312.74
003d9fc84ad902adf2265248b5ffe1a4,2018-08-19 19:43:01+00:00,sao paulo,SP,66.99,27.75,beleza_saude,94.74
003edccf16bc5ec447f592913b3df2b4,2018-07-07 09:02:51+00:00,vitoria do mearim,MA,14.0,50.85,telefonia,64.85
003f201cdd39cdd59b6447cff2195456,2018-02-21 16:59:24+00:00,rio de janeiro,RJ,85.0,17.03,informatica_acessorios,102.03
003f9bcc09427647c4b9d361a523545b,2018-02-06 13:06:45+00:00,ribeirao pires,SP,229.0,9.8,relogios_presentes,238.8
00404fa7a687c8c44ca69d42695aae73,2018-05-07 22:38:21+00:00,sao paulo,SP,99.9,0.0,relogios_presentes,99.9
0040a56893444cb56cba7cfe2225e34e,2018-01-22 23:50:35+00:00,salvador,BA,84.9,34.39,informatica_acessorios,119.29
004157daafa0bc8672e01f00e4f0c04f,2017-05-21 13:13:54+00:00,fortaleza,CE,189.0,33.91,moveis_decoracao,222.91
00418a49a685c6bb60633291c3fab17a,2017-10-03 20:43:03+00:00,osasco,SP,49.0,7.78,relogios_presentes,56.78
004345d16a1ab2c21962992c721c8643,2018-07-04 06:45:05+00:00,aguas lindas de goias,GO,37.9,15.37,utilidades_domesticas,53.269999999999996
0044c6f6d22dd280534344177c81b989,2018-05-18 16:59:09+00:00,sao paulo,SP,179.93,16.14,eletronicos,196.07
0045e3085f083f0f38d24bb3f22e6593,2017-08-10 16:13:36+00:00,sao jose dos campos,SP,116.9,13.84,beleza_saude,130.74
0045f5225a96ef46630701167528fdcb,2018-06-10 11:23:39+00:00,nova serrana,MG,94.9,15.51,automotivo,110.41000000000001
0046176ff0dbc2a178b7885355dfbb71,2018-05-29 19:22:17+00:00,nova lima,MG,121.99,15.73,consoles_games,137.72
0046e1d57f4c07c8c92ab26be8c3dfc0,2017-09-26 15:24:03+00:00,sao paulo,SP,7.79,7.78,Unknown,15.57
00471463a6106056c1a2a809f70de640,2017-09-21 22:00:44+00:00,brasilia,DF,179.99,85.97,moveis_decoracao,265.96000000000004
00482f2670787292280e0a8153d82467,2017-02-13 16:18:07+00:00,juiz de fora,MG,7.6,10.96,Unknown,18.560000000000002
0049edf42837aa808e03552a62bd2158,2017-12-30 12:33:26+00:00,rio de janeiro,RJ,49.9,17.6,ferramentas_jardim,67.5
004b62108b876867938746ad3154167f,2018-07-04 20:34:26+00:00,sao paulo,SP,110.32,8.03,beleza_saude,118.35
004ba47bb589cdbc485e6025bd6d3c81,2017-12-25 20:40:15+00:00,santa fe do sul,SP,49.0,11.85,telefonia,60.85
004ca5ae248069d68e8594df8abf6ce0,2018-06-06 18:30:20+00:00,belem,PA,159.9,61.18,perfumaria,221.08
004d76fef3dd46eb4f70da049c8d1f93,2017-12-20 06:42:39+00:00,matao,SP,120.0,27.39,papelaria,147.39
004eab0fd8f28adaf8d488976f77febe,2017-08-02 15:32:46+00:00,rio de janeiro,RJ,21.5,11.98,esporte_lazer,33.480000000000004
004f5d8f238e8908e6864b874eda3391,2018-02-27 12:16:30+00:00,corumba,MS,122.99,15.61,Unknown,138.6
004fb11815bc03b01b20a614eef69d14,2017-11-25 13:56:55+00:00,bom jesus da lapa,BA,72.99,19.75,cool_stuff,92.74
004fb5e6f90a178dc74ad2b016649249,2017-06-11 09:46:11+00:00,ourinhos,SP,129.99,13.93,cool_stuff,143.92000000000002
005059edee63c8c708ba61910793b31b,2018-02-05 18:25:51+00:00,porto real,RJ,92.0,17.89,cama_mesa_banho,109.89
00526a9d4ebde463baee25f386963ddc,2018-08-07 22:03:44+00:00,ferraz de vasconcelos,SP,33.89,8.4,alimentos,42.29
0055b77cca3186676c147f532dd2547b,2018-02-19 21:47:44+00:00,rio de janeiro,RJ,149.0,40.37,informatica_acessorios,189.37
0057199db02d1a5ef41bacbf41f8f63b,2018-01-18 17:05:30+00:00,sinop,MT,20.3,16.79,Unknown,37.09
00571ded73b3c061925584feab0db425,2017-05-18 20:59:24+00:00,belo horizonte,MG,179.9,15.01,perfumaria,194.91
00584d79015452d19fd3d044ba3abdc0,2017-07-23 19:11:15+00:00,sao paulo,SP,109.9,12.27,telefonia,122.17
00588f5f20fee630b83d4709e0a42715,2017-08-18 16:02:24+00:00,ipixuna do para,PA,89.0,25.9,telefonia,114.9
005997dca4c1fc45066d0a03d54a6469,2018-04-10 18:01:04+00:00,praia grande,SP,120.0,13.75,beleza_saude,133.75
005a1dded353107dbabf8ffc83a20365,2018-02-09 18:00:00+00:00,sete lagoas,MG,75.0,14.28,relogios_presentes,89.28
005b49de51a4e006055e8487a50ad8e4,2017-04-09 13:35:38+00:00,bage,RS,46.86,14.52,informatica_acessorios,61.379999999999995
005cad6157eadc7f1f09917607f1704a,2017-04-15 16:35:52+00:00,sao bernardo do campo,SP,96.0,14.84,esporte_lazer,110.84
005d9a5423d47281ac463a968b3936fb,2017-10-18 12:14:29+00:00,sao jose do rio pardo,SP,49.99,18.12,brinquedos,68.11
005d9a5423d47281ac463a968b3936fb,2017-10-18 12:14:29+00:00,sao jose do rio pardo,SP,24.99,13.58,bebes,38.57
005e5166e99d1e4d0c4f808b0540ba94,2018-02-21 11:37:24+00:00,itajai,SC,120.1,16.6,informatica_acessorios,136.7
005f25968fc854ea16fb16f5bdbc87c7,2018-03-04 14:40:35+00:00,carapicuiba,SP,69.9,16.25,esporte_lazer,86.15
00602f25bffa1dcfb71e202fbf9824fb,2017-11-01 17:45:52+00:00,belem,PA,39.9,54.02,relogios_presentes,93.92
00611822267e76e0055c25c18506f06e,2018-07-26 13:35:01+00:00,goiania,GO,159.9,20.31,brinquedos,180.21
006127b8b9a1681a982313ed7129c3c0,2018-03-08 16:01:59+00:00,sao paulo,SP,540.0,16.22,relogios_presentes,556.22
0064d74f7de7917d54768d7722ad56ac,2017-09-10 21:45:29+00:00,niteroi,RJ,189.9,31.17,cool_stuff,221.07
006557c3221c1fcd02b0106343ab357b,2018-02-23 14:36:15+00:00,sao paulo,SP,14.9,8.27,eletrodomesticos,23.17
00664284de7a3470d22931ed78615ee4,2017-09-24 13:12:59+00:00,sao paulo,SP,43.9,11.85,moveis_cozinha_area_de_servico_jantar_e_jardim,55.75
0066a1fdaee16ad5022c5ef979d0b661,2018-06-10 19:52:27+00:00,nilopolis,RJ,139.0,87.28,bebes,226.28
0067c6030d65af0ff98790158ddb0020,2018-04-27 21:36:27+00:00,sao paulo,SP,40.35,13.71,cama_mesa_banho,54.06
0068468c453d28c8ef3fd089e50a5847,2017-11-24 22:25:25+00:00,nova iguacu,RJ,469.0,20.85,eletronicos,489.85
00685d31ae12e47470ba5c18ba74f22c,2017-08-27 21:41:16+00:00,espumoso,RS,59.0,16.17,moveis_decoracao,75.17
0068c109948b9a1dfb8530d1978acef3,2018-01-22 19:46:58+00:00,cuiaba,MT,35.9,15.79,climatizacao,51.69
0068e836900867da359bd81db9227a33,2017-09-29 11:24:09+00:00,porto alegre,RS,96.99,16.44,esporte_lazer,113.42999999999999
0068fb0e223115e911d362627e8b8800,2018-07-18 10:46:09+00:00,sao paulo,SP,77.9,13.89,informatica_acessorios,91.79
006c42f310102c1910b3c5793ce5fc34,2018-08-06 16:12:32+00:00,curitiba,PR,229.99,20.8,brinquedos,250.79000000000002
006cb7cafc99b29548d4f412c7f9f493,2018-02-17 14:22:34+00:00,brasilia,DF,56.0,14.14,Unknown,70.14
006cba07f62f921fe4f58365bde2b2eb,2017-08-14 20:28:45+00:00,itapura,SP,69.99,11.99,brinquedos,81.97999999999999
006dd93155bc2abd844cc5eed3a0fe7f,2017-12-02 01:20:28+00:00,sao paulo,SP,49.9,7.78,fashion_bolsas_e_acessorios,57.68
006df90050498994d670b40da4651d22,2018-08-13 13:59:20+00:00,sao paulo,SP,14.0,7.39,esporte_lazer,21.39
006e05e81c068ddc38e48ebe189b922e,2017-12-27 21:50:43+00:00,santa luzia,MG,29.0,14.1,relogios_presentes,43.1
006e43460a55bc60c0a437521e426529,2017-05-11 00:24:35+00:00,guaruja,SP,99.0,43.06,ferramentas_jardim,142.06
006e91ddb0674525f84ce0da0655c7ba,2018-04-10 19:17:15+00:00,sao paulo,SP,499.0,30.35,casa_conforto,529.35
006f7dfffe2d90809598e8f1972b829b,2018-03-22 22:52:46+00:00,serrana,SP,39.85,12.79,beleza_saude,52.64
0070092bb6004faafa287e5fc35971e9,2017-07-25 11:42:58+00:00,sao paulo,SP,149.0,14.06,brinquedos,163.06
0071ee2429bc1efdc43aa3e073a5290e,2018-01-22 11:08:15+00:00,sao paulo,SP,179.98,12.46,utilidades_domesticas,192.44
0072847849eafe70995fa51a714c81ac,2018-05-14 13:44:52+00:00,iguape,SP,219.99,14.9,brinquedos,234.89000000000001
00750f68bb64537034e93554c64b41b5,2017-11-12 09:50:55+00:00,maua,SP,129.0,8.16,relogios_presentes,137.16
00756576f4e494406945ac21cb82cfe0,2018-01-30 18:08:21+00:00,sao jose do rio preto,SP,137.0,15.71,relogios_presentes,152.71
00772b2af35643653f108fdac1155ee3,2017-04-24 10:53:12+00:00,indaiatuba,SP,37.0,10.96,esporte_lazer,47.96
00789ce015e7e5791c7914f32bb4fad4,2017-06-28 23:31:33+00:00,rio de janeiro,RJ,154.0,14.83,beleza_saude,168.83
0078a358a14592b887eb140ef515f5ab,2017-11-06 15:42:42+00:00,anapolis,GO,253.52,82.86,moveis_decoracao,336.38
0079bca8e89bd52fdb87408e4f3fb94d,2018-05-03 18:55:20+00:00,sao paulo,SP,49.9,7.39,esporte_lazer,57.29
007bbb40c95870c0f75a7855f2636c65,2018-04-24 10:37:50+00:00,sao paulo,SP,148.9,13.95,cama_mesa_banho,162.85
007beb35f98c075747e6fc4fd1c0cb73,2017-09-23 08:32:53+00:00,rio de janeiro,RJ,64.9,18.69,cama_mesa_banho,83.59
007c7cb12ef3567531307ca78d395758,2018-02-20 11:31:56+00:00,itaberai,GO,179.0,16.0,eletronicos,195.0
007ec946d4f798caf2b43c9d44c56421,2017-11-24 13:05:15+00:00,gramado,RS,27.9,15.1,esporte_lazer,43.0
007ff0b0f79be782f633fc3b18cbe337,2018-02-03 17:46:53+00:00,belo horizonte,MG,39.0,16.11,moveis_decoracao,55.11
0080eebb288dba1857ccf048dfe6bdfe,2017-08-11 17:43:46+00:00,curitiba,PR,7.0,14.1,telefonia,21.1
0081ab2c99dc85945c28926b77dc6960,2018-02-14 22:19:37+00:00,cotia,SP,269.0,10.7,informatica_acessorios,279.7
0081ce648af7d6a7bac2a93b6035d1e3,2017-11-08 13:38:11+00:00,santa cruz do sul,RS,99.9,17.95,cama_mesa_banho,117.85000000000001
0084209c576daad6ff4534902fcb4892,2017-07-05 13:14:26+00:00,rio de janeiro,RJ,69.9,15.24,cama_mesa_banho,85.14
0084e195fbd72ae51599af47f04afede,2018-03-14 23:57:00+00:00,porto alegre,RS,89.9,23.13,informatica_acessorios,113.03
00858d03144cc35cfd1dd043647e7c88,2018-03-14 22:53:09+00:00,gravatai,RS,165.0,19.03,eletrodomesticos,184.03
008720830a8a30e39e6f22f81818a141,2017-08-13 16:44:57+00:00,sao paulo,SP,57.99,11.73,bebes,69.72
0087889a1c836be17f58afd7f1729a4a,2017-10-23 11:03:27+00:00,campinas,SP,259.0,10.63,perfumaria,269.63
008819c6d5f6da6fa5cd9d50ca927cf4,2018-08-04 21:40:35+00:00,sao paulo,SP,55.0,7.65,relogios_presentes,62.65
00891ba5de66f55000ee358ceea9b345,2017-05-14 17:19:43+00:00,brasilia,DF,133.0,16.69,esporte_lazer,149.69
008990da719764fb392914d8ab53ad04,2018-05-11 19:20:54+00:00,macae,RJ,35.9,18.23,informatica_acessorios,54.129999999999995
008a1b3db2a8bf63418c2cf7c7f494b1,2018-04-02 09:33:25+00:00,brumadinho,MG,14.89,18.23,beleza_saude,33.120000000000005
008a40c2b8b21893e04945ce58854b55,2018-04-29 20:26:41+00:00,bariri,SP,99.0,13.0,beleza_saude,112.0
008c3a655c66f4d92370d0d422732f69,2018-03-04 23:15:49+00:00,sorocaba,SP,90.0,9.44,informatica_acessorios,99.44
008ce8764db2e397e153000e017475b6,2018-05-18 20:42:47+00:00,sao paulo,SP,43.49,27.39,beleza_saude,70.88
008cfe221ab054c89bc31720098cca51,2018-08-08 07:52:21+00:00,sao paulo,SP,109.99,36.85,cama_mesa_banho,146.84
008d9bf350ff02ed444b3452cf3f57e0,2018-06-04 08:57:02+00:00,vila velha,ES,9.99,15.23,brinquedos,25.22
008dc31c0ae7121f2791953ae5f532c3,2018-01-06 11:22:56+00:00,sao luis,MA,28.5,34.15,automotivo,62.65
008dd5e80ebf8f849aa0c5bf4e22ce7a,2018-03-20 20:31:23+00:00,bauru,SP,199.0,8.74,cama_mesa_banho,207.74
008eaf9004164883520d0bd32b107261,2017-07-10 20:42:56+00:00,rio de janeiro,RJ,135.9,21.44,utilidades_domesticas,157.34
008f831b7185cff7ab35a46c37d64cd2,2018-06-30 11:39:38+00:00,foz do iguacu,PR,249.0,37.09,automotivo,286.09000000000003
008fab5602c441d51f30b1464f5d4643,2017-02-22 10:37:41+00:00,lagoa santa,MG,49.99,15.56,beleza_saude,65.55
0091a677651feaf5a08d7bb147681e14,2018-08-24 13:27:17+00:00,campinas,SP,38.0,7.53,relogios_presentes,45.53
00921e4911895b93c7b4fc0d80c0815e,2018-06-13 13:55:55+00:00,sao paulo,SP,85.0,11.62,utilidades_domesticas,96.62
0093cbf16a6afb7f0ab7cc821b6f9e92,2017-11-11 13:05:52+00:00,camboriu,SC,117.3,25.66,automotivo,142.96
00946f674d880be1f188abc10ad7cf46,2017-12-09 19:11:22+00:00,osasco,SP,99.9,18.57,pet_shop,118.47
00946f674d880be1f188abc10ad7cf46,2017-12-09 19:11:22+00:00,osasco,SP,99.9,14.35,pet_shop,114.25
00949655cdd8d0465e433a5e6c9643e5,2018-06-25 21:14:53+00:00,sao paulo,SP,18.0,7.87,construcao_ferramentas_construcao,25.87
0094bd07f49fed90209ffa62d1ef26d6,2018-05-01 02:04:16+00:00,praia grande,SP,11.53,7.39,perfumaria,18.919999999999998
0094d4660e323945f84f5c29eb348aae,2018-01-24 22:05:42+00:00,papanduva,SC,269.99,39.41,esporte_lazer,309.4
0094dc9ea7e3cd54d95aea42685673ff,2017-03-07 21:48:19+00:00,rio de janeiro,RJ,89.99,14.8,consoles_games,104.78999999999999
0095790a64527ec83aeaaf99023c050e,2017-11-15 13:36:30+00:00,sao luis,MA,19.9,42.76,relogios_presentes,62.66
0096668e5b0b8e9657a6f7209a4e58b4,2018-07-11 13:33:21+00:00,sao paulo,SP,166.9,13.47,automotivo,180.37
009742b43f4530bc3db7f62332c50f4b,2017-10-24 15:15:58+00:00,santo andre,SP,133.74,12.44,informatica_acessorios,146.18
00975e709cd12c34d3bd44e4a7f7a876,2017-08-21 12:54:37+00:00,indaiatuba,SP,86.8,7.86,cool_stuff,94.66
0097aafe2a01dd54e39888976160c377,2018-08-23 14:41:37+00:00,osasco,SP,62.0,8.59,informatica_acessorios,70.59
0097f0545a302aafa32782f1734ff71c,2018-03-05 18:15:11+00:00,sao paulo,SP,158.0,10.68,ferramentas_jardim,168.68
0097f0545a302aafa32782f1734ff71c,2018-03-05 18:15:11+00:00,sao paulo,SP,308.0,31.16,ferramentas_jardim,339.16
009838529bb913846ab6670d22865381,2018-06-14 09:08:47+00:00,juiz de fora,MG,129.0,47.4,cama_mesa_banho,176.4
0098dbda25722a3f019fe252a0cd10b3,2017-09-19 18:05:34+00:00,sao joao d'alianca,GO,143.54,21.49,cama_mesa_banho,165.03
009905140e9f8cc35d5be897937381db,2018-03-15 12:33:45+00:00,goiania,GO,39.99,18.23,cama_mesa_banho,58.22
00995d799817ecc3bd2abd8fbe59c430,2018-07-26 11:25:18+00:00,sao goncalo,RJ,49.9,12.92,beleza_saude,62.82
00998f38df3012359ef195ca75ebb329,2018-05-11 11:52:34+00:00,joao pessoa,PB,119.9,23.34,perfumaria,143.24
009ac365164f8e06f59d18a08045f6c4,2017-11-23 00:03:52+00:00,cataguases,MG,16.9,15.1,ferramentas_jardim,32.0
009c278fa2ed6e7ec498200b60193ca8,2018-01-11 12:58:45+00:00,porto uniao,SC,29.99,15.1,telefonia,45.089999999999996
009e11afa25aa95ae78e60a793995c9b,2017-10-19 23:56:16+00:00,manaus,AM,30.99,34.15,ferramentas_jardim,65.14
009fa9bd0d92710e840793bfefa80867,2017-06-14 09:44:30+00:00,major porto,MG,84.99,15.34,perfumaria,100.33
00a0116ff15ff973ea16bee881208ae7,2018-02-18 16:22:23+00:00,campo grande,MS,149.0,45.12,informatica_acessorios,194.12
00a12754417a49a9dec20361849aa917,2018-05-08 21:58:57+00:00,sao paulo,SP,48.9,8.82,utilidades_domesticas,57.72
00a13ab02fbe82f78cd84f14e41564ed,2017-12-09 19:22:59+00:00,maua,SP,159.49,8.86,esporte_lazer,168.35000000000002
00a174dbf11967d260033fa6ab711493,2017-11-27 10:29:23+00:00,barra mansa,RJ,249.9,41.53,moveis_decoracao,291.43
00a1e977cf6e672402963940db55d919,2018-07-25 16:25:31+00:00,brasilia,DF,24.89,7.75,eletronicos,32.64
00a250dbdb3153cc6ecf4d3f07ef6a17,2017-12-10 18:07:24+00:00,sao jose dos campos,SP,53.99,7.78,perfumaria,61.77
00a379dfab816a83741012b71b264098,2018-08-03 19:50:50+00:00,sao paulo,SP,15.99,7.39,papelaria,23.38
00a3a334aec7455a6d3319981499a3da,2017-10-25 11:00:28+00:00,francisco morato,SP,24.5,11.85,consoles_games,36.35
00a3f1ef430d3984dece2f39d6cbf431,2018-05-18 13:28:08+00:00,diadema,SP,179.0,22.99,utilidades_domesticas,201.99
00a4d94df1c9757661679b2f4bd6d311,2018-04-26 12:41:29+00:00,valinhos,SP,37.9,21.43,automotivo,59.33
00a57dfbb049fbaae10763e2cf15f797,2018-07-20 11:09:30+00:00,campo grande,MS,89.9,22.56,informatica_acessorios,112.46000000000001
00a690becda145533fa5a54daa7b6ad5,2018-04-08 21:55:50+00:00,cuiaba,MT,88.34,29.08,moveis_decoracao,117.42
00a77f9cc25b05b2004752593d7b8888,2017-06-22 19:53:24+00:00,rio de janeiro,RJ,177.9,18.5,casa_conforto,196.4
00a843f5a80c7aea894c558acc29f513,2017-09-01 13:09:44+00:00,porto alegre,RS,32.99,14.1,telefonia_fixa,47.09
00a870c6c06346e85335524935c600c0,2018-05-09 00:10:08+00:00,juiz de fora,MG,69.9,0.0,moveis_decoracao,69.9
00a9536682ecb394a3794c1608200803,2017-05-12 23:38:09+00:00,capao bonito,SP,109.9,12.27,cama_mesa_banho,122.17
00a99c50fdff7e36262caba33821875a,2018-08-17 16:25:04+00:00,teixeira de freitas,BA,52.99,22.3,informatica_acessorios,75.29
00aa423621f35a9ca6c6240f275b0640,2017-11-23 14:51:32+00:00,carandai,MG,110.9,14.51,esporte_lazer,125.41000000000001
00ab1aba567dfebdc39caa4e7ca2f1b2,2017-09-01 14:01:04+00:00,campinas,SP,35.9,12.48,perfumaria,48.379999999999995
00ab210695a17fe10e6b23616ae5bc97,2018-06-12 06:19:27+00:00,guaruja,SP,39.0,7.53,esporte_lazer,46.53
00ab3a43bda739029ffce95d3b2fb56c,2018-08-10 12:09:15+00:00,sao paulo,SP,27.9,7.46,beleza_saude,35.36
00ab9fa91aafa3d881164b0da48999aa,2018-05-25 09:47:21+00:00,nova lima,MG,579.0,65.34,portateis_casa_forno_e_cafe,644.34
00ac05fe0fc047c54418098eb64e3aaa,2018-02-18 14:19:55+00:00,araruama,RJ,99.9,23.57,moveis_decoracao,123.47
00ac2a1ec784f71feeb7ba1e5959750d,2018-04-06 11:26:54+00:00,maringa,PR,37.0,19.32,fraldas_higiene,56.32
00ace652c8a5072670f30674e5f19844,2018-01-19 00:35:45+00:00,betim,MG,116.6,30.66,moveis_escritorio,147.26
00ad1a02d4d9decad15c7e8f8a9470cc,2018-08-04 12:40:43+00:00,caucaia,CE,49.0,19.25,relogios_presentes,68.25
00af3d9ddff7f256e83d79247dbe1a9f,2018-02-21 12:11:48+00:00,garanhuns,PE,65.0,25.73,bebes,90.73
00af53fdc2002f5b6a8f16db648e003b,2017-06-20 15:00:00+00:00,itupeva,SP,39.9,11.85,esporte_lazer,51.75
00b12f4674177ef40c4bdb034138c843,2018-07-15 19:47:30+00:00,guaratingueta,SP,105.0,17.87,sinalizacao_e_seguranca,122.87
00b1861aeb89afa498404c684148a619,2018-08-08 08:18:03+00:00,rio de janeiro,RJ,25.79,23.33,automotivo,49.12
00b2d2f2b5f7b98e6b1828764660134e,2018-08-09 08:27:54+00:00,bom jesus dos perdoes,SP,146.01,13.68,relogios_presentes,159.69
00b30bb163474583c14db1689259cf4d,2018-01-31 13:57:27+00:00,valenca,BA,189.9,26.61,fashion_bolsas_e_acessorios,216.51
00b402e8a76d3da83714c52d3977cc2d,2018-01-01 18:03:43+00:00,porto seguro,BA,139.65,26.26,beleza_saude,165.91
00b44ba3d7c4a5e9a9ebafef9150781d,2018-08-28 21:10:46+00:00,santo andre,SP,59.9,7.68,fashion_bolsas_e_acessorios,67.58
00b47ee856118583dbec7d1f9b18d847,2018-03-26 19:58:48+00:00,brasilia,DF,13.65,15.23,eletronicos,28.880000000000003
00b4846d477a7baf5d4e47970bc08c7e,2018-01-22 16:17:31+00:00,campos dos goytacazes,RJ,31.9,16.11,cama_mesa_banho,48.01
00b4a910f64f24dbcac04fe54088a443,2017-01-18 17:55:34+00:00,rio de janeiro,RJ,33.99,16.6,ferramentas_jardim,50.59
00b4c651133c06fb175123a492f1cac3,2018-08-17 12:56:21+00:00,brasilia,DF,158.9,14.59,informatica_acessorios,173.49
00b5e1c770b1868ec1b6b726be3aa9b9,2018-01-03 19:13:33+00:00,itapui,SP,47.4,11.85,papelaria,59.25
00b676b01c289cc661c6f7732492771a,2017-08-02 15:30:42+00:00,sao paulo,SP,50.0,21.19,utilidades_domesticas,71.19
00b6c055922e0ed2d88efdd252b2fb64,2018-05-01 16:01:41+00:00,jundiai,SP,59.9,11.15,moveis_cozinha_area_de_servico_jantar_e_jardim,71.05
00b6e66f005a657a6b13eedcacdf9342,2018-08-11 10:47:05+00:00,macae,RJ,199.0,39.66,telefonia,238.66
00b7174ea52bb811ebe2663add51afc0,2018-05-16 09:57:53+00:00,votuporanga,SP,69.9,23.07,automotivo,92.97
00b8d354b36820e9d6131fd5173c5581,2018-02-24 13:05:44+00:00,cambui,MG,50.21,15.1,beleza_saude,65.31
00b9e0f8f588d0406a3de447eb606970,2018-01-22 11:18:35+00:00,rio de janeiro,RJ,39.9,16.6,cama_mesa_banho,56.5
00ba414462370af2d76195d12e0d5481,2017-11-30 10:00:43+00:00,porto alegre,RS,24.99,14.1,telefonia,39.089999999999996
00ba57ae98928df6ba6ec9d3d8d4b1b7,2018-07-16 22:06:13+00:00,rio das ostras,RJ,130.0,19.01,relogios_presentes,149.01
00bbc4179554524748f77763ddd62266,2017-08-08 21:04:16+00:00,sao paulo,SP,89.99,7.88,beleza_saude,97.86999999999999
00bc78808b22918a467b2fa4b8ef5d68,2017-04-23 23:28:23+00:00,soledade de minas,MG,69.0,15.69,beleza_saude,84.69
00bcee890eba57a9767c7b5ca12d3a1b,2017-07-22 20:51:26+00:00,brasilia,DF,165.5,15.8,informatica_acessorios,181.3
00bcee890eba57a9767c7b5ca12d3a1b,2017-07-22 20:51:26+00:00,brasilia,DF,175.91,52.69,informatica_acessorios,228.6
00bd2cb7e9076e1ccc9f766fc01a4cfd,2018-04-18 10:00:14+00:00,ourinhos,SP,98.81,13.81,informatica_acessorios,112.62
00bd50cdd31bd22e9081e6e2d5b3577b,2018-01-14 22:31:54+00:00,campinas,SP,78.0,7.8,relogios_presentes,85.8
00bd8cf08fa3998ea6ad6d16c2165822,2017-12-01 10:47:44+00:00,tocantins,MG,21.8,12.48,esporte_lazer,34.28
00bdcdda88e6b02977fc6ce3d412c600,2018-06-12 09:51:55+00:00,rio de janeiro,RJ,118.9,18.93,relogios_presentes,137.83
00bdebefeb760588a3425fad9dfed3d9,2018-03-08 15:59:34+00:00,barueri,SP,119.8,20.18,esporte_lazer,139.98
00beb247698c6aae94e3f859d279e2cd,2018-05-24 22:21:17+00:00,sao paulo,SP,45.0,7.39,construcao_ferramentas_iluminacao,52.39
00bf1320ffb5fe47a845feca16c0e0b4,2017-09-26 12:58:43+00:00,casimiro de abreu,RJ,449.0,20.39,beleza_saude,469.39
00c00d5b36157595e21108ba1da2828f,2017-09-11 19:35:48+00:00,sorocaba,SP,139.85,16.61,moveis_decoracao,156.45999999999998
00c2335723b9b74668062e946dc66621,2017-12-31 01:31:16+00:00,sao paulo,SP,18.9,12.48,eletronicos,31.38
00c405bd71187154a7846862f585a9d4,2017-10-23 14:59:46+00:00,feira de santana,BA,29.9,16.79,beleza_saude,46.69
00c42b1633c1b2fa4e937bf312466561,2018-01-13 13:52:54+00:00,imbituba,SC,39.9,15.1,moveis_decoracao,55.0
00c47cfa491ef55779ec7557673087fc,2018-07-23 11:36:26+00:00,louveira,SP,59.0,13.07,perfumaria,72.07
00c47fefb9a49baec12ab3654d7f548e,2017-12-06 00:08:49+00:00,macapa,AP,199.0,67.69,automotivo,266.69
00c4f17dcb94448f27a2cbaa83f10a4b,2018-06-08 19:18:56+00:00,santo andre,SP,32.0,7.39,beleza_saude,39.39
00c62d05602c1ca8164b98746d127fa8,2018-06-03 11:10:53+00:00,goiania,GO,110.0,18.35,industria_comercio_e_negocios,128.35
00c763284c0056eed753352f5559ff0a,2018-05-31 23:51:24+00:00,sao bernardo do campo,SP,79.9,14.65,cama_mesa_banho,94.55000000000001
00c81b6675ef9ecaaff5fc1d6720b96c,2017-10-24 17:54:41+00:00,brasilia,DF,24.99,14.1,perfumaria,39.089999999999996
00c826c901ab01b6f598a8f0c9b56b82,2018-04-20 10:24:13+00:00,sao paulo,SP,79.0,13.91,papelaria,92.91
00c842d0ae6462afc1d38fc055b02c75,2017-11-08 17:36:48+00:00,rio de janeiro,RJ,59.9,17.67,ferramentas_jardim,77.57
00c8be06a8029e300dabd52c7d4c6ad2,2018-02-11 00:36:56+00:00,uruguaiana,RS,19.9,15.1,eletronicos,35.0
00c8bfbb0a1224dcdb0180a544247159,2018-05-06 21:33:24+00:00,cafelandia,SP,158.0,15.2,utilidades_domesticas,173.2
00c9474e0334f7a4ffc8c3a8bd21a51e,2018-05-04 19:19:10+00:00,cosmopolis,SP,1050.61,25.13,cama_mesa_banho,1075.74
00c95282163553a982f38481f9488481,2017-08-09 18:27:49+00:00,barra mansa,RJ,106.9,18.0,esporte_lazer,124.9
00c9d0257381c7e9ec13b4505f25b2cf,2018-04-18 08:57:18+00:00,sao paulo,SP,362.45,25.12,automotivo,387.57
00c9d9e61ed13f5bf2f0344da1aa4775,2017-02-24 13:13:49+00:00,maua,SP,44.55,11.74,moveis_decoracao,56.29
00c9f7d4b0e87781465e562dc109f6aa,2017-05-21 19:21:32+00:00,rio verde,GO,14.99,15.1,automotivo,30.09
00cb18db3d9c03f8386e7fc70cad2504,2017-07-12 00:06:51+00:00,sao paulo,SP,125.9,18.13,climatizacao,144.03
00cb9736c0b43d6c1e2fbb2b88e69f6a,2018-01-29 10:23:47+00:00,camaragibe,PE,99.9,26.84,automotivo,126.74000000000001
00ce92d57f4f9a112bdb8a2a283e5f97,2018-01-30 16:20:19+00:00,rio de janeiro,RJ,149.0,40.37,informatica_acessorios,189.37
00ceda91cb2ded8570ca73e70571740a,2018-02-06 10:46:53+00:00,curitiba,PR,19.9,14.1,moveis_decoracao,34.0
00cee8a4dbb042385cbbd84699e78b2e,2018-07-20 04:13:54+00:00,campinas,SP,59.9,9.17,instrumentos_musicais,69.07
00cf2b04c59f0ecaf822bf3f334d5c3b,2018-03-28 09:20:37+00:00,sao paulo,SP,320.0,14.68,relogios_presentes,334.68
00cf47526e0f7920b381b2baf4ecf1c7,2017-02-09 13:21:46+00:00,aracatuba,SP,59.9,14.59,informatica_acessorios,74.49
00cfabbe2a93b70beeec4894f86712a8,2017-06-10 07:56:30+00:00,palhoca,SC,29.99,15.11,moveis_decoracao,45.099999999999994
00d03eb3425f41a599ae2f788e23c07f,2017-02-17 17:46:42+00:00,salvador,BA,69.0,21.17,telefonia,90.17
00d0ff2017f9ea13dd7eec7470ca473a,2018-06-18 11:12:41+00:00,pederneiras,SP,56.0,18.69,beleza_saude,74.69
00d1289d5125017a90e528b5a7cee91f,2018-03-15 11:11:52+00:00,nova friburgo,RJ,160.0,19.0,beleza_saude,179.0
00d15ff0236872686e4899ed1ce680ad,2018-08-07 16:33:59+00:00,balneario camboriu,SC,57.95,22.34,esporte_lazer,80.29
00d1e381c0995f0bdb95909fe7434d0b,2018-03-24 16:14:47+00:00,sao paulo,SP,64.9,20.18,cama_mesa_banho,85.08000000000001
00d2559e61b9a0744a0552c35c5ecccb,2018-06-11 12:24:48+00:00,belo horizonte,MG,849.0,23.52,eletroportateis,872.52
00d29386638bbfd1331a2cd7ab91b5b5,2017-09-26 17:47:16+00:00,assis,SP,20.99,11.85,telefonia,32.839999999999996
00d4439957b7fd3f8da4a33a965817fb,2017-04-19 07:47:04+00:00,balsa nova,PR,19.45,14.52,pet_shop,33.97
00d50baf1bc56a3c59de1810a6b84b0d,2017-05-23 21:55:24+00:00,belo horizonte,MG,59.9,34.22,construcao_ferramentas_jardim,94.12
00d5fac7792747fba4b528f23930bebd,2018-03-06 11:33:17+00:00,sao paulo,SP,64.9,15.33,esporte_lazer,80.23
00d831d5c3ea03b7cd6f883ad799c7e4,2018-03-12 11:56:58+00:00,sao paulo,SP,128.9,9.26,beleza_saude,138.16
00d85bfe0e28c91b69d0fe1f29255a31,2018-05-09 10:52:37+00:00,barueri,SP,189.9,13.77,moveis_decoracao,203.67000000000002
00d88c00221ce96a1cfcaca9f2fceb3b,2018-03-06 23:02:01+00:00,volta redonda,RJ,250.0,97.56,moveis_decoracao,347.56
00d8d65b666158b633f96054d31af43b,2017-10-13 19:57:48+00:00,anapolis,GO,94.9,35.98,cool_stuff,130.88
00d94e8901b75ee0d6ef1f87f947b666,2017-05-01 14:11:11+00:00,arapiraca,AL,27.9,20.8,informatica_acessorios,48.7
00d9ac423c9ad6781c0ed04e87666691,2017-10-03 11:54:16+00:00,teresina,PI,349.9,29.3,beleza_saude,379.2
00dc6ad47477b3b62d3c0acbe98a82a4,2018-02-24 19:41:24+00:00,caruaru,PE,110.99,33.23,artes,144.22
00df27e666004db9f14bce766fa5327c,2017-11-18 11:44:56+00:00,sao paulo,SP,190.83,12.84,relogios_presentes,203.67000000000002
00dfb074b5c910fbd08e04691c4b712f,2017-06-08 19:43:35+00:00,suzano,SP,99.5,35.07,ferramentas_jardim,134.57
00e054d0da011d5016f31011af488f4f,2018-03-11 19:46:58+00:00,barueri,SP,104.0,14.82,esporte_lazer,118.82
00e0bac9f6306d8269770acf4ee4b027,2018-03-04 23:02:58+00:00,santa maria,RS,79.0,15.3,informatica_acessorios,94.3
00e1426d4c79f2e022570012c1ff57ed,2018-03-22 18:48:36+00:00,ribeirao das neves,MG,61.99,24.56,beleza_saude,86.55
00e1bdb3f1388c8ed222597ee4fa01e7,2017-05-15 22:41:31+00:00,cachoeirinha,RS,419.9,17.69,instrumentos_musicais,437.59
00e32e413e017e64ff93a9e800b8e1be,2018-04-30 09:14:50+00:00,sao paulo,SP,299.0,23.17,moveis_decoracao,322.17
00e365f4fc03d1098841af23d05c17a6,2018-08-20 09:40:45+00:00,cascavel,PR,175.0,19.33,relogios_presentes,194.32999999999998
00e4050fe32e786290a29c61141e979f,2017-08-12 12:24:41+00:00,contagem,MG,49.9,14.1,fashion_bolsas_e_acessorios,64.0
00e5b655df1cc911466758210325c67c,2017-07-07 14:20:36+00:00,pouso alegre,MG,44.9,11.85,brinquedos,56.75
00e63486fad9d24645c9c84ed77c15fa,2018-08-14 10:19:40+00:00,rio de janeiro,RJ,38.95,15.37,telefonia,54.32
00e6786fee8f476835c151a4d3fa9bf1,2018-03-10 01:01:15+00:00,porto alegre,RS,159.77,16.0,Unknown,175.77
00e6bc6b166eb28b4502c1cad4457248,2018-07-01 23:18:47+00:00,osasco,SP,132.9,19.03,relogios_presentes,151.93
00e7aeced1d61792368ec7bf8b967a90,2017-04-13 02:11:17+00:00,salvador,BA,36.85,21.85,beleza_saude,58.7
00e7ee1b050b8499577073aeb2a297a1,2017-05-16 15:05:35+00:00,franca,SP,124.99,21.88,moveis_escritorio,146.87
00ea33f994bec0bbfda582074083ae12,2018-06-23 04:04:48+00:00,lins,SP,94.99,13.33,telefonia,108.32
00ea690fe8c5eba029a3884243a02352,2017-11-25 01:49:52+00:00,joviania,GO,32.99,16.11,moveis_decoracao,49.1
00eb7b95af5ed25aaec66d4ff5295846,2018-01-04 14:19:02+00:00,dores do indaia,MG,89.9,17.07,perfumaria,106.97
00ec95a58b63378d4cc06d196cdefdf6,2017-12-24 14:17:08+00:00,sao paulo,SP,173.0,14.96,informatica_acessorios,187.96
00ed64bc080d87b4ab7f0c433bc5e98f,2017-05-30 18:18:36+00:00,rio de janeiro,RJ,44.9,16.11,Unknown,61.01
00eead1d5a799277ef3d6b387b0bebef,2018-08-27 18:45:54+00:00,andradina,SP,85.0,13.26,consoles_games,98.26
00eef7fe9e315a85d1a61a50cccb2494,2018-02-11 13:18:12+00:00,francisco morato,SP,49.9,13.37,ferramentas_jardim,63.269999999999996
00ef7ed06a55243f3e6a9d373a89eb14,2018-01-12 16:43:52+00:00,manaus,AM,54.99,21.18,brinquedos,76.17
00efb72d8e18533f736e86770705d094,2018-06-04 17:40:52+00:00,brasilia,DF,66.99,22.97,beleza_saude,89.96
00f1a34f176151c4dcbd802c244e1072,2018-08-16 15:21:03+00:00,sao paulo,SP,69.99,14.8,cama_mesa_banho,84.78999999999999
00f1bb0af030935db1745ee28367ea26,2018-08-06 23:19:06+00:00,cachoeiro de itapemirim,ES,268.9,19.98,relogios_presentes,288.88
00f1c7c1542f5f86c3091749d9e939d8,2017-12-15 23:25:04+00:00,para de minas,MG,84.99,16.35,perfumaria,101.34
00f1cc7439ccb8671133776d1829faf5,2017-11-22 22:07:04+00:00,rio claro,SP,34.99,9.34,brinquedos,44.33
00f251b943aba645652c7138e4716fee,2018-08-13 11:18:25+00:00,porto alegre,RS,77.9,23.35,casa_conforto,101.25
00f2a3509bd600bd1a06a48353788d93,2018-02-25 12:08:45+00:00,sao paulo,SP,38.4,9.27,eletrodomesticos,47.67
00f2c876aa08fbba04199823952e96c1,2017-04-06 10:21:23+00:00,rio de janeiro,RJ,69.0,17.22,utilidades_domesticas,86.22
00f324f6ec332cd73ef8be4888573662,2017-06-29 21:47:27+00:00,atibaia,SP,134.9,21.43,cama_mesa_banho,156.33
00f33ee62c15223679d3550e751c37cd,2017-11-25 16:17:29+00:00,brasilia,DF,39.5,15.11,cama_mesa_banho,54.61
00f426c7214575822c3cb44ea59ef0f6,2018-07-13 07:40:22+00:00,mari,PB,71.0,23.65,automotivo,94.65
00f57f2ccce2a2e3f393fe8f5e616e0d,2018-07-08 22:01:30+00:00,teresopolis,RJ,225.0,60.81,casa_construcao,285.81
00f5fbdc777e8198c1ee008122e28ae3,2017-07-29 17:43:24+00:00,santo antonio do planalto,RS,189.0,32.07,moveis_decoracao,221.07
00f621226c6f4e938348f6f3a71fdc62,2018-05-09 14:32:45+00:00,passos,MG,199.0,32.79,cool_stuff,231.79
00f6ac4816d12f49026b09f2aa77d15f,2018-08-06 17:17:40+00:00,campo mourao,PR,35.0,19.44,moveis_decoracao,54.44
00f6dbc6195397197ee147ee45607a2c,2017-05-01 17:23:57+00:00,jaboticabal,SP,49.9,14.52,telefonia,64.42
00f7c5b41250e0126ced62d612ff4711,2018-01-11 10:30:03+00:00,piripiri,PI,45.0,35.67,esporte_lazer,80.67
00f86b368251d739f1896d41469b2b7a,2018-08-17 23:15:06+00:00,passo fundo,RS,39.97,18.38,construcao_ferramentas_construcao,58.349999999999994
00f8fc0cb9d9b7813f1f54fbd75426f1,2018-01-22 10:45:15+00:00,mallet,PR,149.0,14.77,livros_interesse_geral,163.77
00f98eaeddb9debc8df8cb27e08216d4,2017-10-18 17:40:28+00:00,sao paulo,SP,51.6,9.34,perfumaria,60.94
00f9b0236a85fb8a06fbd9b9c53fddd8,2018-04-22 15:59:19+00:00,osasco,SP,146.9,19.72,beleza_saude,166.62
00f9b6769c6648ac08bf43081d1f2b07,2018-05-12 09:34:32+00:00,pindamonhangaba,SP,79.9,9.71,informatica_acessorios,89.61000000000001
00faa6afcde74aaa630e1d2fda2bb0f7,2018-08-01 13:24:27+00:00,sao gabriel da palha,ES,22.5,18.26,artigos_de_festas,40.760000000000005
00fb055886536063afa0dbee07a0944f,2017-05-24 09:04:32+00:00,rio de janeiro,RJ,11.9,16.79,brinquedos,28.689999999999998
00fb278a99144cc1004b3ed1452ff5e1,2017-03-05 09:31:07+00:00,ubatuba,SP,19.99,10.96,telefonia,30.95
00fbcd8b120e5706c58b9d1a0026a7da,2017-11-14 12:48:34+00:00,sao bento do sul,SC,7.9,16.11,informatica_acessorios,24.009999999999998
00fc308dd7f0937682698becaa9dcc45,2018-08-20 19:51:32+00:00,belo horizonte,MG,85.71,18.4,utilidades_domesticas,104.10999999999999
00fcf938cde49ae138942b632ed62393,2018-01-11 01:04:44+00:00,faxinal dos guedes,SC,29.5,20.84,cool_stuff,50.34
00fdb72e467da6f3b000b19b368a6cf6,2017-10-24 21:31:18+00:00,governador valadares,MG,18.25,17.6,utilidades_domesticas,35.85
00fe20fc069833ab95021b46d6862646,2018-04-25 21:35:14+00:00,rio de janeiro,RJ,142.0,8.02,relogios_presentes,150.02
00fed9e582d5a3e38566872eec164ac6,2017-09-26 14:49:01+00:00,santo antonio de padua,RJ,179.99,26.1,cama_mesa_banho,206.09
010061e3aa0c6ed5e393dda0652bbee8,2017-11-13 09:49:19+00:00,sao paulo,SP,299.0,10.29,perfumaria,309.29
01006620eb4732deec44be4b0d9e33cd,2017-10-14 21:34:35+00:00,rio de janeiro,RJ,126.99,18.14,cama_mesa_banho,145.13
010078e0913f48d014483bd856c01ca1,2017-11-26 14:52:03+00:00,sao paulo,SP,49.89,8.72,cama_mesa_banho,58.61
01015fb6493ea5b9ba105c80b5452da1,2018-01-09 21:01:41+00:00,sao paulo,SP,8.0,11.85,utilidades_domesticas,19.85
0101aea69a09e1aa32caa6dbaba98503,2018-05-26 13:07:51+00:00,rio de janeiro,RJ,84.0,10.9,casa_conforto,94.9
01029b44abe6e15c8df48b1b759ab437,2018-06-27 22:24:29+00:00,santos,SP,78.0,15.85,moveis_decoracao,93.85
0103878b7ed86b6ec873cfae01379472,2018-08-16 00:03:16+00:00,bonfim paulista,SP,229.99,35.37,cama_mesa_banho,265.36
01074135a88ffa5978eaadfc7f482f2b,2018-03-30 10:53:54+00:00,montalvania,MG,89.9,26.71,esporte_lazer,116.61000000000001
0108c64ec135e4a7a75e9b5102af9bfa,2018-01-29 08:26:22+00:00,campo grande,MS,165.0,28.53,utilidades_domesticas,193.53
0108fba93678555ad1cec9c267848187,2017-06-04 21:48:02+00:00,sao paulo,SP,199.0,20.12,esporte_lazer,219.12
01094e169d4b14edaf6954eeddb83633,2017-09-27 13:54:33+00:00,gurupi,TO,79.9,28.96,brinquedos,108.86000000000001
010a35dc7fc3808a03d243d2fd8c6e35,2017-12-16 18:02:38+00:00,guarulhos,SP,122.99,9.06,Unknown,132.04999999999998
010ab3b1993057e91f825c672375a66d,2017-02-20 08:19:21+00:00,rio de janeiro,RJ,139.9,15.15,relogios_presentes,155.05
010b0f6bd323a9effd095a743e660f26,2017-07-18 12:56:38+00:00,sao paulo,SP,27.99,8.72,telefonia,36.71
010b143d83a59b355cd5a75c0f0fd785,2017-08-30 23:28:35+00:00,ariquemes,RO,22.0,34.15,agro_industria_e_comercio,56.15
010c995323bc17d8156fbe2c37fed63e,2017-03-25 19:18:00+00:00,guapiacu,SP,42.0,14.12,eletronicos,56.12
010d14f76a229c295260e4ca4744acc7,2017-12-01 19:46:28+00:00,curitiba,PR,27.9,16.79,eletronicos,44.69
010d15deea8cae96ae86ea8097917a17,2018-04-05 15:04:05+00:00,fortaleza,CE,279.9,20.65,relogios_presentes,300.54999999999995
010d6db2f77220b394f147836c94f27b,2018-07-11 16:56:46+00:00,nova iguacu,RJ,14.9,15.23,consoles_games,30.130000000000003
010e04b5f879320f29a9bd6ca41abc94,2018-02-17 12:50:20+00:00,diadema,SP,104.0,15.48,industria_comercio_e_negocios,119.48
010e7dda85fff564e8b7076ae3928efb,2017-11-27 14:26:40+00:00,belo horizonte,MG,49.0,17.67,ferramentas_jardim,66.67
010ef5b0279d7512e7343cb775e423c0,2018-04-17 11:28:08+00:00,barueri,SP,59.9,14.51,automotivo,74.41
010efe60bdadc9261d1902f3c1dda5f3,2018-06-07 16:46:09+00:00,entre rios de minas,MG,110.0,18.65,informatica_acessorios,128.65
010f223ddbec749e95ef3f5414f9c4ee,2018-06-08 18:57:42+00:00,brasilia,DF,79.0,18.43,relogios_presentes,97.43
010fadb12341d8253d920362fc8f7a16,2018-02-09 17:28:05+00:00,santana de parnaiba,SP,39.9,14.1,malas_acessorios,54.0
010ff1cfe12f3094577e72b7bcecdf98,2017-10-11 23:05:00+00:00,sao jose do rio preto,SP,249.0,13.24,consoles_games,262.24
0110688c40ff035d672af3aac1f38f10,2018-02-01 14:20:22+00:00,rio de janeiro,RJ,379.0,79.94,moveis_cozinha_area_de_servico_jantar_e_jardim,458.94
011080783e02d05b26c8c158b3653a42,2018-06-14 15:22:53+00:00,guaratingueta,SP,33.9,13.82,Unknown,47.72
011105c3b5b8693eda1bfb1f152cec2a,2017-07-31 13:45:07+00:00,nova laranjeiras,PR,208.1,43.49,automotivo,251.59
011108c8a3d6eee6807f48a2e639439f,2017-04-25 17:25:23+00:00,ferraz de vasconcelos,SP,593.36,98.13,Unknown,691.49
01115c06246220def210911556bdc0e5,2018-03-14 09:20:38+00:00,belo horizonte,MG,52.5,19.34,cama_mesa_banho,71.84
011331376a4c6cc7a9e5bc165ec169d0,2017-06-23 13:03:34+00:00,suzano,SP,66.0,78.63,beleza_saude,144.63
011375f941b3695c3c3ee58bfe0d3655,2017-09-23 17:59:17+00:00,petropolis,RJ,127.48,16.81,automotivo,144.29
0113affd907a209209ab08413bb54226,2018-07-09 20:46:49+00:00,araguaina,TO,122.99,63.11,beleza_saude,186.1
0113c9989fe6e5007795daec0633b405,2018-06-25 13:18:44+00:00,sao paulo,SP,49.0,15.44,esporte_lazer,64.44
011405ae7b89def8ffb3468eb29c299d,2018-05-04 13:39:26+00:00,embu-guacu,SP,29.99,7.87,automotivo,37.86
01144cadcf64b6427f0a6580a3033220,2018-02-03 00:01:19+00:00,viradouro,SP,59.9,24.7,beleza_saude,84.6
01144cadcf64b6427f0a6580a3033220,2018-02-03 00:01:19+00:00,viradouro,SP,62.0,24.7,beleza_saude,86.7
0114835d7f0b3f674b70a989411e31c1,2017-08-31 16:17:50+00:00,sao paulo,SP,102.0,10.13,beleza_saude,112.13
01156b662f3f47b249b5a8881d205f08,2017-09-13 20:36:57+00:00,alvorada,RS,27.9,15.1,eletronicos,43.0
0115abf6b892040abfdd5bdfcb6b2c51,2017-04-20 12:32:37+00:00,sao paulo,SP,196.0,11.98,informatica_acessorios,207.98
0115d160c5fbd758a139ff90821db60d,2017-08-29 19:14:43+00:00,patos de minas,MG,389.0,22.63,construcao_ferramentas_construcao,411.63
0115f8bb1dc16d3fac863ce1deb037b6,2017-06-30 19:13:15+00:00,indaiatuba,SP,119.99,16.47,cama_mesa_banho,136.45999999999998
011667ae100a333a3051c9a23e3f0283,2017-11-29 10:42:47+00:00,contagem,MG,27.99,14.1,telefonia,42.089999999999996
011724d1afbd91844302627f79a66800,2018-08-09 18:32:00+00:00,carapicuiba,SP,54.99,14.7,cama_mesa_banho,69.69
0119e98feb97441cb456c010c25b04ff,2018-01-22 11:52:53+00:00,belo horizonte,MG,88.9,16.06,informatica_acessorios,104.96000000000001
011a43bc9bb525517251ebb3ebc99b69,2018-04-25 18:15:05+00:00,sao paulo,SP,899.0,21.2,cama_mesa_banho,920.2
011a56023faf5bbb9af634e20a85f7bc,2017-05-10 06:54:05+00:00,montes claros,MG,120.0,17.28,ferramentas_jardim,137.28
011abf147a69ba486bae3a74b6cd1814,2017-05-12 11:19:47+00:00,brasilia,DF,279.99,16.72,brinquedos,296.71000000000004
011af0959ebf2b09a062867811dc63b5,2017-08-06 17:35:16+00:00,sao paulo,SP,59.0,15.16,utilidades_domesticas,74.16
011b142c9e082a5c1d10e0a88cd9c8e8,2018-03-23 11:43:13+00:00,sao luis,MA,243.37,53.83,perfumaria,297.2
011b8dd4f8c36fd4fcf50643ce91d58a,2017-07-07 22:00:51+00:00,sao paulo,SP,249.48,16.5,relogios_presentes,265.98
011bf86f1b7dacebda2c874333cf656b,2018-03-09 19:44:33+00:00,camboriu,SC,35.0,19.32,moveis_decoracao,54.32
011c899816ea29773525bd3322dbb6aa,2018-04-30 15:02:34+00:00,niteroi,RJ,99.9,0.0,relogios_presentes,99.9
011e6e76dd0cd56d26b5b0cb036e80a8,2018-04-08 17:34:16+00:00,sao jose dos campos,SP,14.99,8.29,informatica_acessorios,23.28
011f9dff2545a2cf8ac1809faed3ec88,2017-08-01 19:00:07+00:00,belo horizonte,MG,109.73,16.53,cama_mesa_banho,126.26
011fcb4fabb3e142579ad63472b11227,2018-02-10 10:45:57+00:00,niteroi,RJ,9.0,14.1,eletronicos,23.1
0120e3dd2696a3bbb68dc2860815f7f2,2018-03-26 11:47:03+00:00,rio de janeiro,RJ,239.0,19.25,eletroportateis,258.25
01218a8a807fc187849529e6f12237a9,2017-10-22 23:06:06+00:00,pinhais,PR,13.99,16.11,informatica_acessorios,30.1
0121cfa7c946e6589f50d7012d3eb5eb,2017-08-30 11:47:28+00:00,lins,SP,29.99,16.79,bebes,46.78
012219b6d6d034eb359fc74730a080db,2018-05-10 00:18:33+00:00,teofilo otoni,MG,189.99,27.41,brinquedos,217.4
012248555cb0bf51df99199cef81d562,2018-02-01 17:31:00+00:00,salvador,BA,55.0,15.83,relogios_presentes,70.83
0122e81ff800460e44bb9c983ff2a2fd,2018-03-16 11:58:58+00:00,curitiba,PR,58.99,15.29,eletronicos,74.28
0123098b96f3d4014545642be53d891c,2017-08-15 11:02:55+00:00,cotia,SP,99.9,17.18,moveis_decoracao,117.08000000000001
01235dc626dcf13283207ba7f36a959a,2018-07-24 09:57:43+00:00,sao paulo,SP,25.99,5.31,bebes,31.299999999999997
01235dc626dcf13283207ba7f36a959a,2018-07-24 09:57:43+00:00,sao paulo,SP,25.99,9.57,bebes,35.56
01237c761ffb72594a466ed514518af0,2018-07-05 22:40:15+00:00,belo horizonte,MG,107.9,18.56,automotivo,126.46000000000001
0123a055aa66357326dd6db066592a7d,2018-04-24 14:11:16+00:00,sao jose do rio preto,SP,53.9,33.93,ferramentas_jardim,87.83
0124e0c5bfae1979838a91e47df53f14,2018-02-08 15:31:37+00:00,sao jose do rio preto,SP,49.9,12.48,ferramentas_jardim,62.379999999999995
0124f01177fc17cf20e1974621fd759a,2017-05-13 14:03:25+00:00,castilho,SP,185.81,17.06,informatica_acessorios,202.87
01255808a3d38a8dd69aa93265a4cb88,2018-01-22 12:01:23+00:00,contagem,MG,501.9,17.26,fashion_bolsas_e_acessorios,519.16
012670c73246a753cbde0a215c2b9e8f,2018-03-02 19:01:27+00:00,rio de janeiro,RJ,97.9,16.94,eletronicos,114.84
0128412231f9fe9d7e944eea5392fc6b,2018-08-22 15:38:10+00:00,santo andre,SP,76.0,18.83,esporte_lazer,94.83
012973f4cb6743d00d7e2644ddc8804c,2017-01-27 22:02:29+00:00,sao paulo,SP,15.32,18.0,alimentos,33.32
012a238ab54294a3b365812ccc82b135,2017-09-07 18:21:44+00:00,campinas,SP,45.9,12.65,moveis_decoracao,58.55
012a238ab54294a3b365812ccc82b135,2017-09-07 18:21:44+00:00,campinas,SP,45.9,12.71,moveis_decoracao,58.61
012b3f6ab7776a8ab3443a4ad7bef2e6,2018-05-04 21:18:05+00:00,cachoeiro de itapemirim,ES,53.9,0.0,ferramentas_jardim,53.9
012bea13f9a355c983efb59a3f23583a,2017-11-24 16:17:39+00:00,sao vendelino,RS,21.99,15.1,telefonia,37.089999999999996
012d8cbea490e6102cee6a2088aaa785,2017-10-19 21:07:15+00:00,sao gabriel,RS,83.9,28.99,malas_acessorios,112.89
012dc9e42da722d22e32c618a2521bec,2018-04-04 14:19:18+00:00,hortolandia,SP,49.99,8.88,malas_acessorios,58.870000000000005
012e93f8170eb75b2f2f650629d04517,2018-02-01 23:27:28+00:00,vitoria,ES,50.0,15.1,fashion_bolsas_e_acessorios,65.1
012ea594e035047289b3e7c3f8b90cef,2018-05-03 21:10:55+00:00,sao paulo,SP,61.2,11.15,moveis_decoracao,72.35000000000001
012eab2625c5f8aaac6f37f2c19ef62f,2017-11-04 00:38:14+00:00,rio de janeiro,RJ,81.9,15.32,construcao_ferramentas_seguranca,97.22
012f255bd5034b8e7fb3c91566a91cc8,2017-10-06 09:42:12+00:00,botucatu,SP,79.9,12.9,cama_mesa_banho,92.80000000000001
012f29911fcd2f1209d937741a6bbc6f,2017-05-16 15:39:55+00:00,piumhii,MG,27.99,14.08,Unknown,42.07
012f2c4ca09b101a73e18957c3294cd6,2017-05-07 22:23:30+00:00,mogi das cruzes,SP,1820.0,81.62,ferramentas_jardim,1901.62
013037c3f1773cc8fdbaf8ff54d8013b,2017-03-28 15:15:18+00:00,candido mota,SP,15.99,14.52,utilidades_domesticas,30.509999999999998
013056cfe49763c6f66bda03396c5ee3,2018-02-14 12:48:24+00:00,sao paulo,SP,240.0,14.7,esporte_lazer,254.7
01311f2795d8463a11f9422173687696,2017-10-25 16:10:01+00:00,rio de janeiro,RJ,89.99,38.47,ferramentas_jardim,128.45999999999998
0132158c30672a8c52997a2492613ec2,2017-03-13 23:23:23+00:00,rio de janeiro,RJ,399.9,13.41,perfumaria,413.31
0132451f29a10b66a5cf1bacc85f9afe,2017-11-08 17:08:56+00:00,sao goncalo,RJ,89.9,17.88,cama_mesa_banho,107.78
0132d77609dd6e1867515ec57d898c10,2017-09-27 01:15:38+00:00,sao luis,MA,78.0,21.35,moveis_decoracao,99.35
0132f39e8ad9b42ad2d41c847f44c0ed,2018-07-05 14:49:56+00:00,sao paulo,SP,28.8,8.36,beleza_saude,37.16
0132fef017ccf586491ca3685de667df,2018-06-06 08:51:20+00:00,santa barbara d'oeste,SP,67.99,8.88,informatica_acessorios,76.86999999999999
01336d091c57d8be1feca330c5f047bd,2017-06-19 20:08:40+00:00,belo horizonte,MG,65.0,25.73,esporte_lazer,90.73
0133a47b53fee66218790a8d7dcab993,2018-04-20 19:05:03+00:00,porto alegre,RS,89.99,18.21,cool_stuff,108.19999999999999
0135675503322d804abef7ec5ed4824b,2017-10-22 19:23:17+00:00,morro reuter,RS,104.99,17.98,beleza_saude,122.97
01358622f65717728b3b2ec2cf4e8812,2017-10-28 22:00:08+00:00,sao paulo,SP,13.99,7.78,perfumaria,21.77
0136390286be8a34efdc801ed150568f,2017-07-16 12:26:05+00:00,sao caetano do sul,SP,3.49,16.79,automotivo,20.28
0136bcc7370d7fdf44bd916a6dd583c6,2018-05-20 19:31:30+00:00,sao paulo,SP,29.99,16.32,brinquedos,46.31
01380d0df5b7dc8bd13f2266a57bd42c,2017-04-17 19:32:46+00:00,piracicaba,SP,16.9,10.96,ferramentas_jardim,27.86
013a98b3a668bcef05b98898177f6923,2018-08-11 23:17:37+00:00,mendes,RJ,63.0,23.35,cama_mesa_banho,86.35
013a98b3a668bcef05b98898177f6923,2018-08-11 23:17:37+00:00,mendes,RJ,89.0,23.35,cama_mesa_banho,112.35
013aa6ba5077072401773f83f1ee6408,2018-07-25 11:31:15+00:00,joinville,SC,159.0,19.21,beleza_saude,178.21
013b811ba81339b7634ab5231c547e6a,2017-10-24 22:31:05+00:00,contagem,MG,99.99,16.95,brinquedos,116.94
013bc5ce14f856d31efc8bebdc3a278f,2017-02-06 19:12:50+00:00,sao paulo,SP,23.89,8.72,beleza_saude,32.61
013bc77d3ca5fba084a241fdcb307393,2018-01-17 00:23:17+00:00,porto alegre,RS,21.99,15.1,cama_mesa_banho,37.089999999999996
013d92e415d1de7bf3b3b706f1b6d292,2018-01-25 13:53:06+00:00,sao francisco do sul,SC,188.0,16.07,cool_stuff,204.07
01405161cfdf60dd80df1f393a2796d5,2018-08-09 21:16:21+00:00,sao paulo,SP,59.9,14.73,cama_mesa_banho,74.63
014176e9538672a32d2a9b73bf53a31f,2017-12-01 11:01:28+00:00,ouro fino,MG,139.9,16.74,brinquedos,156.64000000000001
01422b2c3c27fa3bc464e72eaed9676b,2018-04-09 10:11:17+00:00,macae,RJ,28.49,18.23,automotivo,46.72
01428962dce3b65e5433eaeb16c0f48f,2017-07-13 14:39:29+00:00,passo fundo,RS,154.91,46.67,informatica_acessorios,201.57999999999998
0143924743f240e1fdcd6a8918fbe147,2017-07-18 17:52:06+00:00,guarulhos,SP,99.99,11.9,cool_stuff,111.89
014405982914c2cde2796ddcf0b8703d,2017-07-26 17:38:47+00:00,mesquita,RJ,27.9,3.81,perfumaria,31.709999999999997
014405982914c2cde2796ddcf0b8703d,2017-07-26 17:38:47+00:00,mesquita,RJ,21.33,25.39,esporte_lazer,46.72
01442602b15d4127a84ca6ac1507ee2d,2018-07-29 14:13:19+00:00,vila velha,ES,504.0,19.72,relogios_presentes,523.72
01443cd06ea8bce82c554a46f307459f,2018-01-03 10:43:02+00:00,rio de janeiro,RJ,25.0,14.1,cama_mesa_banho,39.1
014872cb0c4fc7695c70484966baa65c,2018-03-09 17:31:31+00:00,belo horizonte,MG,54.9,23.31,utilidades_domesticas,78.21
01490a4bdacbafe6de009b317a0c8bf6,2018-06-12 13:46:53+00:00,niteroi,RJ,127.45,23.69,cama_mesa_banho,151.14000000000001
0149c597dcc0963d7315f904495b631c,2018-04-26 00:35:14+00:00,embu-guacu,SP,29.0,8.88,eletrodomesticos,37.88
014a0793ab3d930d6f3b206cee474af4,2018-06-24 22:49:54+00:00,rio de janeiro,RJ,19.9,18.24,informatica_acessorios,38.14
014ac3cfd0e55bdc2cdd12aa181b00cb,2018-08-05 09:19:13+00:00,sao paulo,SP,135.0,23.75,bebes,158.75
014bd8ca0827935402ac39f2751b2fcd,2018-05-09 12:47:39+00:00,sao paulo,SP,119.9,15.72,perfumaria,135.62
014e36af18c280a94d880a16b2f00713,2017-11-01 18:14:32+00:00,uberaba,MG,30.0,12.69,informatica_acessorios,42.69
014e78d1239f19fdcafd760d3e52f923,2018-01-26 10:45:35+00:00,porto alegre,RS,14.4,14.1,eletronicos,28.5
014e7d12255fc66b5ea5e6c93eb4be7b,2018-01-26 10:54:11+00:00,rio de janeiro,RJ,79.99,14.31,cama_mesa_banho,94.3
014f1e63f9bd4f5578edcf4e5c305a0a,2017-04-09 20:17:53+00:00,lagoa santa,MG,129.9,18.34,informatica_acessorios,148.24
014fc889637133d9075190ba873dfc03,2018-01-18 14:36:40+00:00,sao paulo,SP,37.99,7.78,telefonia,45.77
014ffbfe2df4c96a2b063d084583978f,2017-11-23 22:36:25+00:00,barueri,SP,79.0,15.3,relogios_presentes,94.3
0150004d4d8eb63f9948de164da34e34,2018-05-15 15:13:06+00:00,sao paulo,SP,219.9,20.51,papelaria,240.41
01500f2503fa84279982d9d87750021a,2017-09-09 20:02:13+00:00,campinas,SP,19.9,12.69,relogios_presentes,32.589999999999996
015183dcb37f19e0456905fa5aac0b69,2017-03-06 09:23:13+00:00,sao paulo,SP,169.0,20.09,automotivo,189.09
015183dcb37f19e0456905fa5aac0b69,2017-03-06 09:23:13+00:00,sao paulo,SP,147.9,16.71,automotivo,164.61
0152de20f6e09fb1133847df8babd490,2018-08-07 22:42:13+00:00,sao paulo,SP,211.05,14.14,telefonia,225.19
0152f10d04554388634b75f079f069fc,2017-09-17 09:58:40+00:00,sao paulo,SP,610.0,37.54,cool_stuff,647.54
015975a1ff4fdab8ae6f42eaaffd39fb,2018-01-09 20:58:34+00:00,piacabucu,AL,129.0,38.45,papelaria,167.45
0159b449009b3f8748ed7c56e9d84afe,2017-12-26 13:38:48+00:00,guarulhos,SP,16.0,7.78,beleza_saude,23.78
0159c6355a4e32f6ac68d838e2228150,2018-06-15 13:41:08+00:00,santana de parnaiba,SP,189.0,53.11,moveis_cozinha_area_de_servico_jantar_e_jardim,242.11
015a7c64361928a0782ec0e705174b6d,2018-06-17 19:54:47+00:00,liberato salzano,RS,12.99,18.23,telefonia,31.22
015dd4d6681d1d15c0afebef64a0a092,2017-11-07 21:29:02+00:00,sao paulo,SP,109.9,11.97,bebes,121.87
015e051dbb2407d4bd305635e46b732f,2018-07-30 19:05:20+00:00,brasilia,DF,29.0,15.3,relogios_presentes,44.3
015e6682b50c824bfdab6b866f937936,2018-01-23 16:03:56+00:00,sao paulo,SP,159.9,8.37,cool_stuff,168.27
015ed18d7ea7ca5c14f3c1decc55daf1,2018-05-24 12:31:24+00:00,sao paulo,SP,59.9,9.26,cama_mesa_banho,69.16
015f079801c424fda3edc48be99267de,2017-04-06 21:55:36+00:00,hidrolandia,CE,292.9,26.54,perfumaria,319.44
015fb6b5f739788434fa690540f90f19,2017-01-31 13:06:05+00:00,sapucaia do sul,RS,143.0,94.98,moveis_escritorio,237.98000000000002
01614e3e58906ab6c7e2f27e9b349f1a,2017-10-02 20:49:29+00:00,santos,SP,52.9,9.09,utilidades_domesticas,61.989999999999995
0161962c6c561d3acfaa3e2db9a14f96,2017-09-12 13:29:37+00:00,birigui,SP,99.9,25.54,moveis_decoracao,125.44
01625f404436eb3cb98cba1e9433db29,2017-06-08 08:52:08+00:00,joao pessoa,PB,49.0,34.15,telefonia,83.15
01633cfec0376ac9f2606e271ede5574,2017-02-23 12:10:14+00:00,coribe,BA,99.9,24.9,moveis_decoracao,124.80000000000001
01643942766bdec224d5593041f714e6,2017-08-05 00:17:35+00:00,brasilia,DF,32.5,15.1,informatica_acessorios,47.6
016495aaab3fb481dc9decab2b4fdbfb,2017-11-19 17:51:15+00:00,hortolandia,SP,15.0,7.78,livros_interesse_geral,22.78
01667048de265bad400b945f29b52526,2017-07-01 12:25:09+00:00,coronel fabriciano,MG,230.0,16.36,casa_conforto,246.36
0166ae6ff6d450bbac3eb4ed2885c0f8,2018-06-21 13:30:54+00:00,sao paulo,SP,79.99,9.76,moveis_decoracao,89.75
016726239765c18f66826453f39c64e3,2017-06-14 09:16:44+00:00,sao paulo,SP,219.99,15.14,cama_mesa_banho,235.13
016754282c7690ebd6658f9f8e0a49bb,2017-06-06 12:35:13+00:00,sao paulo,SP,59.99,7.78,beleza_saude,67.77
01677846a819fff5fc22d43d61e58367,2018-05-03 10:12:15+00:00,rio de janeiro,RJ,120.0,7.87,esporte_lazer,127.87
0167c361757c75999575cfdd8f8695f5,2018-03-15 11:46:10+00:00,rio de janeiro,RJ,139.0,23.55,cama_mesa_banho,162.55
0168a7f186c1f066748d15d8c51f489a,2017-05-13 18:14:49+00:00,suzano,SP,149.9,8.3,utilidades_domesticas,158.20000000000002
01699d74ff89d35f15093f83d7783c39,2018-04-18 16:37:26+00:00,juiz de fora,MG,139.0,22.68,pet_shop,161.68
016a6dbc80aea6e2d217d2bedbc7b59e,2017-04-13 01:39:11+00:00,guaruja,SP,99.99,12.09,cool_stuff,112.08
016a938f2b34aa5ef05027fc83f5b81b,2018-01-23 21:47:21+00:00,rio de janeiro,RJ,299.0,22.58,eletroportateis,321.58
016b1af508245e59ef75d83e3fe20a92,2017-04-06 17:19:53+00:00,roncador,PR,129.99,17.65,cool_stuff,147.64000000000001
016b451bbcd4f0766dcbeb082cfe89db,2018-01-09 11:25:46+00:00,porto alegre,RS,379.0,36.96,moveis_cozinha_area_de_servico_jantar_e_jardim,415.96
016befe103ce7c9e5b1b7ef359777eea,2017-09-03 10:11:52+00:00,sao bento do sapucai,SP,49.0,11.85,relogios_presentes,60.85
016c6bb57a9de6b4e8f938fa6dde61b3,2017-11-27 09:27:08+00:00,frederico westphalen,RS,129.9,16.67,papelaria,146.57
016d1bdf6efab4f6b805df1c03043113,2017-10-04 20:26:53+00:00,sao luis,MA,36.9,34.15,informatica_acessorios,71.05
016dee69b3de35a39bfccee5309307c3,2017-01-14 16:35:59+00:00,passos,MG,45.0,17.19,moveis_decoracao,62.19
016e4acfc34b9f2abc69795f47c92f0e,2017-09-15 13:53:55+00:00,sao paulo,SP,45.0,7.78,telefonia,52.78
016f868b096c236312e8bcb818ccd11d,2018-01-27 19:24:57+00:00,mogi mirim,SP,29.99,7.78,cool_stuff,37.769999999999996
016fbc333d66b414be541c6159576c40,2018-05-30 18:09:10+00:00,rio de janeiro,RJ,84.9,18.52,esporte_lazer,103.42
016ff85737c2072ab00a705cd8f87799,2018-01-02 11:12:14+00:00,brasilia,DF,75.0,20.02,moveis_decoracao,95.02
0170e40334131d971605ae70efb33e4f,2018-07-18 07:17:35+00:00,ipora do oeste,SC,19.0,18.23,informatica_acessorios,37.230000000000004
0170fdd7ac7c7bbad5308207bd25a679,2017-07-04 17:46:16+00:00,cotia,SP,34.99,7.78,telefonia_fixa,42.77
0171835bbc71bcfacc26e9f59d56b62c,2017-06-24 10:52:28+00:00,rio de janeiro,RJ,59.9,21.26,utilidades_domesticas,81.16
01719300f9ca182b8361556a3873d8ed,2017-08-28 10:15:59+00:00,feliz,RS,85.9,17.85,cama_mesa_banho,103.75
0171ca1dc94d8ebde8bbd3b686f44c41,2018-04-27 19:50:37+00:00,sao paulo,SP,64.9,19.42,moveis_decoracao,84.32000000000001
01721e0729fcb75ab238248fdbb48eeb,2018-03-19 13:31:24+00:00,sao jose,SC,219.0,24.11,relogios_presentes,243.11
01725657be56c432d5aaa2f914ae2c56,2017-10-17 08:52:14+00:00,rio de janeiro,RJ,138.0,25.81,utilidades_domesticas,163.81
0173932ad60ecb31c620fc523d9f40bd,2017-10-17 15:25:12+00:00,vassouras,RJ,30.9,15.1,utilidades_domesticas,46.0
0173e291db71c3e688829f7f03e2d34a,2017-07-07 00:29:18+00:00,itapema,SC,31.9,16.79,informatica_acessorios,48.69
017499de14d22ef9e9a83ca54727480e,2017-07-11 15:58:41+00:00,curitibanos,SC,71.0,10.7,utilidades_domesticas,81.7
017499de14d22ef9e9a83ca54727480e,2017-07-11 15:58:41+00:00,curitibanos,SC,101.0,26.75,utilidades_domesticas,127.75
0176a6846bcb3b0d3aa3116a9a768597,2017-12-25 10:40:52+00:00,sao paulo,SP,45.9,7.78,esporte_lazer,53.68
0176d7e16d1bd14cde42d9d3a24e525b,2017-08-15 20:57:47+00:00,cruzeiro,SP,35.0,16.11,informatica_acessorios,51.11
0176e50f3853fa068127afa3daff6402,2017-12-14 16:45:18+00:00,frederico westphalen,RS,59.9,15.17,cama_mesa_banho,75.07
01786fff06f2f7e8a83950c4b3b424ea,2017-12-16 12:04:31+00:00,campinas,SP,59.9,9.34,informatica_acessorios,69.24
01787af385123b93ba50c5f05530ee12,2018-05-15 17:33:50+00:00,sao paulo,SP,49.8,7.39,cine_foto,57.19
0178ff2480e2e8fb84d456dd3dc3d777,2018-03-25 13:48:39+00:00,sao paulo,SP,7.5,7.39,beleza_saude,14.89
0179a3003c894f1dd3b1ddda5d1f8a12,2017-05-23 16:23:30+00:00,aguas formosas,MG,89.9,15.33,casa_conforto,105.23
0179a3003c894f1dd3b1ddda5d1f8a12,2017-05-23 16:23:30+00:00,aguas formosas,MG,76.9,15.34,casa_conforto,92.24000000000001
017b11be3048fdfb58e63edc5fc8f4b8,2018-06-14 23:39:06+00:00,goiania,GO,24.99,15.28,informatica_acessorios,40.269999999999996
017b1d6881222283afdc50baf3dcb0d5,2018-03-06 22:33:02+00:00,general salgado,SP,69.9,17.4,moveis_decoracao,87.30000000000001
017b84f6bee0e4287eb8a8c9f5df549e,2018-02-14 00:50:56+00:00,cuite,PB,29.99,34.15,telefonia,64.14
017c16deefc1868a33a5966485ea4721,2017-11-18 20:23:35+00:00,porto alegre,RS,234.9,16.39,beleza_saude,251.29000000000002
017c9c82265e832840e4209750680e94,2018-03-05 18:13:17+00:00,macae,RJ,159.9,25.96,climatizacao,185.86
017cf0b342401318dcaeb25478e13a6f,2017-12-30 02:09:39+00:00,sao goncalo,RJ,49.9,17.6,ferramentas_jardim,67.5
017dcb6892d4469a13dee34f241f8c4e,2017-11-12 20:17:40+00:00,sao paulo,SP,24.9,9.09,cama_mesa_banho,33.989999999999995
0180ebc47853bfc5997af28f5a7e8849,2017-03-16 16:29:32+00:00,sao vicente,SP,162.0,11.74,alimentos,173.74
0181409c6498f79e161dde79c2a7dc59,2018-08-01 15:05:14+00:00,rio de janeiro,RJ,43.9,18.41,esporte_lazer,62.31
01825d0debce07b6502f4aff38a00e69,2018-07-11 10:46:20+00:00,coronel joao sa,BA,189.0,23.25,cama_mesa_banho,212.25
0182f6cbb4fb10918a76485fc92d7c49,2017-11-25 00:40:11+00:00,sao paulo,SP,14.9,15.1,moveis_decoracao,30.0
01835ef41c5ac66dd9ec6084fa1d0533,2017-05-11 21:36:10+00:00,campos dos goytacazes,RJ,56.99,15.15,perfumaria,72.14
0184d4ddb259e1a4cfc2871888cf97b8,2017-09-01 20:04:28+00:00,araraquara,SP,75.0,16.16,utilidades_domesticas,91.16
01855f880aae9a984c7c33b26fcf2e02,2017-10-19 15:08:48+00:00,sao paulo,SP,39.49,8.27,beleza_saude,47.760000000000005
018778568fad26695334c784563c08d4,2017-10-15 13:21:57+00:00,niteroi,RJ,44.9,15.11,cool_stuff,60.01
01882618ede11253381513166b49429e,2018-06-24 10:53:21+00:00,antonio carlos,MG,29.9,18.31,eletrodomesticos,48.209999999999994
0188777fe321843a18be24a6e9aa1e53,2017-07-23 16:13:37+00:00,duque de caxias,RJ,55.9,9.94,cool_stuff,65.84
0188ca1fe398161f0f310fec985ac155,2018-06-28 10:56:25+00:00,boituva,SP,66.0,43.4,automotivo,109.4
018bb1508d9156b81990407b91fb35a8,2018-08-15 21:27:41+00:00,caieiras,SP,139.9,9.09,esporte_lazer,148.99
018bb1508d9156b81990407b91fb35a8,2018-08-15 21:27:41+00:00,caieiras,SP,139.9,29.07,esporte_lazer,168.97
018cb6a10649393055c272ba2984e8bb,2018-04-03 18:28:35+00:00,rio verde,GO,56.8,18.28,beleza_saude,75.08
018fb228a3dd1a16349e73d2e41b239d,2018-01-13 15:59:39+00:00,sao paulo,SP,190.9,17.1,informatica_acessorios,208.0
01908071e35fdc75bc0d7764f153abc2,2017-10-25 20:49:59+00:00,sao luis,MA,89.0,25.65,fashion_bolsas_e_acessorios,114.65
0190e75feb05f78ccb1b56853ca4f6cb,2017-11-24 20:14:55+00:00,carmo do cajuru,MG,129.9,38.46,perfumaria,168.36
0191b6a5a70bcbc6cdd39427f216602e,2018-08-22 09:40:25+00:00,sao goncalo,RJ,139.9,27.96,papelaria,167.86
0191bbb5166d4b9a68df11797d5acfa9,2017-08-10 12:17:35+00:00,sao leopoldo,RS,132.9,20.17,cool_stuff,153.07
0191ee5deb2474bc1f4189fa709289b2,2018-06-16 12:55:53+00:00,florianopolis,SC,359.98,85.59,automotivo,445.57000000000005
0193517cd10a54473b6fd8392b58313f,2018-06-15 20:02:54+00:00,terra nova,PE,209.99,57.94,cool_stuff,267.93
0193a99edc8c599aaa16f9b9e991efb8,2018-07-29 07:27:26+00:00,presidente prudente,SP,154.9,15.39,livros_interesse_geral,170.29000000000002
019440e41e276668d99d996d5d1a22c1,2018-06-12 23:05:15+00:00,areias,SP,44.0,12.97,informatica_acessorios,56.97
0194686a55eb0a869321fb107f4d114a,2018-05-22 15:15:50+00:00,itabira,MG,195.0,14.49,informatica_acessorios,209.49
01946da9e2db8bab61d79296c037ee1f,2018-01-06 17:48:40+00:00,rio de janeiro,RJ,97.9,16.94,eletronicos,114.84
019536ad39a0dea8bb75c00359a0386b,2017-09-01 22:51:17+00:00,santa luzia,PB,49.9,35.67,moveis_decoracao,85.57
019543c0de8386be97738b589ee695aa,2018-05-27 17:10:25+00:00,santo andre,SP,579.99,16.96,construcao_ferramentas_construcao,596.95
019636907d07b2433be000d9d6bed153,2017-11-16 15:55:19+00:00,embu das artes,SP,59.99,12.76,cama_mesa_banho,72.75
01978b8bae8292ffb4cee6abdf9b9089,2017-12-08 11:29:00+00:00,brasilia,DF,42.9,15.1,perfumaria,58.0
0197cb265e2c84b9f89dfd784095d2f6,2017-12-21 20:55:24+00:00,campo grande,MS,320.0,58.91,moveis_decoracao,378.90999999999997
019886de8f385a39b75bedbb726fd4ef,2018-02-10 12:52:51+00:00,campo grande,MS,159.9,28.5,utilidades_domesticas,188.4
01988bf5b8acbc4d6ced86e4d47fcb1a,2018-01-02 22:04:57+00:00,porto alegre,RS,133.9,29.34,informatica_acessorios,163.24
0198c71148c2e08c7c52b860f640fa4e,2018-05-08 06:34:07+00:00,sao paulo,SP,148.0,15.13,esporte_lazer,163.13
0198e0de42189b3941d46857a87fac91,2017-11-04 12:33:53+00:00,sao bernardo do campo,SP,56.99,8.72,perfumaria,65.71000000000001
0199115a1cbfc272c5bd53117772a64a,2018-03-22 17:07:11+00:00,sao paulo,SP,47.65,7.39,beleza_saude,55.04
0199edc5b01351df8e73a674aa473ee7,2018-03-26 19:33:09+00:00,londrina,PR,93.0,8.0,informatica_acessorios,101.0
019a242bea1553b3b7e12bc38cb57a23,2017-10-29 09:06:44+00:00,canoas,RS,349.99,18.53,brinquedos,368.52
019aaee09698daf81dcffe9d94a18b5c,2017-08-10 14:04:58+00:00,campinas,SP,75.9,7.79,bebes,83.69000000000001
019b02e139cfcd97f93366f7a38f5695,2017-04-02 16:50:31+00:00,mococa,SP,109.9,24.05,malas_acessorios,133.95000000000002
019b8e16e30c8b9ad9bf87e039a27765,2017-07-25 20:10:18+00:00,sao paulo,SP,99.99,13.72,esporte_lazer,113.71
019bdbaef5b5121c9b1811976aa510a5,2018-05-08 11:08:03+00:00,campos novos,SC,35.0,19.32,moveis_decoracao,54.32
019c4b64cf3d733807ef5bc8bcf6d123,2017-10-16 14:05:06+00:00,belo horizonte,MG,249.99,18.0,relogios_presentes,267.99
019ccfeea1ea9afbebdad57d65f2e36f,2017-11-27 15:31:56+00:00,rio claro,RJ,152.0,15.81,fashion_underwear_e_moda_praia,167.81
019d029f0b101343d44017d249b1f64f,2018-06-11 21:55:43+00:00,jacobina,BA,79.9,27.51,cama_mesa_banho,107.41000000000001
019d444bd00f1ccb4643de466f9a1525,2018-03-26 21:51:15+00:00,fortaleza,CE,138.0,29.23,industria_comercio_e_negocios,167.23
019d79b37e56c6d56d6323fed0c54d70,2017-05-21 14:17:05+00:00,nova america,GO,51.0,15.11,informatica_acessorios,66.11
019e03014ec20cc2e3b180cdcf90b4e8,2017-04-04 11:26:31+00:00,itapaje,CE,738.9,25.62,cool_stuff,764.52
019edbdfeb6923e55558362c2b84ec37,2018-04-01 07:31:49+00:00,carapicuiba,SP,69.9,8.88,moveis_decoracao,78.78
01a0013ddc7cd129e350e8671b56a263,2017-03-23 19:47:34+00:00,pires do rio,GO,579.0,24.5,ferramentas_jardim,603.5
01a1553cddb473cec004af5ce2192f1c,2018-07-20 09:55:09+00:00,bodoco,PE,79.9,38.83,casa_construcao,118.73
01a15ee6a1b9050e7678b72cb4c3b486,2018-06-17 15:15:45+00:00,campina grande do sul,PR,139.99,58.11,utilidades_domesticas,198.10000000000002
01a1969ee54e7016bcc0cfeb4fa8c634,2018-04-12 20:32:09+00:00,dom pedrito,RS,149.94,57.31,moveis_escritorio,207.25
01a26a995dcef1d58bdee5b8862c7a02,2017-09-15 20:36:53+00:00,alcobaca,BA,299.99,14.35,telefonia,314.34000000000003
01a3ee1c837fb57db23d898f0eb5111d,2018-01-23 12:35:21+00:00,osasco,SP,168.8,8.44,relogios_presentes,177.24
01a49649881d677e0c901ca0f6564382,2018-05-16 10:57:19+00:00,belo horizonte,MG,12.9,7.71,automotivo,20.61
01a4ec962d7589584c11650ca20d728b,2017-05-19 17:40:26+00:00,guaiba,RS,199.9,13.69,fashion_roupa_masculina,213.59
01a4ec962d7589584c11650ca20d728b,2017-05-19 17:40:26+00:00,guaiba,RS,187.2,20.54,fashion_roupa_masculina,207.73999999999998
01a6ad782455876aa89081449d49c452,2018-01-18 10:07:52+00:00,santo angelo,RS,34.99,15.1,telefonia,50.09
01a75ac3dd000b7628a684be97c29234,2018-01-23 10:32:39+00:00,niteroi,RJ,42.9,15.1,utilidades_domesticas,58.0
01a921eb5bf5df0c2990e62563ceca49,2017-11-26 20:51:06+00:00,campinas,SP,69.99,9.36,moveis_decoracao,79.35
01a9d731c0f08f4f79c10b7679dcdebf,2018-08-05 18:27:14+00:00,rio de janeiro,RJ,39.0,15.37,perfumaria,54.37
01aa38b66d95377a4f276f78742aca15,2018-03-01 13:16:25+00:00,londrina,PR,109.9,12.72,bebes,122.62
01ac6cbac1cda667c97d35046b75668f,2017-09-14 18:37:16+00:00,sao paulo,SP,12.88,8.27,informatica_acessorios,21.15
01ad4f241a16bff724de081b558f0f4d,2017-02-09 18:47:17+00:00,botucatu,SP,309.9,17.38,perfumaria,327.28
01ae5e4c5d2549f7c05000a2f5856c28,2017-11-05 15:01:09+00:00,rio de janeiro,RJ,39.0,16.6,alimentos_bebidas,55.6
01ae629e578b0eb0935ea1ce19c409f1,2018-07-19 07:43:33+00:00,canoas,RS,84.99,18.7,beleza_saude,103.69
01af7745a283aeb0f0754495c4b51ac7,2018-02-28 13:28:49+00:00,goiania,GO,465.0,34.69,agro_industria_e_comercio,499.69
01b02139ac5f79a5de2c56284af7bb3e,2018-04-24 18:27:38+00:00,mogi-guacu,SP,139.77,8.74,Unknown,148.51000000000002
01b06b4d63c340902dbe3d9f8b2fe821,2018-06-08 11:42:51+00:00,varzea paulista,SP,84.9,13.03,automotivo,97.93
01b15a896c5842077af2aaf4a9f94309,2018-03-23 15:51:16+00:00,conselheiro lafaiete,MG,109.99,19.74,pet_shop,129.73
01b1800f51715ab76f67caf732206437,2018-07-18 19:05:46+00:00,natal,RN,150.0,44.97,industria_comercio_e_negocios,194.97
01b1a7fdae9ad1837d6ab861705a1fa5,2017-05-29 15:48:13+00:00,valinhos,SP,49.99,16.17,cama_mesa_banho,66.16
01b1a7fdae9ad1837d6ab861705a1fa5,2017-05-29 15:48:13+00:00,valinhos,SP,59.0,10.68,utilidades_domesticas,69.68
01b241fa1421c8284e8c1029a503360f,2017-11-29 23:32:52+00:00,abelardo luz,SC,59.0,17.66,ferramentas_jardim,76.66
01b276e7af1d9e3ed34b431d39f45fa1,2018-01-16 19:25:09+00:00,sao mateus do sul,PR,99.9,21.19,esporte_lazer,121.09
01b2dd042de98a15b6a9a141bf71c344,2018-03-11 17:17:41+00:00,assis chateaubriand,PR,79.9,15.41,utilidades_domesticas,95.31
01b330808c5819a6a3cb79b72f0b8288,2018-03-12 15:22:12+00:00,sao luis,MA,104.9,24.86,esporte_lazer,129.76
01b37f50cf3098b3dd9d0450a188348c,2018-06-26 16:59:10+00:00,belo horizonte,MG,68.9,18.28,utilidades_domesticas,87.18
01b4a2ad3420c19a1c7c402513e7725c,2018-01-09 08:52:54+00:00,divinopolis,MG,110.0,15.52,brinquedos,125.52
01b4dfef1c8848e8c0431ce17f5f72ea,2018-08-04 13:58:22+00:00,ipora,GO,25.89,22.98,esporte_lazer,48.870000000000005
01b538a0b1a9eeecdfbc03223190e4bf,2018-03-01 22:34:37+00:00,belo horizonte,MG,39.9,15.1,pet_shop,55.0
01b6bbf0a9ac5d54dfebb11ddcd8fa8e,2017-06-25 22:18:02+00:00,santo andre,SP,52.9,11.87,utilidades_domesticas,64.77
01b6d15407d425529cbf0ec96258cb84,2018-03-12 21:47:09+00:00,rancharia,SP,29.99,12.79,moveis_decoracao,42.78
01b703d8365608f2b01ed9c076d0b3dc,2018-01-05 17:14:30+00:00,cotia,SP,46.55,12.69,informatica_acessorios,59.239999999999995
01b84214591ddd4edad9fa4a1f344f84,2018-01-03 19:12:28+00:00,ribeirao preto,SP,629.9,21.66,instrumentos_musicais,651.56
01b94d6940365deb1eedb643ba43114a,2017-11-08 16:06:33+00:00,rio de janeiro,RJ,120.9,41.92,brinquedos,162.82
01ba495d945c6a1c5b198bbad63e61c6,2018-01-31 11:22:27+00:00,rio de janeiro,RJ,109.9,25.61,cama_mesa_banho,135.51
01ba72e24cf883d74c5479c0a626c740,2017-01-17 19:55:40+00:00,angra dos reis,RJ,44.6,14.52,esporte_lazer,59.120000000000005
01ba82170ebb683c73793bb809bbf1b9,2018-02-06 15:08:30+00:00,limeira,SP,192.97,33.59,moveis_escritorio,226.56
01ba9a2e5dcc1568b55695106d677b0c,2017-02-26 22:28:40+00:00,sao paulo,SP,59.9,9.41,moveis_decoracao,69.31
01bae920aea13b891b50bc1543634a65,2017-12-21 20:04:26+00:00,sao paulo,SP,57.49,9.94,bebidas,67.43
01bb52d7a8dffb8bef5b79268487cd10,2017-06-06 12:54:19+00:00,rio de janeiro,RJ,158.0,18.36,esporte_lazer,176.36
01bb5b3cb7df4da98ea2214d083784c4,2017-05-28 15:00:23+00:00,jaboticabal,SP,39.9,12.69,cama_mesa_banho,52.589999999999996
01bbf0fb0773cef52b4d6501e83162f3,2017-03-22 22:04:02+00:00,marica,RJ,101.99,19.41,automotivo,121.39999999999999
01bbfee76e5e3f96f008c781c2c17bcf,2018-03-21 11:13:07+00:00,sao paulo,SP,25.0,11.15,telefonia,36.15
01bc343311e5b8090b64d6ab287a5cf0,2018-02-22 14:30:12+00:00,canoas,RS,21.99,15.1,cama_mesa_banho,37.089999999999996
01bdc09119b132e176e5c8f2cf68b0ac,2018-08-16 15:59:08+00:00,varginha,MG,359.0,25.66,beleza_saude,384.66
01be2f7ca246adb9112cb75096af2ee0,2018-02-12 17:47:45+00:00,rio de janeiro,RJ,157.77,14.85,Unknown,172.62
01be661b8196707ef60f062632d6d1bd,2017-05-17 10:26:53+00:00,sao paulo,SP,89.9,12.13,cama_mesa_banho,102.03
01be6ff226324644f283dfab69369848,2018-03-08 12:02:38+00:00,caxias,MA,53.9,56.93,ferramentas_jardim,110.83
01c0514b1f2a7375948323b959cc5682,2017-07-25 20:38:52+00:00,caetite,BA,15.9,16.79,cama_mesa_banho,32.69
01c139e11e826da7bf9782cf1ee904bf,2017-03-05 19:25:45+00:00,cristais paulista,SP,339.99,12.99,beleza_saude,352.98
01c156f67900e1f33d1234ce92cb18d9,2018-08-03 17:40:27+00:00,arroio do meio,RS,13.47,18.23,telefonia,31.700000000000003
01c1644529b18608f086d2ff0f3b8181,2018-06-23 09:55:44+00:00,querencia,MT,103.99,31.6,livros_tecnicos,135.59
01c18108db50c163daf7dfe461093fb7,2017-06-22 17:53:59+00:00,guaratingueta,SP,109.9,18.02,bebes,127.92
01c1f3c10d2641a10cfd97ffaac0b3f5,2017-11-28 22:08:43+00:00,pojuca,BA,59.9,35.74,esporte_lazer,95.64
01c22546c4f9914e232006df82d96e0f,2017-09-09 16:45:33+00:00,porto alegre,RS,17.9,15.1,eletronicos,33.0
01c26a0b2736899633cfd6a3c1749428,2017-04-08 18:39:14+00:00,santos,SP,59.99,11.81,bebes,71.8
01c2c8708930c4fb8ed278dfe7ec93c7,2017-11-26 20:19:15+00:00,balneario camboriu,SC,239.99,17.44,informatica_acessorios,257.43
01c2d2ffe8349c5eef0ab33e8ff1f41c,2017-10-10 09:49:31+00:00,presidente dutra,BA,70.9,16.94,telefonia,87.84
01c391e962558d0793e8dd8f6bad0999,2018-02-26 11:19:59+00:00,londrina,PR,78.9,17.8,cama_mesa_banho,96.7
01c4766d43d50d892132f7bb04d97300,2018-03-22 23:11:17+00:00,itobi,SP,35.89,18.23,construcao_ferramentas_jardim,54.120000000000005
01c4f4e08d9e8b7c5bd47e612285993f,2017-11-24 00:31:33+00:00,cajamar,SP,49.0,13.41,ferramentas_jardim,62.41
01c79ae32ef95b276907d99e83fe57e5,2017-05-24 20:08:23+00:00,santana de parnaiba,SP,16.9,7.78,telefonia,24.68
01c7b08f0c05952ce15edb928bb63d2d,2018-04-02 16:59:53+00:00,medianeira,PR,274.95,26.04,livros_tecnicos,300.99
01c886b4b865797097ab2d051ae30cfd,2017-08-09 12:34:24+00:00,rio de janeiro,RJ,59.9,16.86,esporte_lazer,76.75999999999999
01c95de6d0852189b4d6b6d32a3c8e0c,2017-08-03 23:13:48+00:00,barueri,SP,19.99,7.78,telefonia,27.77
01c998b70e420ec36563386a4b71c6bc,2018-01-23 13:47:46+00:00,rio de janeiro,RJ,89.0,17.87,papelaria,106.87
01cadf993df82ff0e318addbd022f0fe,2017-10-15 19:48:23+00:00,pindamonhangaba,SP,398.0,29.11,climatizacao,427.11
01cbdb2a8c075eaf248af643b3389f73,2017-07-09 21:20:44+00:00,maceio,AL,106.9,38.3,malas_acessorios,145.2
01cc355e35cf24d314afe6de16c38712,2018-03-26 18:47:24+00:00,leme,SP,24.89,22.06,informatica_acessorios,46.95
01cc71a8154340ae61126b5ee9b48fef,2018-06-06 21:06:18+00:00,sorocaba,SP,44.9,8.64,cama_mesa_banho,53.54
01ccc64a2b38fdb87c25cb1944934670,2017-08-12 11:22:27+00:00,salvador,BA,89.0,17.06,telefonia,106.06
01cce1175ac3c4a450e3a0f856d02734,2018-07-19 20:32:57+00:00,sao paulo,SP,60.0,25.24,ferramentas_jardim,85.24
01cce1175ac3c4a450e3a0f856d02734,2018-07-19 20:32:57+00:00,sao paulo,SP,36.23,2.27,papelaria,38.5
01ccfbb0ddf88340b6eed3f1370bcf0c,2018-08-21 20:20:09+00:00,brasilia,DF,79.0,59.78,papelaria,138.78
01cec5c50d2d0e069a3227efba9f16f7,2017-09-16 10:26:47+00:00,rio de janeiro,RJ,73.0,15.26,beleza_saude,88.26
01cf88c5fb4298435526a5995720807a,2018-02-06 09:47:52+00:00,catanduva,SP,109.9,12.72,cama_mesa_banho,122.62
01d0aabab5da85da61bbd4d40882b82c,2017-08-27 19:21:22+00:00,curitiba,PR,18.9,14.1,telefonia,33.0
01d0cbd002be92b5a970cb8f233349c2,2017-07-21 14:33:49+00:00,alagoinhas,BA,329.9,46.39,moveis_sala,376.28999999999996
01d0f6cd01d79574621a56a1b9e21019,2017-09-23 19:26:07+00:00,rio de janeiro,RJ,17.9,16.79,eletronicos,34.69
01d13850e74efca9a86fe812940de070,2018-04-12 11:38:28+00:00,sao paulo,SP,75.0,14.62,cama_mesa_banho,89.62
01d1bb79f3dee77d8a6809aff0025590,2018-08-15 23:28:39+00:00,rio de janeiro,RJ,219.9,27.84,cama_mesa_banho,247.74
01d2fc3e47376926a97ae795036db093,2018-06-27 21:20:18+00:00,sao paulo,SP,34.0,13.54,beleza_saude,47.54
01d3d4cb8c553d507dfd26fbd8b41e95,2017-10-29 14:52:54+00:00,monnerat,RJ,114.94,34.16,moveis_escritorio,149.1
01d48ed99667ce49eaeaa7980a31b987,2018-03-08 09:31:11+00:00,petropolis,RJ,13.65,18.23,eletronicos,31.880000000000003
01d5897e2c8a23b37ec65e0e72fbe956,2018-04-06 11:45:09+00:00,uberaba,MG,52.0,15.21,eletronicos,67.21000000000001
01d601c4d70f016f1e32ee8e82d6d4c9,2017-05-13 01:16:42+00:00,campo grande,MS,229.9,43.98,moveis_decoracao,273.88
01d72d42aaedb3736840132071d51100,2018-03-20 12:44:02+00:00,ipora,GO,147.2,18.91,Unknown,166.10999999999999
01d80471e02a3ba49c8e1d0abc2c1a64,2017-05-03 19:35:37+00:00,porto alegre,RS,75.0,16.23,informatica_acessorios,91.23
01d815029787ce30f6f64900ee93ba37,2018-01-26 09:09:13+00:00,andradina,SP,48.9,12.69,utilidades_domesticas,61.589999999999996
01d907b3e209269e120a365fc2b97524,2017-08-09 16:21:06+00:00,ferraz de vasconcelos,SP,151.99,17.77,cama_mesa_banho,169.76000000000002
01d90c5856f7551e108f2a0864ff6e54,2018-06-28 17:37:37+00:00,vargem grande paulista,SP,69.9,14.88,beleza_saude,84.78
01d95eed9163a292a6788ddac08bcf31,2017-11-08 09:54:42+00:00,balneario camboriu,SC,28.9,16.11,cama_mesa_banho,45.01
01d96f415da1ffc3807bc85852dea189,2018-04-10 20:59:36+00:00,sao paulo,SP,149.9,23.63,esporte_lazer,173.53
01d9a9aa7feccdaf99f7ea832bfa7301,2018-08-21 21:53:58+00:00,porto alegre,RS,79.9,9.07,moveis_decoracao,88.97
01da413c142606bf28e461e3a732f653,2017-08-24 11:20:58+00:00,sao paulo,SP,92.65,12.99,informatica_acessorios,105.64
01da5549f136167573c8a302f008557a,2018-04-08 17:01:55+00:00,caconde,SP,150.0,20.02,relogios_presentes,170.02
01db310c16db46c62c3d4e0857990f32,2017-02-13 16:22:39+00:00,alagoinhas,BA,119.99,21.29,moveis_escritorio,141.28
01dbd2da9b685e6d444416f7825d0931,2017-10-04 22:21:13+00:00,porto alegre,RS,33.6,15.1,fashion_bolsas_e_acessorios,48.7
01dcbb39823b4cda39ddcc6679fb00ac,2017-05-29 20:01:57+00:00,vitoria,ES,39.9,17.6,moveis_decoracao,57.5
01dd288e8605af239a3a35e550e89235,2017-07-26 07:51:14+00:00,sao paulo,SP,169.99,16.63,informatica_acessorios,186.62
01dd7b32b57e2e5633984f61e456b046,2018-04-05 12:21:51+00:00,sao paulo,SP,16.0,7.87,sinalizacao_e_seguranca,23.87
01dd912bf415bd6f499af600aebdb866,2018-02-09 23:35:00+00:00,limeira,SP,118.9,12.04,moveis_decoracao,130.94
01dfa7b5bb8dcd546273e480c27043bc,2018-04-27 10:01:33+00:00,coronel martins,SC,51.4,14.59,perfumaria,65.99
01e0386aae6c6385feedb58bd4aae5c7,2017-11-24 21:35:46+00:00,belo horizonte,MG,184.99,16.05,beleza_saude,201.04000000000002
01e1617e546dc1fd372e089ab515ae34,2017-09-17 19:15:28+00:00,goiania,GO,76.1,20.02,utilidades_domesticas,96.11999999999999
01e4121d4b2dcfb2ba6b8f367652aee8,2017-10-30 10:41:13+00:00,petropolis,RJ,98.0,12.69,beleza_saude,110.69
01e4eeac4002b2e57b7ada6bc3a3c38f,2017-08-01 18:44:07+00:00,sao paulo,SP,49.9,11.85,moveis_decoracao,61.75
01e515b157491fa28d3b56e7ef342573,2018-04-26 07:27:33+00:00,pindamonhangaba,SP,55.0,12.83,relogios_presentes,67.83
01e51b7c3025655646143d09b911e1d7,2018-01-14 09:41:25+00:00,sao goncalo,RJ,19.0,14.1,utilidades_domesticas,33.1
01e662008f03009eb9b97f9333fcd6b4,2018-06-30 10:04:41+00:00,pindamonhangaba,SP,24.98,12.84,utilidades_domesticas,37.82
01e6f40a293da5a9dc11e49695c7541d,2017-05-29 12:58:03+00:00,passos,MG,48.99,15.1,telefonia,64.09
01e7138289b75d9624b04dfe12379c1d,2018-02-01 19:59:02+00:00,campo magro,PR,19.9,12.48,eletronicos,32.379999999999995
01e71f17355fc56620b0d3678f796c42,2018-04-18 22:19:28+00:00,pedra preta,MT,138.0,25.78,cama_mesa_banho,163.78
01e84dcdea7f8180214c9cf9f058f0dc,2017-10-31 11:10:46+00:00,montes claros,MG,45.9,15.1,esporte_lazer,61.0
01e9b3d727e46edf036b0bd549c38bb4,2018-01-20 21:14:48+00:00,laranjeiras do sul,PR,99.9,16.46,esporte_lazer,116.36000000000001
01e9feecd7fba975c1869a8fbbb38b65,2017-03-28 20:44:07+00:00,santo andre,SP,285.9,17.21,consoles_games,303.10999999999996
01ea9d9ce4b86204f82b79184897371c,2017-03-23 17:38:28+00:00,conselheiro lafaiete,MG,46.3,18.63,ferramentas_jardim,64.92999999999999
01eaa000fe5c9f80f535c3d0cad25a47,2018-08-15 15:29:13+00:00,andradas,MG,135.9,16.02,papelaria,151.92000000000002
01eb154e5aa06eaf50851577302a04a5,2018-03-22 11:42:20+00:00,sao jose dos campos,SP,55.0,8.64,bebes,63.64
01ebb9ed879d6fa1da4857ed617972ab,2017-04-27 18:48:44+00:00,botucatu,SP,32.9,10.96,eletrodomesticos,43.86
01ec6affa239058ac384542eb9f6920c,2017-12-12 22:18:58+00:00,ferraz de vasconcelos,SP,114.6,18.52,moveis_escritorio,133.12
01ed8d522a969ceeb6ba285a161bf4c9,2018-05-13 17:58:56+00:00,pirassununga,SP,47.9,19.32,market_place,67.22
01efe0209a92b2f21f6e0edee4bd4eb6,2018-06-24 19:18:27+00:00,volta grande,MG,78.0,18.65,relogios_presentes,96.65
01f04ef1bf8714247c5286afd8579353,2017-10-30 12:58:25+00:00,varzea paulista,SP,165.0,68.13,utilidades_domesticas,233.13
01f11912a2c502cc940f607b1f6b2ab0,2018-02-05 18:40:32+00:00,japuiba,RJ,120.0,45.3,ferramentas_jardim,165.3
01f216b447564f9ea791b521db577ccb,2017-01-24 18:44:53+00:00,jandira,SP,59.9,14.59,perfumaria,74.49
01f3ed0a20c6db39216985812a092bea,2018-08-18 22:34:41+00:00,brasilia,DF,99.0,15.79,construcao_ferramentas_seguranca,114.78999999999999
01f48b2a27229e667db384b5b9d5dfa4,2018-05-16 22:32:50+00:00,sao paulo,SP,59.9,8.29,papelaria,68.19
01f5bb59c4e3a373ee5cade4e69ae92f,2018-03-19 11:53:52+00:00,jundiai,SP,41.95,14.43,malas_acessorios,56.38
01f65c9e501f46d2a15af4d2b28e6081,2018-07-09 18:58:25+00:00,sao paulo,SP,199.9,20.59,beleza_saude,220.49
01f66e58769f84129811d43eefd187fb,2018-07-09 21:18:01+00:00,sao paulo,SP,79.8,7.82,esporte_lazer,87.62
01f67ca8027e959060afd840aa06f465,2018-04-30 16:19:48+00:00,fortaleza,CE,330.0,14.7,beleza_saude,344.7
01f74145603bef2ef33949099b48ad28,2017-12-27 17:27:05+00:00,foz do iguacu,PR,69.9,17.74,cama_mesa_banho,87.64
01f74d38c7379a28cc0ac3d90e80c7ea,2018-01-31 23:12:05+00:00,ipora do oeste,SC,29.9,15.1,esporte_lazer,45.0
01f78824e3a8e474a36d8dfc2a2c35f4,2017-09-19 10:17:22+00:00,erechim,RS,48.65,17.6,artes,66.25
01f7d29898cf7c5fcb583a2a29508202,2017-12-11 01:09:44+00:00,sao paulo,SP,39.9,11.73,cama_mesa_banho,51.629999999999995
01f80c40f143af17e50622fe26ca76c4,2018-05-20 14:26:45+00:00,rio grande da serra,SP,113.89,23.38,utilidades_domesticas,137.27
01f99c97a2034ffb373556e8fdb5c7cf,2018-05-08 10:50:38+00:00,sao paulo,SP,195.0,23.91,esporte_lazer,218.91
01f9f30f42a15cb09e70666d0df18856,2018-01-15 09:31:14+00:00,brasilia,DF,49.95,16.11,cama_mesa_banho,66.06
01fa35042136b75da24ce2a391b30eb9,2018-01-08 15:45:38+00:00,rio de janeiro,RJ,29.9,15.1,beleza_saude,45.0
01fac9bdfa271bcaf57218f971649ab7,2017-09-21 12:39:45+00:00,cacaulandia,RO,72.9,35.83,moveis_decoracao,108.73
01fba151a6fa8315ff6dc6f29fe2f2d4,2017-07-10 14:06:20+00:00,sao paulo,SP,38.5,19.88,moveis_decoracao,58.379999999999995
01fe473278bb7522f081c21ee8e4cbd4,2018-05-20 15:39:38+00:00,bauru,SP,106.0,13.18,esporte_lazer,119.18
02014f2495eef0e869616829d481d743,2018-08-22 10:53:16+00:00,uberaba,MG,1240.0,102.63,beleza_saude,1342.63
020347f6d056bb4209b3ee4711d25f1a,2018-07-24 16:36:59+00:00,caldeirao grande,BA,105.0,23.89,informatica_acessorios,128.89
02036bc298ab3c1efc98b116f420d646,2018-08-23 06:32:15+00:00,curitiba,PR,24.99,17.98,beleza_saude,42.97
0203892ed7a2b76401830f4b82a5a34c,2017-07-08 20:26:08+00:00,santos,SP,39.9,8.72,esporte_lazer,48.62
0204196a1fd266bdc00356eb791b4516,2017-11-26 18:43:10+00:00,belo horizonte,MG,49.0,17.64,ferramentas_jardim,66.64
020500486b7211f5ef873ba8ffd58cd0,2018-08-13 21:29:51+00:00,contagem,MG,39.99,18.38,automotivo,58.370000000000005
020550d9cdfb7110d07fd1a1f8937c6e,2017-09-02 17:47:17+00:00,silveira carvalho,MG,28.9,13.37,informatica_acessorios,42.269999999999996
02058d1c3b825765a4ec45968b8a1c97,2017-05-22 22:10:22+00:00,uberlandia,MG,1799.0,27.34,esporte_lazer,1826.34
0205c3dd6f4d8e348ee72fffd114fec4,2017-07-24 21:41:24+00:00,fortaleza,CE,56.99,17.68,perfumaria,74.67
0207f5a2635f4e2d29acd00fc01a36ba,2018-03-05 10:25:28+00:00,sao paulo,SP,59.9,11.92,fashion_underwear_e_moda_praia,71.82
0209ef2fa3cce5eb798c98f5b6142849,2018-02-24 22:44:28+00:00,sao paulo,SP,12.67,7.78,telefonia,20.45
020a1591ace758e4c97d7843e1a03a88,2018-08-13 06:52:04+00:00,sao paulo,SP,18.9,7.39,telefonia,26.29
020aec76c43508e4214579c52c1133f4,2018-06-25 22:45:30+00:00,sao paulo,SP,27.9,19.39,ferramentas_jardim,47.29
020bc32fbdded2a43147c70a5eb3ec21,2017-07-14 22:03:05+00:00,caxias do sul,RS,98.8,17.94,ferramentas_jardim,116.74
020c01e41104519842f8a15605af646c,2017-02-08 13:10:22+00:00,cruzeiro,SP,29.99,21.82,pet_shop,51.81
020c2cd20d09193b79c51797a82aaa3e,2017-11-28 14:19:00+00:00,belo horizonte,MG,72.6,17.76,utilidades_domesticas,90.36
020d1063c6e7cb975472aedbfe0e25ea,2018-01-05 00:16:05+00:00,sao vicente,SP,139.94,17.71,moveis_escritorio,157.65
020d90b47730f065a03723587c20a57f,2018-04-27 11:14:54+00:00,santos,SP,284.8,9.18,relogios_presentes,293.98
020e6f6dee3bdcf543b857eb97373956,2018-05-05 10:39:11+00:00,sao paulo,SP,199.0,14.3,beleza_saude,213.3
020f04b3da1d597b9a00b825762299ba,2018-07-05 16:07:58+00:00,ribeirao preto,SP,125.0,18.98,brinquedos,143.98
020f64bdb28111d057f49277da918771,2018-06-09 09:33:47+00:00,jundiai,SP,32.0,8.88,utilidades_domesticas,40.88
020f8f4df303ae8aa39b806b766d2681,2017-12-27 09:58:49+00:00,brasilia,DF,149.0,14.79,Unknown,163.79
0210336762a2618a562576d1266efefe,2018-04-16 18:07:08+00:00,duque de caxias,RJ,59.99,16.39,beleza_saude,76.38
0210f3225937e9d7702e0c3fff098b98,2017-11-25 04:31:42+00:00,sao paulo,SP,13.3,8.11,fashion_bolsas_e_acessorios,21.41
02119fc90b970a6b0f5f554659843ab4,2017-06-28 12:47:50+00:00,sao paulo,SP,84.9,27.44,esporte_lazer,112.34
0212767fce39149bfc2e12d54be96f65,2017-06-11 23:09:07+00:00,londrina,PR,329.0,15.32,musica,344.32
021288ce4f15c031270df5259df1b551,2017-12-05 00:29:03+00:00,canoas,RS,83.9,28.99,malas_acessorios,112.89
021363783b521e9813dd62bbcb77d1dd,2018-02-23 11:52:46+00:00,salvador,BA,559.99,19.36,beleza_saude,579.35
021397df4601b61a8bd063be9b5c54a0,2017-11-16 17:53:31+00:00,santo andre,SP,109.0,8.35,informatica_acessorios,117.35
0213da24bc9b884c4792ae4c54eb0bf3,2017-11-24 11:21:11+00:00,rio de janeiro,RJ,25.0,14.1,automotivo,39.1
02145cbff48d443165378d41c0e49e48,2017-12-22 15:43:22+00:00,serra,ES,38.4,19.84,moveis_decoracao,58.239999999999995
0214781b6f9215eb09fb1b78de35b07e,2018-08-12 00:34:21+00:00,sao paulo,SP,109.9,8.93,construcao_ferramentas_construcao,118.83000000000001
021645306ea1563079aaec6e96f20d38,2017-04-01 21:57:17+00:00,rio de janeiro,RJ,129.96,29.1,moveis_escritorio,159.06
0216b8a71f44f126ac083fa5d639fe47,2018-08-19 00:17:45+00:00,sorocaba,SP,59.9,17.63,instrumentos_musicais,77.53
0216ea85f929ce4795f933573c6bb055,2018-06-08 20:27:32+00:00,caraguatatuba,SP,76.9,14.63,casa_conforto,91.53
0217ad862ae7391cc3964c07ce3d6ea1,2017-11-29 14:43:25+00:00,paranavai,PR,99.9,17.95,cama_mesa_banho,117.85000000000001
0218bc1c672e0e92f10a6633ca1cc461,2018-03-07 22:36:15+00:00,fortaleza,CE,133.0,22.99,cama_mesa_banho,155.99
0218c7a4fb8d5b1bd22c82b783b8359c,2017-10-13 12:58:35+00:00,sao paulo,SP,34.9,15.11,brinquedos,50.01
02190241f7190a1f3c7e0df95a749c6a,2016-10-07 10:52:22+00:00,rio de janeiro,RJ,249.99,10.74,brinquedos,260.73
021d0261c214591da7db51193c9aeb29,2017-09-20 05:02:16+00:00,sao bernardo do campo,SP,179.49,9.45,automotivo,188.94
021d08e4057e5b6414c8d2f69f4f72a0,2016-10-07 17:37:49+00:00,ouro preto,MG,51.5,14.53,automotivo,66.03
021d35119e0e191a4fa47715d479b6f8,2018-03-02 13:20:21+00:00,sao paulo,SP,84.99,12.09,relogios_presentes,97.08
021dac6e3120485db6a77474aa21b979,2017-11-24 22:46:09+00:00,curitiba,PR,479.0,55.36,brinquedos,534.36
021f21b778ea0a81da47ebe141b1b29c,2017-10-26 16:31:16+00:00,lencois paulista,SP,38.4,12.69,moveis_decoracao,51.089999999999996
021f26893462ec6a677baba7f06ce4c1,2017-07-07 15:24:27+00:00,diadema,SP,49.95,11.85,cama_mesa_banho,61.800000000000004
0220b52f0b019739726d80c64bd4bf08,2017-12-20 08:36:49+00:00,itapejara d'oeste,PR,24.99,15.1,telefonia,40.089999999999996
02218eb2a33847087a46d34397835b2a,2017-06-17 15:27:18+00:00,paulo afonso,BA,31.9,16.79,informatica_acessorios,48.69
0221d784b11a24077b3531e860b73434,2017-12-14 09:40:40+00:00,fortaleza,CE,32.0,17.63,utilidades_domesticas,49.629999999999995
0222b443ebbd702540abbaf4f5ff7edf,2018-07-19 21:42:21+00:00,maceio,AL,70.0,27.26,moveis_decoracao,97.26
0224d4ce99f4262f9554d248dfad743c,2018-03-17 19:25:07+00:00,taboao da serra,SP,59.99,8.88,beleza_saude,68.87
022790f69760d0a1c025cd3acdf13927,2017-10-08 20:24:03+00:00,sao paulo,SP,22.9,14.1,pet_shop,37.0
0227da6a9a5c5d03b593cc9c2bce3463,2018-04-11 16:30:28+00:00,jundiai,SP,49.9,11.62,cool_stuff,61.519999999999996
0229b2e398fde4545d32b5bb232973ad,2018-03-21 15:11:48+00:00,buerarema,BA,989.0,28.63,telefonia,1017.63
0229bc966620f05d9d8fc29c704aa6ff,2018-07-21 19:10:05+00:00,poa,SP,45.97,13.9,construcao_ferramentas_construcao,59.87
0229e66693fbbd736e5022221fc8148b,2018-08-18 21:10:16+00:00,piumhi,MG,40.75,22.23,beleza_saude,62.980000000000004
022aa0edf94712a82983961b98e4a9a1,2018-06-25 17:25:43+00:00,cotia,SP,99.9,12.19,cama_mesa_banho,112.09
022b1f3510a95b396431fec95f5de236,2018-03-07 11:34:34+00:00,belo horizonte,MG,99.9,13.82,esporte_lazer,113.72
022ba76c6e0c4336514521a8cd4b8fbb,2018-06-17 22:36:20+00:00,lagarto,SE,67.99,52.83,informatica_acessorios,120.82
022c0ddf029d7d3ba3d83bd524805629,2018-02-06 11:21:33+00:00,sao jose do rio preto,SP,92.0,13.66,cama_mesa_banho,105.66
022cb45264ced2571bbbd8e231838100,2018-06-03 00:21:24+00:00,sao caetano do sul,SP,45.0,7.39,construcao_ferramentas_iluminacao,52.39
022d47e6dd2e127493b8f51c8408078c,2018-01-13 17:33:23+00:00,sao caetano do sul,SP,99.0,13.71,papelaria,112.71000000000001
022d4b171a04520ca2113a48b6b61380,2018-06-01 11:54:07+00:00,sao carlos,SP,57.2,12.84,automotivo,70.04
022e34b10acb0f74f51f03b3bf8d996d,2018-01-11 16:15:43+00:00,itabira,MG,89.99,16.39,beleza_saude,106.38
022e89c60857b5c81788e7e09d04b3ef,2018-06-06 14:59:11+00:00,cachoeira paulista,SP,29.9,13.71,livros_interesse_geral,43.61
022f80b8a6f58b11018082b505f15c38,2018-08-22 14:40:48+00:00,rio de janeiro,RJ,24.9,18.27,ferramentas_jardim,43.17
0231382a78f19752dabca6a86b618152,2017-03-09 21:17:43+00:00,sao paulo,SP,76.49,9.53,beleza_saude,86.02
0231a1f06afc507072e11f93fa6e736b,2018-05-08 12:44:54+00:00,salvador,BA,103.9,14.33,eletronicos,118.23
0231f6b89e5798ff6c0dfb1e18a94da9,2018-08-04 12:35:23+00:00,sao bernardo do campo,SP,550.0,98.77,beleza_saude,648.77
0232512713ff84ce6ae5c96971894149,2018-03-25 11:20:56+00:00,embu das artes,SP,149.99,21.09,moveis_escritorio,171.08
02332b54c758506809fd87d9c2748086,2017-11-06 12:48:43+00:00,teresina,PI,32.99,21.15,beleza_saude,54.14
02333096645cf1743050acd043b76e69,2018-08-09 16:22:59+00:00,andre da rocha,RS,119.0,27.13,moveis_decoracao,146.13
02342201aaaf713fa9f51c6d44444424,2018-01-29 12:39:16+00:00,sales oliveira,SP,35.9,11.85,esporte_lazer,47.75
02346f2f5b8930a992461a607bf6bf62,2018-03-20 16:06:52+00:00,pindorama,SP,89.0,17.53,utilidades_domesticas,106.53
02346fd715e28d8e4fdb6893cd121f71,2017-11-08 21:08:02+00:00,registro,SP,146.99,16.66,cool_stuff,163.65
02355020fd0a40a0d56df9f6ff060413,2018-02-28 16:07:09+00:00,itabuna,BA,50.0,19.59,moveis_decoracao,69.59
02358a9949662b292e80635305dea78b,2017-05-15 16:59:19+00:00,triunfo,PE,59.0,25.69,telefonia,84.69
023669233121f0fb7899e5be2b22885f,2018-04-16 13:14:09+00:00,sao paulo,SP,109.99,23.25,pet_shop,133.24
023669233121f0fb7899e5be2b22885f,2018-04-16 13:14:09+00:00,sao paulo,SP,38.9,16.56,pet_shop,55.459999999999994
023669233121f0fb7899e5be2b22885f,2018-04-16 13:14:09+00:00,sao paulo,SP,109.9,19.76,pet_shop,129.66
0236711b7bfcba7479639be980c21128,2017-06-14 16:19:07+00:00,cabo frio,RJ,259.99,66.63,moveis_escritorio,326.62
023a60303ff8d9e08b99e7474f7416ce,2017-06-12 21:16:00+00:00,curitiba,PR,59.0,16.17,moveis_decoracao,75.17
023aa4b0585594124bc50e55e0e11a5f,2018-04-01 23:03:34+00:00,sao paulo,SP,69.0,13.84,utilidades_domesticas,82.84
023ae47e11483bdb8aa35fa4662aee1c,2017-04-10 12:41:33+00:00,niteroi,RJ,89.99,22.1,Unknown,112.09
023af4b88d12c9f3f56bcb55da0450c5,2017-12-09 17:31:45+00:00,resende,RJ,79.0,32.49,papelaria,111.49000000000001
023af4b88d12c9f3f56bcb55da0450c5,2017-12-09 17:31:45+00:00,resende,RJ,99.0,3.25,papelaria,102.25
023b3575b6649cf01cb239c0e9603262,2017-12-28 01:15:31+00:00,sao paulo,SP,149.9,21.54,cama_mesa_banho,171.44
023b49300b34f2b9961857266df731dc,2017-09-21 09:58:40+00:00,campo grande,MS,139.9,22.85,esporte_lazer,162.75
023dced8c25f743c5fdcf14edabac7a8,2018-03-25 23:03:22+00:00,sao paulo,SP,12.25,7.39,eletronicos,19.64
023dec08929b8cafa8028da5e6b527b6,2018-03-17 14:49:12+00:00,sao paulo,SP,46.9,7.39,perfumaria,54.29
023e55afed85f9778758fba7752a9215,2018-03-23 11:37:37+00:00,caraguatatuba,SP,99.0,14.05,informatica_acessorios,113.05
023efd060c082063e299dc77891ea1b7,2017-11-14 12:43:54+00:00,nova iguacu,RJ,48.9,7.94,esporte_lazer,56.839999999999996
023faf5fac58639f7cf53cb7dd219859,2018-01-14 20:18:38+00:00,curitiba,PR,69.49,16.25,esporte_lazer,85.74
0240111ef6f94ee97599bd002acec1cd,2018-06-24 18:26:15+00:00,itapolis,SP,149.0,74.99,malas_acessorios,223.99
0240c9d87266e4cabc3bacdcdc6e77e4,2018-06-12 08:40:31+00:00,sao paulo,SP,129.0,34.98,ferramentas_jardim,163.98
0241b276e1e2b1d6873473c44240b426,2018-02-21 09:38:26+00:00,rio de janeiro,RJ,84.0,17.03,informatica_acessorios,101.03
024319cfbf2156b9b8a0a50c3aef45b7,2018-06-08 19:59:34+00:00,rio de janeiro,RJ,169.99,19.07,relogios_presentes,189.06
02440f65dc09737b491463739c347446,2018-02-26 09:57:21+00:00,osasco,SP,119.9,15.59,perfumaria,135.49
02447024ad7cd72fab1af9b28bebb901,2018-04-11 22:43:32+00:00,sao paulo,SP,73.9,11.62,papelaria,85.52000000000001
024554aeb0da84476f1c31a711e0990c,2018-04-18 14:22:18+00:00,cuiaba,MT,17.9,17.06,cama_mesa_banho,34.959999999999994
0245631f7bd55dbee7c6b441629bba94,2017-10-05 18:26:36+00:00,rio de janeiro,RJ,279.9,30.84,cama_mesa_banho,310.73999999999995
0245631f7bd55dbee7c6b441629bba94,2017-10-05 18:26:36+00:00,rio de janeiro,RJ,329.9,33.82,cama_mesa_banho,363.71999999999997
0245631f7bd55dbee7c6b441629bba94,2017-10-05 18:26:36+00:00,rio de janeiro,RJ,119.9,13.13,cama_mesa_banho,133.03
0245631f7bd55dbee7c6b441629bba94,2017-10-05 18:26:36+00:00,rio de janeiro,RJ,119.9,12.33,cama_mesa_banho,132.23000000000002
02457250c331120c9dea3bf840316d54,2017-07-12 18:12:38+00:00,barbacena,MG,349.99,18.76,brinquedos,368.75
0245af1fbe1f70f5ac7c1793c78f12cb,2018-01-16 15:14:13+00:00,belo horizonte,MG,110.0,20.01,relogios_presentes,130.01
024602a52e3c89ca5f963affcd2bedad,2018-07-06 20:07:20+00:00,cianorte,PR,27.9,18.3,automotivo,46.2
0246b043b8ae041912cc7651ceb1ba2f,2017-10-26 10:54:50+00:00,belo horizonte,MG,45.9,15.11,cama_mesa_banho,61.01
0247aa98317f60908e99f44e7a2a4896,2017-12-08 11:32:44+00:00,volta redonda,RJ,89.99,45.09,ferramentas_jardim,135.07999999999998
0248cb6c91b223b74dc554e1d2c2a59d,2018-04-25 17:50:13+00:00,itatim,BA,149.9,23.98,informatica_acessorios,173.88
024a19cc498cc1a9efcf675d1ca465c3,2018-04-03 16:35:22+00:00,serra,ES,177.65,25.37,automotivo,203.02
024a74550cdbd36c0fe3955fc9e2bcf0,2018-08-09 08:10:23+00:00,sao paulo,SP,27.99,7.46,telefonia,35.449999999999996
024ab991361d48e491b7dad2f172b43f,2018-05-17 17:25:10+00:00,teresina,PI,79.98,34.04,moveis_escritorio,114.02000000000001
024b3b6b53b99a1eb8b9b34515106765,2018-01-23 21:33:51+00:00,ribeirao preto,SP,349.9,21.33,cama_mesa_banho,371.22999999999996
024bee763e8abbf0cd46fa7f440c41ea,2017-08-06 22:47:20+00:00,guarulhos,SP,29.99,14.1,beleza_saude,44.089999999999996
024d4903890a56c2e98df63a32206bd9,2017-11-04 09:51:58+00:00,belo horizonte,MG,59.99,16.18,cama_mesa_banho,76.17
024d4ef645f204e4f95cb2a0d9cc61f9,2017-10-29 09:07:09+00:00,juiz de fora,MG,56.99,16.16,cama_mesa_banho,73.15
024d56279184e5cb942d9abf28fc14e6,2017-05-21 17:56:38+00:00,sabara,MG,89.0,8.21,informatica_acessorios,97.21000000000001
024f8681c73783017f7cd5d5b061be3a,2017-09-12 13:10:18+00:00,sao caetano do sul,SP,49.0,7.78,relogios_presentes,56.78
02504308041b6ad0a112b2b7159439ed,2018-03-09 10:11:51+00:00,fortaleza,CE,146.94,52.85,moveis_escritorio,199.79
0250c3964e5ca77ecac2db28d78aa89f,2018-06-30 13:48:24+00:00,rio de janeiro,RJ,36.2,18.35,consoles_games,54.550000000000004
02521a906b13fc8ff9314bf88adc31ed,2018-07-16 10:46:13+00:00,guarulhos,SP,509.0,12.31,relogios_presentes,521.31
0252299d97791cd5879873cba920d1f7,2017-10-20 12:37:34+00:00,cariacica,ES,89.99,17.07,beleza_saude,107.06
025321e4e9674e090b7bc101f9c5ab5a,2017-06-20 21:56:51+00:00,santos,SP,59.9,50.92,moveis_decoracao,110.82
02542d42d329f6514533eef3af91edf9,2017-11-07 19:32:45+00:00,campinas,SP,146.0,12.52,relogios_presentes,158.52
02546acbfd2949a1f63c44ad04978ea1,2018-07-22 23:31:31+00:00,sao jose dos campos,SP,78.0,7.81,relogios_presentes,85.81
02556030d826438ef986ab5fd723a9a5,2018-02-11 10:47:59+00:00,arembepe,BA,49.9,19.59,ferramentas_jardim,69.49
02557013eeaffd86a6cc5ffd80a4b54e,2018-02-17 22:48:59+00:00,sao paulo,SP,90.0,9.44,moveis_decoracao,99.44
02564f320004c61ebf621191f06365a9,2018-02-18 17:02:17+00:00,cosmopolis,SP,25.9,11.85,informatica_acessorios,37.75
0256530d814cde05587fcd8e1b992bc8,2017-09-28 23:57:42+00:00,vitoria da conquista,BA,325.0,18.71,beleza_saude,343.71
0257956857cf61994611a0a19f4bc247,2017-10-16 20:29:14+00:00,cruz alta,RS,54.89,15.13,esporte_lazer,70.02
025830a006d984bf712a8c6a1eca41c0,2018-03-09 19:42:31+00:00,linhares,ES,35.0,26.43,cool_stuff,61.43
025884a2189930178d9ba3b1c6d0f9ba,2018-03-20 09:29:26+00:00,catu,BA,124.9,27.6,cama_mesa_banho,152.5
02593f8472d9ab3c2620b1b46166c231,2017-07-12 11:50:10+00:00,sao paulo,SP,499.9,10.75,brinquedos,510.65
0259b4edb1ee1ebd0263f59bd790a938,2017-09-01 03:12:29+00:00,sao bernardo do campo,SP,54.9,14.13,beleza_saude,69.03
0259bebdec429a3ec5a653df8f28574e,2018-01-07 14:22:43+00:00,ubatuba,SP,89.0,12.96,papelaria,101.96000000000001
0259ec3c458d0e8c7564647a42408fa6,2018-03-14 08:53:31+00:00,querencia do norte,PR,79.9,19.53,cama_mesa_banho,99.43
025a244ae3d5e6c53b7f9c902643f510,2017-08-15 14:37:16+00:00,gravatai,RS,27.93,14.1,market_place,42.03
025a548c7e6d70e6b6cf600a112b0d9c,2018-06-01 12:39:45+00:00,rio de janeiro,RJ,159.0,36.24,utilidades_domesticas,195.24
025c72e88fbf2358be05c594d4ad5091,2017-03-15 21:24:27+00:00,anapolis,GO,19.9,20.8,telefonia,40.7
025d78a44b8f48c66fd09239910302b1,2018-04-18 13:37:54+00:00,sao vicente,SP,827.99,14.15,casa_construcao,842.14
025e095e20c6575abee30657b956b3ff,2018-08-16 15:32:45+00:00,sao paulo,SP,160.0,12.14,esporte_lazer,172.14
025e90567adfa253765b7fe0e844af3e,2017-06-10 14:01:56+00:00,sao paulo,SP,89.9,13.65,casa_conforto,103.55000000000001
025fe62703ce31742dc8bbe8b1a99b56,2017-12-16 12:44:51+00:00,guarulhos,SP,45.49,9.94,bebidas,55.43
0260196efc012b1f83d543ba8220d0ee,2018-07-21 21:53:08+00:00,sao paulo,SP,105.0,18.54,pet_shop,123.53999999999999
026054570865201773b27b2748af1217,2017-12-08 14:32:08+00:00,caibi,SC,19.9,15.1,eletronicos,35.0
02605c218285d02df75a255f13396f1e,2017-01-31 17:43:09+00:00,timbauba,PE,34.99,24.84,telefonia,59.83
02608b91ec6070ff5fcd4b63dd964232,2018-02-23 14:59:08+00:00,sao paulo,SP,30.5,7.78,brinquedos,38.28
0260b4ed1d24feacffa9d9783016a467,2017-03-21 17:14:02+00:00,sao paulo,SP,59.9,15.63,climatizacao,75.53
02610d88ac343ed64988d2706ce3ebfd,2018-02-04 19:34:05+00:00,sao joaquim de bicas,MG,28.0,15.11,instrumentos_musicais,43.11
0261459497a63d27d6f197c00f2402d3,2017-12-12 19:45:12+00:00,sete lagoas,MG,79.0,17.8,papelaria,96.8
0261b9a1fd7da49cec3906e055b2f59d,2017-02-26 23:37:07+00:00,couto de magalhaes,TO,169.0,29.46,moveis_decoracao,198.46
0261eac8b7b097ab1e28579b69e6ea90,2018-06-25 16:32:49+00:00,sao paulo,SP,99.0,33.17,moveis_sala,132.17000000000002
02623e799dcc1e41066ddfe4af591f24,2017-12-06 08:47:32+00:00,brasilia,DF,52.99,15.12,beleza_saude,68.11
02624f7cd7272b3e027320023dbdc99b,2017-10-10 09:37:51+00:00,peritiba,SC,31.9,16.79,informatica_acessorios,48.69
0263464225bdea582f602c369c2b6061,2018-04-04 22:23:19+00:00,florianopolis,SC,39.99,16.95,cama_mesa_banho,56.94
026381d57420b32237d7d89a8daf21c9,2017-07-09 16:25:00+00:00,belford roxo,RJ,16.99,15.11,pet_shop,32.099999999999994
02640665fed0e2c2cdbe0f266a2aa1f2,2018-08-09 13:26:02+00:00,salvador,BA,134.9,27.89,cama_mesa_banho,162.79000000000002
02645c905eb7d1591a679f9bc3b669fd,2018-01-26 16:09:11+00:00,sao jose dos campos,SP,12.77,7.78,cool_stuff,20.55
02659c8edf02d1cb48b8b388ac7da90e,2018-04-10 16:18:22+00:00,belo horizonte,MG,180.0,22.34,automotivo,202.34
0265de29d2bf47d85101018e7f7d4ff6,2017-04-30 07:43:30+00:00,imperatriz,MA,45.9,31.95,pet_shop,77.85
02661696e065aa02977870f3a87940ab,2017-12-14 20:52:16+00:00,sao joao da boa vista,SP,79.0,13.57,papelaria,92.57
02671152ed141efc95384bdd230bc544,2017-11-26 21:33:25+00:00,patos de minas,MG,46.4,16.11,beleza_saude,62.51
0267556bb9e07f6184470cf755f5b5da,2017-05-06 22:56:18+00:00,sao goncalo,RJ,74.9,16.96,brinquedos,91.86000000000001
02680f764ca402aabbb86572ed2731ef,2017-05-28 17:18:03+00:00,sao caetano do sul,SP,169.0,16.89,moveis_decoracao,185.89
0268c75309d105bb28b7523f57f46a69,2018-03-31 17:15:42+00:00,canoas,RS,79.9,17.76,cama_mesa_banho,97.66000000000001
0268c75309d105bb28b7523f57f46a69,2018-03-31 17:15:42+00:00,canoas,RS,99.9,25.05,cama_mesa_banho,124.95
0268f664f7833aa949da2eae5321aa5b,2017-04-27 23:32:37+00:00,brasilia,DF,18.99,15.65,beleza_saude,34.64
026a69b8c98fbfc61de9050c41f1dd95,2018-03-08 09:24:33+00:00,guarulhos,SP,119.9,15.57,automotivo,135.47
026a8d09914c519feb34944477b6bd41,2017-08-27 12:57:14+00:00,belo horizonte,MG,35.99,19.59,moveis_decoracao,55.58
026b41054c5e6b7a4e94a971bb94193c,2017-02-03 18:25:13+00:00,juiz de fora,MG,379.0,29.99,automotivo,408.99
026d16bd3f41638e1003e974e5487904,2017-09-12 08:55:36+00:00,cajazeiras,PB,169.9,69.9,moveis_decoracao,239.8
026d2c7c84b97eb8854ca3fbdc6ab840,2017-03-11 11:54:28+00:00,paulinia,SP,184.9,16.4,cama_mesa_banho,201.3
026f3440c258a87c9f6fb9c8e1bbb6e7,2017-10-18 12:36:14+00:00,sao paulo,SP,38.99,8.72,eletronicos,47.71
02701a0103fedd7310a8d575f9a8d291,2017-07-24 16:08:06+00:00,boituva,SP,173.9,16.85,brinquedos,190.75
02702047ff5a89b9dd2f5afa7dcff91e,2017-05-11 23:04:35+00:00,sao paulo,SP,41.9,16.79,cama_mesa_banho,58.69
027042c68ea5fac4428694e17ac50538,2017-12-12 15:23:37+00:00,rio de janeiro,RJ,25.9,16.79,eletronicos,42.69
02714865c4c2f281df219af0a56ffeaa,2017-11-30 22:21:04+00:00,florianopolis,SC,109.9,15.52,informatica_acessorios,125.42
02725851051698269253f0823e7824b6,2017-09-04 21:54:22+00:00,osasco,SP,18.9,7.78,perfumaria,26.68
027286057add812ecb77ad0b23604c06,2018-03-03 17:11:11+00:00,munhoz,MG,149.0,23.84,informatica_acessorios,172.84
02737086e020bd456ae19e98fee5c186,2018-01-17 18:06:57+00:00,presidente prudente,SP,257.13,14.14,informatica_acessorios,271.27
02742159d4c85a23b993b6f11ae044ea,2018-01-15 13:37:28+00:00,piracicaba,SP,139.99,14.37,artes,154.36
02748e01a6356d0e5072ac06f4dd0bc4,2018-06-04 21:38:25+00:00,sao paulo,SP,104.9,12.07,utilidades_domesticas,116.97
02754590c907eb40ac34ed9b446970f6,2017-08-20 11:09:18+00:00,eusebio,CE,49.9,17.63,brinquedos,67.53
0275c0ac1928093069b95bb67cba52d8,2018-02-16 16:10:41+00:00,euclides da cunha,BA,49.8,16.79,cama_mesa_banho,66.59
0276bd1aea24c642af813980281af144,2017-03-28 19:34:19+00:00,jatoba,PE,139.0,40.48,automotivo,179.48
0277e2828b1b5735351d7818e6658ed1,2017-09-10 20:50:42+00:00,sao paulo,SP,59.0,11.91,beleza_saude,70.91
0277fae7eda81470bf6c87dc570e267a,2018-02-08 20:14:10+00:00,imbituba,SC,49.9,15.1,fashion_underwear_e_moda_praia,65.0
027a84a16c22c706669f35d578853f3e,2018-03-31 14:56:26+00:00,santo antonio de padua,RJ,59.9,18.3,cama_mesa_banho,78.2
027ae252d37e5527c2e109e268b222e2,2018-05-19 22:18:39+00:00,franca,SP,53.9,14.47,ferramentas_jardim,68.37
027b013d2186e25c2b82beb3679d0833,2018-04-11 15:49:16+00:00,nova friburgo,RJ,104.9,34.27,utilidades_domesticas,139.17000000000002
027b81ccdf72434e7346aafdf630ff31,2018-07-13 09:02:22+00:00,rio de janeiro,RJ,154.91,16.18,relogios_presentes,171.09
027bc78621f14cf45a7ce8dd83bf6516,2018-04-10 09:45:33+00:00,araraquara,SP,60.5,11.86,cama_mesa_banho,72.36
027d2a0c2a94018f57fd1b15f32a18a3,2018-01-04 16:52:07+00:00,santo andre,SP,129.0,13.92,papelaria,142.92
027e4543814c3b3509bbe890c569a841,2018-04-14 14:53:43+00:00,fortaleza,CE,329.0,54.12,eletronicos,383.12
027fb2504084c231e857f6cf558a9992,2017-10-09 23:05:41+00:00,barueri,SP,124.9,17.12,esporte_lazer,142.02
028116828b6e9f2b8070f1c4f66c68f0,2017-11-16 12:30:43+00:00,sangao,SC,119.9,18.41,perfumaria,138.31
0281523bfda80130f35b98f38dfb279b,2017-09-22 15:28:37+00:00,santos,SP,35.9,16.11,brinquedos,52.01
0281b24682fddf0c7efcaa299b066827,2018-06-24 15:02:20+00:00,cajobi,SP,67.9,24.09,moveis_cozinha_area_de_servico_jantar_e_jardim,91.99000000000001
0282e83acfe3e7aaf60c871a4a9aca61,2018-05-10 20:50:49+00:00,araruama,RJ,58.0,31.12,beleza_saude,89.12
0282e83acfe3e7aaf60c871a4a9aca61,2018-05-10 20:50:49+00:00,araruama,RJ,65.0,9.33,market_place,74.33
028369515408fa864cfe50091d4e76c5,2017-09-01 16:48:51+00:00,rio claro,SP,39.99,11.85,moveis_decoracao,51.84
0283a5f1680cc866884c09960d2462e3,2018-05-14 12:34:50+00:00,pato branco,PR,230.0,75.01,moveis_decoracao,305.01
02852b112ad108b3d2b3d4ee198d84a8,2017-11-25 11:58:17+00:00,salvador,BA,69.9,50.15,cama_mesa_banho,120.05000000000001
028558cddca332b40b4ac4cb77407edf,2017-06-26 10:26:31+00:00,gurupi,TO,2649.99,134.17,informatica_acessorios,2784.16
02855eb3e469890c3b741adb0fd64f71,2017-05-12 23:14:28+00:00,uberlandia,MG,89.0,15.37,eletronicos,104.37
028587d8834cae89e572f1db671d0419,2017-08-25 11:21:00+00:00,itapitanga,BA,99.9,23.57,malas_acessorios,123.47
0286c83491d80e29a5f16c150abb76b2,2017-10-29 16:45:18+00:00,campinas,SP,29.99,7.78,moveis_decoracao,37.769999999999996
0286dd0f954cb641dc3eb5db5e4467e6,2017-12-09 09:40:48+00:00,nao-me-toque,RS,59.9,16.18,esporte_lazer,76.08
0286e258217733541e80588e29c208c1,2017-10-08 20:37:04+00:00,maceio,AL,58.9,22.73,esporte_lazer,81.63
02870408b4c4492b036a48140f2092ed,2018-01-21 11:41:52+00:00,guarapari,ES,84.9,17.84,fashion_calcados,102.74000000000001
02875e2e1d01d7a1533215fb97510b06,2017-08-25 11:16:05+00:00,sao paulo,SP,199.0,8.65,papelaria,207.65
02881d166b44a823fd6947e715dfa5e4,2017-09-29 12:31:46+00:00,muzambinho,MG,70.9,15.25,telefonia,86.15
028aa70283170bf3cbfdce2c1b751cfa,2018-08-22 06:46:47+00:00,capinopolis,MG,64.5,19.64,eletronicos,84.14
028aa7c930356788f861ed1b7f984819,2018-01-13 20:35:15+00:00,sao goncalo,RJ,39.9,17.63,informatica_acessorios,57.53
028ad19261e3ad3406ca689348755456,2017-05-18 15:19:09+00:00,camaqua,RS,467.0,18.02,beleza_saude,485.02
028b18bcd128b49e2982741f83b78e77,2018-08-10 21:54:51+00:00,sao paulo,SP,260.0,37.12,utilidades_domesticas,297.12
028cad58dbd393e348c73435f8192919,2018-07-02 15:42:23+00:00,lins,SP,99.99,15.01,artes,115.0
028d62c0fdae574114981f4fb33b5538,2018-02-27 14:19:11+00:00,porto alegre,RS,57.9,16.17,beleza_saude,74.07
028dc52e12ddda803ec1e35eb0b7b0d9,2017-12-19 09:43:54+00:00,poa,SP,49.99,11.73,brinquedos,61.72
028df34320b87c04ef6de145db2e8444,2018-08-04 15:07:49+00:00,sao paulo,SP,118.13,17.02,utilidades_domesticas,135.15
028e069ddb78a5a7179f1e6734e226c6,2017-08-20 12:10:57+00:00,lages,SC,20.99,15.1,telefonia,36.089999999999996
028e1ce5e085cc7810f340572c316b35,2017-05-21 08:03:50+00:00,duque de caxias,RJ,89.9,15.38,cama_mesa_banho,105.28
028e37ed7cdd54ad41506f61df708cf9,2018-04-10 16:44:54+00:00,sao paulo,SP,15.99,7.39,perfumaria,23.38
028e8f5a96db8d372890e03d22829e9b,2018-04-18 17:15:44+00:00,guarulhos,SP,12.88,7.87,informatica_acessorios,20.75
028f5779c98e7df5dc803824bdaae40b,2017-10-30 10:44:09+00:00,sao jose dos campos,SP,74.9,25.04,ferramentas_jardim,99.94
028ffc48d3a4004a010e5847d7266cdb,2017-07-27 17:28:13+00:00,contagem,MG,12.97,14.1,telefonia,27.07
02905bba6aafd777542dacbfa8f4bc2d,2017-12-09 18:24:30+00:00,candido mota,SP,48.9,17.6,eletroportateis,66.5
02913330a2afb68b49bc9c5370bd5517,2018-01-28 15:38:58+00:00,goiania,GO,104.9,16.98,eletroportateis,121.88000000000001
0292fb46a5e22715459cb9a7b96e7aae,2018-04-18 21:43:22+00:00,piracicaba,SP,71.3,11.15,esporte_lazer,82.45
02950daa1214da108fb29cb5a0a3f74e,2018-06-26 10:57:28+00:00,rio de janeiro,RJ,69.5,18.59,beleza_saude,88.09
02951078a21a2d9341ea16089a4d5031,2017-03-16 15:16:53+00:00,neopolis,SE,235.0,22.1,consoles_games,257.1
02971473bcfb16642904d57bc3be50b8,2017-06-30 12:41:22+00:00,sao bernardo do campo,SP,99.99,11.9,cool_stuff,111.89
0297a2a062d136015afa9f5d9623818f,2018-01-28 15:27:43+00:00,guaratingueta,SP,13.65,11.85,eletronicos,25.5
0297f94a646c942bde497bd200cce1ed,2017-12-26 18:10:57+00:00,sao paulo,SP,125.0,16.5,esporte_lazer,141.5
029863af4b968de1e5d6a82782e662f5,2017-07-06 09:03:55+00:00,nova friburgo,RJ,25.99,15.1,papelaria,41.089999999999996
029a092ea19290f774d21c51fd7ac45f,2018-01-29 17:33:48+00:00,sao miguel do araguaia,GO,99.87,17.14,beleza_saude,117.01
029b1d3a355dec12cfed60927f076a9d,2018-07-17 17:16:25+00:00,rio de janeiro,RJ,110.32,15.87,beleza_saude,126.19
029b2daf51dda061aeb1cf32c9306db7,2018-08-06 16:20:23+00:00,praia grande,SP,29.9,18.31,pet_shop,48.209999999999994
029b99b0436c25c8de22cb828831ffa8,2018-07-30 23:11:57+00:00,sao paulo,SP,379.0,63.63,eletronicos,442.63
029c366599ce117100419a093b7f6132,2018-06-17 20:41:20+00:00,embu das artes,SP,99.99,11.72,utilidades_domesticas,111.71
029c545413b10a6bd7540401f6eef0a3,2018-07-10 17:16:33+00:00,brasilia,DF,1350.0,294.76,instrumentos_musicais,1644.76
029de66f2ffa0e793ca2aad5e304a748,2018-03-04 17:04:40+00:00,jequitinhonha,MG,176.99,21.73,cool_stuff,198.72
029e3b4c8e64bea4ba22e456cd1930a3,2017-08-10 21:05:20+00:00,butia,RS,69.9,17.74,utilidades_domesticas,87.64
029e9be2972cf662f2cb336e98872ae3,2018-04-27 23:20:59+00:00,campo grande,MS,34.99,15.23,brinquedos,50.22
029f37989dcd7c9b928028086d68034b,2017-11-01 08:00:08+00:00,rio de janeiro,RJ,69.9,16.25,cama_mesa_banho,86.15
029f7a5aabaadfcdfe8c0eddb59a1069,2018-03-05 16:08:35+00:00,piracicaba,SP,29.9,8.27,beleza_saude,38.17
02a001cb5f40b1fee4f0375c89cce463,2018-04-14 08:49:33+00:00,divinopolis,MG,30.49,18.23,eletroportateis,48.72
02a059e99249511338c51476bf3d942e,2017-07-24 19:24:34+00:00,poa,SP,119.99,12.04,brinquedos,132.03
02a065131a2d2b72b45e2c63135606ad,2018-04-24 20:08:37+00:00,pato branco,PR,125.0,26.95,moveis_decoracao,151.95
02a0929986b1647b2df9bb303b4851b9,2018-06-25 21:13:29+00:00,suzano,SP,259.0,39.58,eletronicos,298.58
02a0eb7c22b0616c767a45954a2a28f6,2016-10-09 10:34:58+00:00,belo jardim,PE,119.5,25.04,livros_interesse_geral,144.54
02a0f7101947ebb4e6d2ec4c1c929bbb,2017-12-14 19:10:10+00:00,salvador,BA,89.99,22.5,instrumentos_musicais,112.49
02a266b82c117c3bffd894e713438484,2017-07-15 19:19:53+00:00,linhares,ES,205.0,26.27,cama_mesa_banho,231.27
02a3c3a1c72dbff557b2f56fc0caa847,2018-08-07 13:01:58+00:00,belo horizonte,MG,25.0,15.28,utilidades_domesticas,40.28
02a4b1835e0a493657a4d3281ca249bb,2018-03-03 17:22:36+00:00,ribeirao das neves,MG,129.9,27.23,esporte_lazer,157.13
02a54d22a5cd81b89c0a40bf9a75d9a4,2018-03-20 14:19:47+00:00,sao paulo,SP,47.65,7.39,beleza_saude,55.04
02a58113b6c316d2aa7e110c8bdcbe6a,2018-03-11 11:48:05+00:00,paulinia,SP,42.99,15.23,informatica_acessorios,58.22
02a79582212a06e4d617380fb2db8636,2017-12-13 05:40:55+00:00,campinas,SP,35.9,15.11,cool_stuff,51.01
02a7c0948e8f36cc17e787f73395de4d,2017-12-14 22:04:16+00:00,brumado,BA,9.0,16.79,eletronicos,25.79
02a96427d96112413499795f52a9a4e8,2018-05-22 19:29:33+00:00,atibaia,SP,66.3,8.29,construcao_ferramentas_construcao,74.59
02a96c679e6086ecd026c42a83136068,2017-12-19 09:55:01+00:00,sao carlos,SP,67.9,11.98,esporte_lazer,79.88000000000001
02a98752595ee9d94c570ad3e18055b4,2018-08-02 12:05:59+00:00,sao bernardo do campo,SP,68.9,11.5,utilidades_domesticas,80.4
02a9c0d24428f373731752bcc9719ebe,2017-06-11 11:00:52+00:00,hortolandia,SP,55.5,12.73,brinquedos,68.23
02ac6689fe09c236d7651b93246b6dbe,2018-05-25 11:45:04+00:00,maua,SP,87.28,6.53,cama_mesa_banho,93.81
02acaa2a6f24e9c4e0bec7141b65f29b,2017-09-07 04:14:08+00:00,brasilia,DF,29.9,14.1,informatica_acessorios,44.0
02ae2a6d1d1f1432dc743ca4f67033df,2018-07-30 12:20:10+00:00,belo horizonte,MG,158.0,16.21,bebes,174.21
02aec12849744e266394182861265286,2017-08-31 17:46:40+00:00,dias d'avila,BA,174.9,35.74,bebes,210.64000000000001
02aeeaf3075593045bf2f59a7109e2c1,2018-07-22 16:16:38+00:00,sao paulo,SP,52.39,19.56,utilidades_domesticas,71.95
02b02f566c72d81744ae60c7b6afa22d,2018-03-05 12:03:36+00:00,sao bernardo do campo,SP,139.9,8.23,papelaria,148.13
02b089f5e85ee9c52935ede2207b13e7,2018-05-13 13:15:36+00:00,sao paulo,SP,29.9,7.71,beleza_saude,37.61
02b09d03f22e1da491e4d578a0bc3f90,2018-03-05 12:17:21+00:00,brasilia,DF,29.0,14.1,relogios_presentes,43.1
02b0bf9164ac7753f9880e46dba17f6c,2017-06-17 17:04:31+00:00,sao joao da boa vista,SP,19.99,20.78,informatica_acessorios,40.769999999999996
02b0bf9164ac7753f9880e46dba17f6c,2017-06-17 17:04:31+00:00,sao joao da boa vista,SP,19.74,2.91,informatica_acessorios,22.65
02b2c02d27d60c0e658675335ca80216,2017-08-05 12:57:02+00:00,duque de caxias,RJ,59.9,17.67,ferramentas_jardim,77.57
02b39a781ee24f6997ad691ea7a01491,2017-12-10 12:04:08+00:00,sao paulo,SP,105.0,21.57,informatica_acessorios,126.57
02b57854fda246aca8459d17f5ccbffa,2017-09-28 13:18:59+00:00,sao paulo,SP,49.99,11.73,utilidades_domesticas,61.72
02b57c07010db3ded50936152756a6e8,2018-02-17 17:58:51+00:00,nilopolis,RJ,99.9,16.95,moveis_decoracao,116.85000000000001
02b63408e665194f2794a94576001e56,2017-03-16 08:53:48+00:00,pirapora do bom jesus,SP,189.9,49.85,esporte_lazer,239.75
02b73712c7944322d0b5a314f2424ee4,2017-09-16 10:25:55+00:00,rio de janeiro,RJ,89.99,14.38,beleza_saude,104.36999999999999
02b7a3c4c3376a74359add1cdf94bbd8,2018-08-14 11:29:59+00:00,tatui,SP,178.0,13.91,relogios_presentes,191.91
02b7cbd604df10c09427902dc682b0d3,2018-03-03 17:46:08+00:00,sorocaba,SP,35.0,13.08,cool_stuff,48.08
02b7e7c49710de373ce4bb83fd4bf81d,2017-05-10 07:27:24+00:00,santa helena,PR,53.9,13.4,livros_interesse_geral,67.3
02b8c16664d3c254052472397ae6d244,2017-08-15 09:37:46+00:00,guaira,SP,108.0,13.1,cool_stuff,121.1
02b8fcdd1bd75d7d5861f407dde29768,2018-05-15 11:12:08+00:00,porto velho,RO,13.99,22.85,perfumaria,36.84
02b939dcd55f2b17680e10690deb08b5,2017-08-06 11:16:03+00:00,sao paulo,SP,75.0,13.08,moveis_decoracao,88.08
02b9a87c19eb57b9ebaebb3a6850de9f,2017-10-25 15:26:03+00:00,conselheiro lafaiete,MG,97.0,17.93,esporte_lazer,114.93
02b9fd867657f257dc634a2e7e0f73c5,2017-06-10 12:16:30+00:00,brasilia,DF,120.0,16.6,pet_shop,136.6
02bbf7328b514a90bedde6541c213811,2017-04-05 14:33:07+00:00,belo horizonte,MG,30.9,8.72,papelaria,39.62
02bcd06d9bfda1c2a4037560bed7b90f,2018-04-16 17:47:15+00:00,taruma,SP,126.79,33.75,brinquedos,160.54000000000002
02bd584dedf7373cb07b6540cadf9a76,2018-08-04 21:43:05+00:00,goiania,GO,54.0,23.18,beleza_saude,77.18
02bd92abe094825e0683bacaacb64285,2017-11-27 15:30:19+00:00,palmas,TO,59.9,25.7,beleza_saude,85.6
02be6bbf24cd996eb35dad6e9e7a09ab,2018-01-19 10:19:28+00:00,juiz de fora,MG,210.0,50.0,esporte_lazer,260.0
02beac5428ccbd30f4b3fbded058289f,2017-10-29 21:01:35+00:00,sao paulo,SP,21.99,26.84,papelaria,48.83
02beac5428ccbd30f4b3fbded058289f,2017-10-29 21:01:35+00:00,sao paulo,SP,75.9,1.8,informatica_acessorios,77.7
02bee300cb834a5d334ae42fdc325e7a,2018-06-19 17:51:45+00:00,sao paulo,SP,195.9,8.63,relogios_presentes,204.53
02bf0154cffa7eff0ce73027221834b9,2018-06-12 14:39:39+00:00,salvador,BA,130.0,67.44,bebes,197.44
02bfd16c1a67263989b258fa92e20d3b,2018-08-16 20:02:31+00:00,mae d'agua,PB,39.89,51.0,telefonia,90.89
02c05171c3cd91c2cdce7e0f861c9a9d,2017-12-22 13:13:20+00:00,belo horizonte,MG,29.99,14.1,telefonia,44.089999999999996
02c13bb9b84866055ea2074cc6a83a16,2018-06-27 00:18:16+00:00,balneario camboriu,SC,99.0,64.06,moveis_sala,163.06
02c279c60b8aafcb89cb42f9bc4b754e,2017-04-04 23:39:14+00:00,sao paulo,SP,292.9,16.22,perfumaria,309.12
02c371100bf54facae80322579c7fefb,2017-11-07 02:55:51+00:00,santos,SP,49.9,9.34,flores,59.239999999999995
02c51fbf49fd8169c04fbc30e9632ebf,2018-03-20 21:43:44+00:00,bauru,SP,45.99,11.86,cama_mesa_banho,57.85
02c5426a54d34d28a32088cf69167730,2017-06-30 17:20:14+00:00,rio de janeiro,RJ,32.9,17.6,ferramentas_jardim,50.5
02c6f38cbd2d15df19cf2621019823fd,2017-07-06 09:08:36+00:00,pejucara,RS,189.89,17.09,informatica_acessorios,206.98
02c84deb7aa1f2e74090d56a0ec84120,2018-03-01 22:46:34+00:00,japeri,RJ,18.9,15.1,eletronicos,34.0
02c8875e5351540e76019fb7429e163f,2018-02-15 15:11:35+00:00,sao paulo,SP,9.0,7.78,eletronicos,16.78
02c8a77069dc7fd1cf273312c3a6e499,2017-08-30 23:47:53+00:00,cordeiro,RJ,279.99,15.55,Unknown,295.54
02c8bbea821df770f3665094a0ecfc1c,2017-10-01 12:32:04+00:00,presidente prudente,SP,79.0,13.57,papelaria,92.57
02c8da4642d8bb546d022a0701ea1b5a,2018-07-24 14:06:08+00:00,sao paulo,SP,109.9,43.91,pet_shop,153.81
02c9b2b746777e4dadcf72941e5a010d,2017-04-14 18:09:37+00:00,salvador,BA,194.99,23.29,perfumaria,218.28
02c9fa29186a8d00b3e73d3837ea40e5,2018-08-18 18:52:16+00:00,vassouras,RJ,25.99,18.25,pet_shop,44.239999999999995
02c9fa29186a8d00b3e73d3837ea40e5,2018-08-18 18:52:16+00:00,vassouras,RJ,19.0,18.25,pet_shop,37.25
02ca7369ae10c2f90a73b79be24387cd,2018-04-25 09:13:43+00:00,braco do norte,SC,126.0,18.76,cama_mesa_banho,144.76
02cb14245fd2ce5926afb2225f28b002,2018-02-20 19:41:41+00:00,belo horizonte,MG,319.0,20.77,eletroportateis,339.77
02cb37269f256232b81be588ef056c92,2018-03-05 18:26:35+00:00,sao paulo,SP,135.0,15.83,informatica_acessorios,150.83
02cb7027f3074adf1407706d712298f7,2018-08-07 19:33:01+00:00,belem,PA,135.9,23.67,papelaria,159.57
02cbfc1aa8d209d7fec3325970ca22a6,2018-06-13 20:39:04+00:00,sao paulo,SP,27.99,7.46,telefonia,35.449999999999996
02cda26d2cd43c51fefac9e3291fbc9b,2018-05-04 05:52:57+00:00,nova iguacu,RJ,49.0,15.23,relogios_presentes,64.23
02cdf0f2b05845468fdf0c104e24ae17,2018-08-17 23:24:19+00:00,sorriso,MT,44.0,9.99,papelaria,53.99
02cdf0f2b05845468fdf0c104e24ae17,2018-08-17 23:24:19+00:00,sorriso,MT,29.3,9.99,papelaria,39.29
02ce6664223305cea5b46ef1f2d81461,2017-08-02 21:25:06+00:00,sao paulo,SP,42.95,11.85,eletronicos,54.800000000000004
02ce7f70a5c7a6b04c29a98b061d68b7,2017-06-05 21:47:24+00:00,jundiai,SP,329.9,57.59,brinquedos,387.49
02d0cd05f04ab2e3c1acc473b0abc865,2018-03-25 14:19:18+00:00,jacareacanga,PA,49.0,37.04,fashion_bolsas_e_acessorios,86.03999999999999
02d2287dea15cd93d945f1749f3288ed,2017-01-31 16:59:03+00:00,presidente prudente,SP,36.85,11.74,beleza_saude,48.59
02d273267575a29864f552b2de598580,2018-05-28 17:31:20+00:00,brasilia,DF,150.0,9.67,moveis_decoracao,159.67
02d273267575a29864f552b2de598580,2018-05-28 17:31:20+00:00,brasilia,DF,40.0,21.49,moveis_decoracao,61.489999999999995
02d2fbf1c9a20d04ceab86eb736fa22e,2018-06-14 16:09:47+00:00,marilia,SP,49.0,13.0,relogios_presentes,62.0
02d3254501ce969c22c38d060166bf68,2018-07-14 20:33:01+00:00,campina verde,MG,99.99,23.69,ferramentas_jardim,123.67999999999999
02d33b6a9d9e61e68ef9190bd30aefce,2017-11-23 15:01:36+00:00,palmas,PR,39.0,16.11,perfumaria,55.11
02d3eba685e8150e0e3abacd9c230642,2018-05-29 13:55:57+00:00,sorocaba,SP,31.0,7.39,papelaria,38.39
02d50facee2072550ae5a8ef3dc2e10f,2018-01-13 23:58:01+00:00,sao paulo,SP,38.4,9.34,moveis_decoracao,47.739999999999995
02d5935847b855f189ad0391968773b2,2017-10-13 12:32:41+00:00,teixeira de freitas,BA,34.9,16.79,brinquedos,51.69
02d63a39dc1b1a296141b46d3db19415,2018-03-31 19:40:39+00:00,paulinia,SP,130.0,15.79,beleza_saude,145.79
02d8088eb13e63f678999f21c72b0047,2018-03-05 18:12:50+00:00,sao paulo,SP,39.9,14.08,instrumentos_musicais,53.98
02d84940c88e0c1c91ec65aeb663578d,2018-02-03 11:41:57+00:00,jandira,SP,180.0,10.01,informatica_acessorios,190.01
02d8a3fffa425e73385cc7f7a6518fbe,2018-04-27 12:20:35+00:00,paulinia,SP,14.0,7.39,automotivo,21.39
02d9d1d66bff41ffbce36cb7248351f3,2017-10-28 20:57:46+00:00,sao paulo,SP,107.99,12.26,cama_mesa_banho,120.25
02da43e64b38100ea4b0b4a76cc2ba66,2017-05-24 08:26:19+00:00,sao leopoldo,RS,249.99,18.32,brinquedos,268.31
02dade411839b1c334363dc9058e1124,2017-09-18 18:43:37+00:00,sao paulo,SP,218.36,13.03,informatica_acessorios,231.39000000000001
02db3eec8ec9d3a35e2afe15367f21b8,2018-03-26 22:13:21+00:00,bauru,SP,58.99,13.49,beleza_saude,72.48
02dbd29bc7a490d582762fae9f0fd997,2017-11-24 12:12:41+00:00,sao luis,MA,48.3,21.15,automotivo,69.44999999999999
02dcfbe3274b16820a9fca74c156dc9a,2017-11-20 13:53:01+00:00,sao jose do rio preto,SP,454.0,15.52,consoles_games,469.52
02de39953ce1cf1f7c6d46aac400ee82,2018-07-23 13:01:19+00:00,paicandu,PR,69.0,18.58,fashion_bolsas_e_acessorios,87.58
02dec5fbe189e3c2ccd9ba071c6bb78d,2017-12-08 18:58:34+00:00,sao bernardo do campo,SP,126.0,13.9,cama_mesa_banho,139.9
02df7a4137081ada2a06ac6e2bca6364,2017-09-19 13:53:09+00:00,jundiai,SP,109.99,27.21,bebes,137.2
02e0b68852217f5715fb9cc885829454,2017-11-24 06:25:10+00:00,taubate,SP,56.99,11.9,perfumaria,68.89
02e0c2efb6d9bb2a95ca90b7e78bec1f,2018-04-01 10:50:46+00:00,sumare,SP,39.99,12.79,cama_mesa_banho,52.78
02e151e3ad2aa3f8e99de08c81a93c2c,2017-06-23 11:36:02+00:00,congonhas,MG,59.9,17.67,ferramentas_jardim,77.57
02e15a348e5f7ae74cd23e7904095aee,2018-04-02 16:07:39+00:00,sao paulo,SP,149.99,23.93,esporte_lazer,173.92000000000002
02e20d5cc0d1df880e43ab3ed50a238b,2018-01-24 10:01:41+00:00,jundiai,SP,129.99,14.51,brinquedos,144.5
02e275a40a23c32f81e13045c84b5a19,2017-11-10 21:49:33+00:00,sao paulo,SP,196.99,35.54,moveis_escritorio,232.53
02e3d94731a28fe10ec1aa91b72b544b,2018-04-29 15:32:56+00:00,itaipulandia,PR,24.99,18.23,informatica_acessorios,43.22
02e405aa2667a116637cdb4affaf93c0,2018-04-17 23:29:11+00:00,dores do indaia,MG,69.99,31.87,cama_mesa_banho,101.86
02e405aa2667a116637cdb4affaf93c0,2018-04-17 23:29:11+00:00,dores do indaia,MG,49.95,10.52,cama_mesa_banho,60.47
02e440cd2d735b66f2c859ecd1ec44bd,2017-11-24 00:07:16+00:00,pitangueiras,SP,116.9,13.16,cama_mesa_banho,130.06
02e4a3c7ec652c4ab1077763215580cf,2018-03-19 17:22:02+00:00,guarulhos,SP,19.0,8.88,esporte_lazer,27.880000000000003
02e6bcccce2e88560389846400e74e50,2017-10-18 20:00:55+00:00,recife,PE,219.0,45.38,consoles_games,264.38
02e7b3980e9984556bb3a764306f3e31,2018-03-18 11:11:07+00:00,blumenau,SC,89.9,23.56,utilidades_domesticas,113.46000000000001
02e827a9f1e829b50b81eb9e26588ed9,2017-08-11 18:32:57+00:00,sao paulo,SP,59.9,7.78,brinquedos,67.67999999999999
02e8498a91ec0e72dfaff47b27c805a3,2017-11-03 13:40:44+00:00,caxias do sul,RS,84.9,17.84,fashion_calcados,102.74000000000001
02ea547b6d2ee25305588fd50df58b46,2017-03-23 22:03:43+00:00,porto alegre,RS,23.99,15.65,telefonia,39.64
02ea54f5cf3a07904182167e104f97ff,2017-03-19 19:30:39+00:00,itu,SP,129.99,13.49,cool_stuff,143.48000000000002
02ead97e330f2220485cb34ceaf2fad9,2017-06-25 23:06:58+00:00,canoinhas,SC,54.9,15.13,fashion_bolsas_e_acessorios,70.03
02ebcb8b63b7e61be9514866e432d1d8,2018-01-25 12:06:19+00:00,sao paulo,SP,149.9,23.37,informatica_acessorios,173.27
02ec38bbb2e837e0ef32fae6c5a651b5,2018-03-16 16:24:42+00:00,cubatao,SP,24.0,8.88,livros_tecnicos,32.88
02ec4da9d03014f06d711d60eb37cc22,2017-04-28 12:32:56+00:00,belo horizonte,MG,85.0,20.08,cama_mesa_banho,105.08
02ed129a369c56d40549270ac5900864,2018-07-02 21:30:10+00:00,itauna,MG,139.0,14.31,relogios_presentes,153.31
02ed3b96772956405d25c2d35c766c68,2018-04-11 08:00:56+00:00,belo horizonte,MG,89.9,9.36,papelaria,99.26
02ef9aa8b6692c2ff049065f5a150c28,2018-08-01 11:42:44+00:00,belo horizonte,MG,29.9,15.31,esporte_lazer,45.21
02efbfba398618f44f8c4097d6822ddd,2018-07-25 17:31:45+00:00,salto,SP,29.9,7.47,beleza_saude,37.37
02f0618d94e9aeeb35a81835fa5c64d7,2017-12-18 10:36:07+00:00,rio de janeiro,RJ,119.0,21.32,relogios_presentes,140.32
02f1d13053a2833d022b8921ee3411a3,2018-08-02 12:05:22+00:00,rodeio,SC,74.99,19.72,esporte_lazer,94.71
02f2c7fceceffdefd9a7e96abe08d93f,2017-06-18 20:06:06+00:00,goiania,GO,179.99,40.19,moveis_escritorio,220.18
02f2f6063eb01b5e6e29bda347635389,2018-03-19 19:36:41+00:00,sao bernardo do campo,SP,49.0,7.39,instrumentos_musicais,56.39
02f30be57375dc610c40ca989d2385b7,2017-11-27 18:25:55+00:00,salto,SP,69.0,11.73,automotivo,80.73
02f4865eba77caf307bb9f08d0a59a32,2017-04-19 03:08:08+00:00,londrina,PR,117.3,22.29,automotivo,139.59
02f4ae2225612fe9e42562a8e1f466b3,2018-01-08 15:55:45+00:00,santa luzia,MG,27.18,15.11,automotivo,42.29
02f4dd90ba0feb8ec394cac05862d2b5,2018-05-29 16:04:49+00:00,humaita,AM,79.9,51.06,consoles_games,130.96
02f6d9982a52e44cf5a2be82598d078d,2017-09-16 20:28:28+00:00,armacao dos buzios,RJ,213.0,18.74,bebes,231.74
02f751c4c2fc8ca376b65c8847b65f4d,2018-06-16 09:42:35+00:00,presidente epitacio,SP,128.25,15.21,construcao_ferramentas_seguranca,143.46
02f82a2b0b79e9dbb86c47cef1e92063,2017-05-02 04:34:18+00:00,sao jose dos campos,SP,109.9,15.88,moveis_decoracao,125.78
02f8584bbcb3aeae87d8e697737fb5b1,2018-06-11 17:29:39+00:00,rio de janeiro,RJ,97.65,8.42,beleza_saude,106.07000000000001
02f886b28af7079755677a544bc54fda,2017-11-08 00:38:50+00:00,guaruja,SP,69.9,54.24,cama_mesa_banho,124.14000000000001
02fab07a655ce404330d65b508f32d9e,2017-05-19 14:41:31+00:00,serranopolis,GO,122.99,164.98,automotivo,287.96999999999997
02fafd9313d5274736b9740f23006a8d,2017-11-19 02:23:45+00:00,medianeira,PR,301.0,17.87,instrumentos_musicais,318.87
02fbb3b024a111c7e8a629bbd86df0e2,2018-05-29 17:47:32+00:00,sao paulo,SP,119.0,29.19,automotivo,148.19
02fc46ea58b91abb0507c92e7f6e33ff,2017-08-15 13:12:01+00:00,sao bernardo do campo,SP,26.9,7.78,eletroportateis,34.68
02fc75303e2529f036cb819168fa21a0,2018-07-17 20:10:33+00:00,caratinga,MG,50.0,18.45,papelaria,68.45
02fe1a0806a5041f35fc69f658202c34,2018-05-11 19:35:32+00:00,niteroi,RJ,79.9,15.44,informatica_acessorios,95.34
02ff3675b59b53ca5cdcb2b6752aeea1,2017-02-02 17:10:20+00:00,pelotas,RS,53.95,15.59,ferramentas_jardim,69.54
0300095becf10f9b2993706759522741,2018-07-01 20:21:03+00:00,hortolandia,SP,89.0,9.93,consoles_games,98.93
03005a2f16aaf981d51d8ef44222444a,2018-02-04 09:59:39+00:00,cuiaba,MT,139.9,39.97,moveis_sala,179.87
030106c028266ae3345eb9bf6dd790c1,2017-12-24 17:00:47+00:00,rio de janeiro,RJ,57.49,16.16,bebidas,73.65
0301ec492e902f2630234df285fa2a1b,2017-08-30 16:03:26+00:00,paripueira,AL,349.9,29.3,beleza_saude,379.2
030475e22d114f70be1a265fee326192,2018-04-23 16:06:44+00:00,sao paulo,SP,44.9,12.79,ferramentas_jardim,57.69
03053b1cb20006c7f8160754d56f4f6f,2018-02-19 13:18:57+00:00,macae,RJ,37.9,16.11,fashion_bolsas_e_acessorios,54.01
03054d8a8eefc2981cfad06f58e27979,2017-10-02 10:25:22+00:00,sao paulo,SP,58.9,15.16,cool_stuff,74.06
03059ebda0b2ad61612b300fe34ed8e2,2018-05-10 21:57:31+00:00,fortaleza,CE,39.9,19.04,construcao_ferramentas_construcao,58.94
0306b467a7c7d400d265b71cf6608e15,2018-02-01 11:32:12+00:00,curitiba,PR,61.5,13.58,moveis_escritorio,75.08
0307d42d9c781d32f86cdf1fa5c8670b,2017-03-16 10:03:18+00:00,rio de janeiro,RJ,80.0,9.57,cool_stuff,89.57
0307d42d9c781d32f86cdf1fa5c8670b,2017-03-16 10:03:18+00:00,rio de janeiro,RJ,50.0,12.9,esporte_lazer,62.9
030840d9a6c8137615d5a2c916667c2c,2017-08-01 14:40:53+00:00,lucelia,SP,58.2,15.16,beleza_saude,73.36
0308fbee05263aa1eb0b932e2dc7b4fd,2018-04-27 21:50:44+00:00,formoso,MG,699.0,19.95,fashion_bolsas_e_acessorios,718.95
0309a18e1e836baa9cd7289da085b4e1,2018-05-03 20:13:48+00:00,sao paulo,SP,41.9,7.39,informatica_acessorios,49.29
030aeef4719e9d33e0c39bd00a9a14be,2017-06-30 19:24:36+00:00,guarulhos,SP,388.0,50.22,bebes,438.22
030bc9dbf75985f16a84a296363fda3f,2018-02-17 08:28:29+00:00,paraiba do sul,RJ,149.0,40.37,informatica_acessorios,189.37
030c39b681ff2f80d984e9190524a029,2018-04-29 22:45:30+00:00,itaquaquecetuba,SP,53.9,10.13,ferramentas_jardim,64.03
030c7ec55b04c23a239cd70bd9750e18,2017-05-15 21:29:38+00:00,cerquilho,SP,69.9,13.51,papelaria,83.41000000000001
030d5292e5796b7c461070e04a7ad556,2018-02-01 23:05:45+00:00,campinas,SP,89.9,15.39,beleza_saude,105.29
030e16ae69706dde9e78557f9b501657,2017-05-26 16:12:07+00:00,rio de janeiro,RJ,399.99,15.63,brinquedos,415.62
030e234a82944425a6f46d5b2552b848,2017-03-06 16:37:16+00:00,ibotirama,BA,44.9,20.8,beleza_saude,65.7
030e558867da892772c999f60d09e854,2017-11-30 23:24:16+00:00,teresopolis,RJ,139.0,20.21,brinquedos,159.21
030e9e4de3076fb365bf6549b920215a,2017-05-31 20:13:40+00:00,itapeva,SP,64.99,11.95,beleza_saude,76.94
030f7abd700a4ceae9a8c4cff4b3dc95,2017-10-18 18:07:13+00:00,indaiatuba,SP,399.99,19.05,automotivo,419.04
03104945dce5c57f748dbb3dbd62daeb,2018-06-27 22:22:24+00:00,goiania,GO,45.0,15.42,automotivo,60.42
031096cba2ef517ed59888ecb13d69e2,2018-01-11 20:48:11+00:00,petropolis,RJ,159.99,10.13,brinquedos,170.12
031177de64d3bb73364a5f3306551105,2018-04-27 19:23:08+00:00,ponta grossa,PR,24.9,18.23,livros_interesse_geral,43.129999999999995
0311da9b3ac095a57a2662813e179bcb,2018-02-20 21:24:12+00:00,juiz de fora,MG,153.0,21.56,ferramentas_jardim,174.56
03128233e78ed8ade6738f2043f4cf8d,2016-10-04 19:01:13+00:00,bacaxa,RJ,57.9,14.61,beleza_saude,72.50999999999999
0312ecf90786def87f98aa19e0e0ce63,2017-05-10 22:02:40+00:00,santo andre,SP,35.0,7.78,brinquedos,42.78
03138c298bfe1ee7855eefc9442346a8,2018-06-15 16:07:24+00:00,duque de caxias,RJ,40.0,19.47,cama_mesa_banho,59.47
031494323fa558eee8dd1bd06fc34713,2017-11-26 15:44:00+00:00,mandaguari,PR,13.65,15.1,eletronicos,28.75
031530e9ab00574597b21443baa61f08,2018-03-03 10:25:35+00:00,goiania,GO,59.99,16.67,beleza_saude,76.66
03167be79e12e9d70dc67d864eea2300,2017-12-07 21:32:35+00:00,braganca paulista,SP,89.99,9.44,beleza_saude,99.42999999999999
03170fde460344ffa21460ac08f2bbd3,2018-02-18 14:25:22+00:00,rio de janeiro,RJ,38.9,14.1,informatica_acessorios,53.0
03171e00c28f7c3e5c779c2c1009a458,2017-08-10 14:54:28+00:00,sao paulo,SP,144.0,14.74,climatizacao,158.74
03181fddac1b424c893821ec539b2abf,2018-05-05 16:35:57+00:00,guarulhos,SP,7.9,7.87,sinalizacao_e_seguranca,15.77
03183d4abec30f2231280b2746c66d06,2018-02-21 15:14:58+00:00,curitiba,PR,39.99,14.1,telefonia,54.09
031a7dab65c3430d325ad35ab8a95277,2018-06-21 22:17:19+00:00,quatro barras,PR,109.9,18.82,construcao_ferramentas_construcao,128.72
031a9aee4d307a1ae62ed71224c63215,2018-02-15 15:14:44+00:00,piracicaba,SP,56.99,8.72,perfumaria,65.71000000000001
031bf6514694552e5b2967d02e4c42b4,2017-11-27 20:54:17+00:00,sao paulo,SP,99.9,12.4,cama_mesa_banho,112.30000000000001
031cf625cad56f5761e51c2675f0c0ae,2017-03-18 06:52:28+00:00,sao luis,MA,56.99,24.89,perfumaria,81.88
031d26635bd08bb7f773e40be986cce0,2017-10-21 15:41:11+00:00,rio de janeiro,RJ,71.0,19.99,utilidades_domesticas,90.99
031e7d4e559a1bf08e71a419aa998d0a,2017-04-06 12:59:46+00:00,recife,PE,73.99,24.52,telefonia,98.50999999999999
031e976ccc4a1678f5485552ed1ae778,2018-08-07 17:07:38+00:00,almirante tamandare,PR,179.9,39.77,automotivo,219.67000000000002
031e9d02ce26fb5bb1f85335708fc70b,2018-02-04 21:58:07+00:00,campinas,SP,41.3,8.27,fashion_bolsas_e_acessorios,49.56999999999999
031f32fc546699a954d6d89cfe9ca029,2018-05-07 16:05:05+00:00,sao paulo,SP,17.99,7.39,brinquedos,25.38
031f488d7e8549b5d8af94f5a3e9300e,2018-03-04 11:20:09+00:00,nova lima,MG,144.99,17.26,cool_stuff,162.25
03202c9906e9d1140a8ac3e15f4492e8,2018-08-04 10:52:50+00:00,santa barbara d'oeste,SP,49.91,20.99,ferramentas_jardim,70.89999999999999
03211eda276999d5eaa8a167a4b6286a,2018-06-22 18:47:50+00:00,rio grande,RS,479.0,38.7,agro_industria_e_comercio,517.7
03225b1b0b8897aa43a745d14fde3c87,2018-06-28 09:19:36+00:00,sao paulo,SP,98.9,18.79,bebes,117.69
03229ded9d99164ee8bac7116050dd23,2017-06-03 10:35:15+00:00,sarzedo,MG,37.9,15.1,beleza_saude,53.0
0322e0a7d6d283584e3dc181c67b1d12,2018-05-09 14:26:23+00:00,rio de janeiro,RJ,69.9,18.42,informatica_acessorios,88.32000000000001
0323ff12c1df8a359930ac6b84a32653,2018-05-11 17:57:27+00:00,manaus,AM,87.0,27.67,livros_interesse_geral,114.67
032445a7ba9d6dc90dfc011a48e5c954,2017-07-21 22:37:42+00:00,santos,SP,129.9,12.41,papelaria,142.31
0324ca9d12ff99bc4d2421530c376ba4,2017-11-27 16:17:20+00:00,araraquara,SP,199.0,18.64,cool_stuff,217.64
0327e299243edec0ed4f26712a05b910,2018-08-06 18:16:20+00:00,paranagua,PR,189.9,19.43,relogios_presentes,209.33
0327e521bdeabce73fcf327b2fc94c92,2018-05-02 14:20:59+00:00,guarulhos,SP,59.0,7.71,beleza_saude,66.71
03286323ba721edf10e38e1abeb159be,2018-03-07 19:30:53+00:00,aracatuba,SP,230.0,18.52,moveis_decoracao,248.52
0328d8f9de9ac416aef56ea44972a5d8,2017-10-18 16:06:09+00:00,sao paulo,SP,98.0,16.13,perfumaria,114.13
032a25a524b766bdb806500361630bea,2018-07-11 17:59:45+00:00,rio de janeiro,RJ,48.98,23.1,eletrodomesticos_2,72.08
032a688c9db451501788d95c7f794ed6,2017-09-18 21:18:37+00:00,brasilia,DF,27.3,15.1,fashion_bolsas_e_acessorios,42.4
032b0e60cda9e20b30fc4b3bf1079e50,2018-04-12 22:26:07+00:00,campinas,SP,38.9,13.71,sinalizacao_e_seguranca,52.61
032b42b17fe9daa676ba9447f3dbbd0a,2018-08-06 22:30:04+00:00,sao paulo,SP,49.0,13.0,relogios_presentes,62.0
032ba6b521e033ef4b05f4bbb4e30100,2018-03-09 13:08:48+00:00,rio de janeiro,RJ,49.0,15.23,relogios_presentes,64.23
032bc75236a1cbaf410bb596a509e774,2017-01-20 22:18:06+00:00,ourinhos,SP,39.9,11.74,moveis_decoracao,51.64
032c9c5e050a01a77c20be3989064308,2017-08-15 20:40:16+00:00,flores da cunha,RS,34.99,15.1,informatica_acessorios,50.09
032cf75b6991a44f9583d652730066d9,2017-09-28 15:05:17+00:00,sao paulo,SP,129.78,12.11,beleza_saude,141.89
032d1a95f9e146c92cf349805c5e1293,2018-07-26 19:35:13+00:00,santa isabel,SP,196.8,13.68,moveis_decoracao,210.48000000000002
032d90128bd4c1c63e317ab45ddc2879,2018-08-02 19:32:34+00:00,pouso alegre,MG,144.9,21.65,construcao_ferramentas_jardim,166.55
032de52b21013e176ee997c8f210dd66,2017-12-07 09:32:16+00:00,erechim,RS,50.0,15.1,bebes,65.1
032de54ca8e40cca1098da6c68ba92b3,2017-09-26 07:58:27+00:00,prudentopolis,PR,39.9,13.37,bebes,53.269999999999996
032e68585bbc07ebb038769737b9410f,2017-06-09 17:27:45+00:00,nova lima,MG,779.0,33.85,ferramentas_jardim,812.85
032f490884e03049a3ec0379ea0abb82,2017-06-08 16:45:05+00:00,chapeco,SC,199.1,17.15,informatica_acessorios,216.25
0330631bdb2ec8c341f487ed9c22fc8b,2018-05-25 12:02:08+00:00,sao paulo,SP,45.9,12.79,cama_mesa_banho,58.69
0332002e367c17e6c4111ae2dd8a6aaf,2018-03-08 20:06:30+00:00,presidente prudente,SP,159.99,31.18,moveis_escritorio,191.17000000000002
0332002e367c17e6c4111ae2dd8a6aaf,2018-03-08 20:06:30+00:00,presidente prudente,SP,149.99,27.71,moveis_escritorio,177.70000000000002
0332758ed6bf8f4c1ffa5b6bf5b5725d,2018-03-01 18:43:02+00:00,loanda,PR,79.99,26.88,moveis_escritorio,106.86999999999999
0332e2e8114f5904403029875ac75329,2018-05-09 21:09:14+00:00,santa cruz do sul,RS,119.9,13.31,beleza_saude,133.21
03330e2f4e93c51662a7c77d92a4e0fd,2017-09-17 10:15:49+00:00,uberlandia,MG,52.64,15.12,moveis_decoracao,67.76
03343a88c4d669e6378c5aedc4147919,2018-01-16 12:06:29+00:00,sao paulo,SP,150.0,8.3,Unknown,158.3
03344155603005842bd94ce8d65f2607,2018-04-13 14:41:18+00:00,sao paulo,SP,139.0,9.33,utilidades_domesticas,148.33
03347815dd6e37a668b3954401838318,2018-02-27 19:58:23+00:00,lagoa dourada,MG,260.0,35.18,esporte_lazer,295.18
0334c2700a7e8ac0f3efeb36b4a91e68,2017-09-06 22:41:34+00:00,gravatai,RS,55.0,16.15,brinquedos,71.15
03350e641d4d30d50b38c2e3030cd394,2018-08-06 22:50:51+00:00,cabo frio,RJ,129.9,24.06,malas_acessorios,153.96
03368cf33950e57f7da415d43f792e0d,2018-06-26 09:15:20+00:00,ibiruba,RS,102.5,23.52,moveis_decoracao,126.02
033729e95819665323119db0291d0f0c,2017-05-12 05:28:46+00:00,sao paulo,SP,98.0,13.03,beleza_saude,111.03
0337e9398b087d93f41230ceb2410b50,2018-04-21 16:51:57+00:00,uruguaiana,RS,18.5,18.23,sinalizacao_e_seguranca,36.730000000000004
0339c36ce09427390de0dfe649d7e073,2018-01-22 19:00:47+00:00,sao paulo,SP,122.99,9.06,Unknown,132.04999999999998
0339ed6316da69c73459e191c10ff6ac,2018-08-04 14:29:37+00:00,sertaozinho,SP,49.9,13.01,fashion_bolsas_e_acessorios,62.91
033a7061d514534d3459c3f1f06fe341,2017-08-25 13:14:37+00:00,santos,SP,67.9,11.73,utilidades_domesticas,79.63000000000001
033a79557b0d234035b38da3be948574,2017-02-06 14:56:20+00:00,manaus,AM,35.0,24.35,ferramentas_jardim,59.35
033abfda50a317e7664dc789031fbdef,2018-06-21 17:15:17+00:00,sao paulo,SP,117.0,21.26,brinquedos,138.26
033af049cbcadb2511579b127ba27582,2018-03-13 22:39:15+00:00,campo largo,PR,79.0,23.13,papelaria,102.13
033b0e94801f401cd19503fec4b784d6,2017-09-27 21:49:59+00:00,taua,CE,55.0,34.19,relogios_presentes,89.19
033bac5f45a9d0cf7be5e47f03ed1e44,2017-02-05 17:01:06+00:00,alagoinhas,BA,131.99,11.66,telefonia,143.65
033be53bbe3f76953bada81a6a40d3b6,2017-11-14 11:10:14+00:00,ubatuba,SP,159.0,27.43,eletrodomesticos_2,186.43
033bfdc56fab7dbb0a16e655b64b620d,2017-11-24 10:28:25+00:00,santa maria,RS,59.9,16.18,esporte_lazer,76.08
033c0d8e5bce8110d7900e088c75389d,2018-06-07 17:22:20+00:00,belo horizonte,MG,179.0,44.83,esporte_lazer,223.82999999999998
033ccfbdfc4d29677b7e1e6df3a82820,2017-04-22 08:22:58+00:00,jundiai,SP,49.0,10.96,telefonia,59.96
033ce22f1fb407d7cefcdf8d1121706b,2018-03-13 19:11:47+00:00,praia grande,SP,139.9,25.63,moveis_sala,165.53
033cec9a46b0dd28fc10c800f9f3d878,2017-07-28 11:56:03+00:00,rio de janeiro,RJ,1199.9,26.94,beleza_saude,1226.8400000000001
033cf810fd3523203bbbf2ff579a7a4c,2017-12-03 23:13:23+00:00,sao bernardo do campo,SP,27.3,8.11,fashion_bolsas_e_acessorios,35.41
033d674880f1edbb660161a0c672e9d3,2018-02-26 12:18:58+00:00,quatro barras,PR,49.0,14.1,relogios_presentes,63.1
033dac2c6721b55b4323f622ea5c1500,2018-06-29 12:25:39+00:00,belem,PA,259.9,20.73,relogios_presentes,280.63
033dbd83c331548108afda89d5bc6b79,2018-04-15 20:48:28+00:00,martinopolis,SP,89.8,14.21,cool_stuff,104.00999999999999
033dbd83c331548108afda89d5bc6b79,2018-04-15 20:48:28+00:00,martinopolis,SP,89.99,14.2,cool_stuff,104.19
033e33708df28579692a3d19492c6553,2017-12-11 14:23:38+00:00,sao paulo,SP,129.9,15.67,automotivo,145.57
033e7f3c73132dd6a6792359b94155a2,2018-08-01 19:25:14+00:00,guarulhos,SP,170.0,25.54,telefonia,195.54
033fd350afad5c65be91a385733af4eb,2018-06-26 10:43:56+00:00,sao paulo,SP,42.97,14.61,construcao_ferramentas_construcao,57.58
0340d758cc0da066316cbc55fb7f7596,2018-02-20 08:48:01+00:00,ribeirao preto,SP,184.9,21.78,moveis_decoracao,206.68
034198ae241b34a9bc0d85282408937e,2018-01-31 20:18:59+00:00,sao paulo,SP,89.0,12.75,informatica_acessorios,101.75
0341b60065c49221a27293793f11b117,2018-04-22 14:26:17+00:00,salvador,BA,102.9,22.43,relogios_presentes,125.33000000000001
0342b8bec301294021371c16411b6c40,2017-09-27 16:05:45+00:00,sao paulo,SP,23.8,7.78,Unknown,31.580000000000002
0343fa2096b6d04743321f9b9f62c1e0,2018-08-22 09:43:46+00:00,sao paulo,SP,44.99,8.49,fashion_roupa_feminina,53.480000000000004
0343fa2096b6d04743321f9b9f62c1e0,2018-08-22 09:43:46+00:00,sao paulo,SP,49.99,8.49,fashion_roupa_feminina,58.480000000000004
0345ba423eed2b009e0e407b19c422e4,2017-05-15 12:55:13+00:00,ipiabas,RJ,60.08,17.67,utilidades_domesticas,77.75
03467d8a7741a3737d4e3ae45ebba94c,2018-05-14 15:36:23+00:00,sao paulo,SP,44.99,7.39,utilidades_domesticas,52.38
034733b9cacb3d55bce1e49c422ae3e7,2017-03-19 12:41:44+00:00,sao paulo,SP,99.99,20.0,moveis_escritorio,119.99
0347673d14e454a696bca6aebe61f23e,2017-11-27 14:54:37+00:00,novo hamburgo,RS,69.99,15.93,bebes,85.91999999999999
03477f5f6bd5656e0e847d3a17e67efa,2018-04-13 14:44:50+00:00,rio de janeiro,RJ,45.0,22.06,esporte_lazer,67.06
0347e77ba3ffb1d21339231e1f882b5c,2018-02-05 17:50:42+00:00,guarulhos,SP,69.9,12.62,informatica_acessorios,82.52000000000001
03481652329171ff571df2c58bae0167,2018-06-19 14:30:42+00:00,joao pessoa,PB,62.49,57.21,automotivo,119.7
03484f6953887cd37a7974b52f3107f4,2018-03-05 12:23:49+00:00,sao caetano do sul,SP,35.0,8.27,esporte_lazer,43.269999999999996
03489476aad23c09fa16e1c46ad38044,2017-08-27 13:54:23+00:00,araguari,MG,109.0,18.01,utilidades_domesticas,127.01
0348f1ca72aa738d53f585b01fc676f3,2017-08-17 00:16:05+00:00,sao paulo,SP,58.99,11.73,beleza_saude,70.72
034a3d1faac58f35a7364de005209f13,2018-04-03 18:42:25+00:00,campos belos,GO,49.9,16.95,esporte_lazer,66.85
034afd1b074e35a1d1dcf70c4a5641b5,2017-12-01 22:42:12+00:00,jaguariuna,SP,29.0,7.78,relogios_presentes,36.78
034afd1b074e35a1d1dcf70c4a5641b5,2017-12-01 22:42:12+00:00,jaguariuna,SP,49.0,7.78,relogios_presentes,56.78
034bc91b27d0de97e2ffa04946137764,2017-09-18 00:48:00+00:00,rio de janeiro,RJ,10.5,15.1,fashion_bolsas_e_acessorios,25.6
034bc91b27d0de97e2ffa04946137764,2017-09-18 00:48:00+00:00,rio de janeiro,RJ,13.3,15.1,fashion_bolsas_e_acessorios,28.4
034c16aeedd39a916ea470f22a048b22,2018-08-14 09:18:25+00:00,sao paulo,SP,49.91,20.99,ferramentas_jardim,70.89999999999999
034d69957b2269cb4e06b31561b64973,2018-06-04 15:22:10+00:00,campo grande,MS,119.9,17.55,perfumaria,137.45000000000002
034e23cd76658cb8d602b1f1e42be7e6,2017-11-13 22:24:25+00:00,lorena,SP,69.9,12.83,cama_mesa_banho,82.73
034e643b615bc5da33b1ede13e2ae803,2017-11-05 13:45:28+00:00,rio de janeiro,RJ,86.99,17.04,cama_mesa_banho,104.03
034e643b615bc5da33b1ede13e2ae803,2017-11-05 13:45:28+00:00,rio de janeiro,RJ,63.99,17.03,cama_mesa_banho,81.02000000000001
034fcc4584bd6b6ca0c0718acf969c79,2017-04-05 20:10:40+00:00,osasco,SP,52.99,11.76,moveis_decoracao,64.75
034fe9142b806fe19c1cbc1c752ab08d,2018-04-28 14:44:05+00:00,nova iguacu,RJ,37.5,16.32,livros_tecnicos,53.82
0350e1e5b7265e23e84b1e467e0b6b82,2018-02-19 10:29:23+00:00,sao jose dos campos,SP,29.98,7.78,telefonia,37.76
0350fc2d00f48ad8a74efdf4d2fd4bdc,2017-12-14 01:30:04+00:00,rio de janeiro,RJ,29.0,15.79,cool_stuff,44.79
03515a836bb855b03f7df9dee520a8fc,2018-01-19 13:24:38+00:00,palmares do sul,RS,89.99,16.39,beleza_saude,106.38
03518b1ed227311405c355ccbda81a80,2017-07-26 09:47:24+00:00,rio de janeiro,RJ,62.34,15.19,esporte_lazer,77.53
035201c3c82a97f8a25dd6bd5244b2d5,2017-11-10 16:54:13+00:00,rio de janeiro,RJ,89.99,45.09,malas_acessorios,135.07999999999998
0352646a95973b0e19127d2b6a6fb6db,2017-12-27 20:12:02+00:00,videira,SC,89.0,15.37,fashion_bolsas_e_acessorios,104.37
0352796ceb3700a87606f6f19b1d20b3,2018-02-06 17:00:44+00:00,santos,SP,139.99,17.37,moveis_decoracao,157.36
0352f2ba09b99ccae0751e133332a46b,2018-07-21 10:19:35+00:00,volta redonda,RJ,69.5,18.59,beleza_saude,88.09
0354fc44bfc5b7a6d382427c6046f5e1,2018-01-27 09:26:54+00:00,pinhalzinho,SP,89.99,13.65,brinquedos,103.64
035518626172ac1884aa3825eb7d1379,2017-06-05 15:13:04+00:00,canoinhas,SC,56.99,15.15,perfumaria,72.14
03552fc24c87d99787c9e2e961bddc9b,2017-08-15 08:45:42+00:00,rio de janeiro,RJ,139.99,15.74,brinquedos,155.73000000000002
0355ae43910316435f24cb54605a820d,2018-04-02 07:07:41+00:00,cosmopolis,SP,12.95,7.39,eletronicos,20.34
035678e70978296fb0e7469a611c322e,2018-01-10 05:39:45+00:00,florianopolis,SC,179.99,23.58,ferramentas_jardim,203.57
0356e39820a87bee3544a2025249451a,2018-05-24 13:22:10+00:00,sao goncalo,RJ,39.99,18.23,bebes,58.22
03572de4ee0598b00c48f6de965fcf78,2018-07-26 13:46:21+00:00,recife,PE,148.5,165.32,malas_acessorios,313.82
0357e50e9686e55b75e6873a97993075,2018-01-14 18:06:26+00:00,uba,MG,45.91,17.6,moveis_decoracao,63.51
0358c6f73774fe4d4ea9b936ce61ab2a,2017-05-02 20:47:48+00:00,salvador,BA,69.9,19.19,esporte_lazer,89.09
0359008adff4c1def5a09bb92f7a5aa8,2018-03-15 13:17:11+00:00,capela do alto,SP,239.99,70.54,moveis_escritorio,310.53000000000003
0359f367ef22ad541b0bdc484158be09,2018-08-03 11:44:49+00:00,saquarema,RJ,159.0,64.48,moveis_cozinha_area_de_servico_jantar_e_jardim,223.48000000000002
035a721e5bfc1bc3f4e1ba0d7923cc84,2018-08-10 11:16:45+00:00,brasilia,DF,99.89,8.28,informatica_acessorios,108.17
035ab6fc3b7f9d16f714a337ee63b7be,2017-01-23 23:36:55+00:00,ananindeua,PA,19.9,24.84,fashion_bolsas_e_acessorios,44.739999999999995
035b790fa740b68de2d6f1a74f9b2098,2018-03-25 18:27:09+00:00,guarulhos,SP,63.99,8.29,eletronicos,72.28
035bb18fd268637e7d91814bf5e27fd4,2018-01-12 18:21:01+00:00,teresina,PI,69.9,38.04,beleza_saude,107.94
035c01a45e289b155db4e47cf39b29d3,2018-08-06 22:01:08+00:00,campinas,SP,79.9,13.9,informatica_acessorios,93.80000000000001
035c06c36cc8685238297b6af0c280f3,2018-03-21 22:54:06+00:00,sao paulo,SP,39.9,11.15,cama_mesa_banho,51.05
035c0a7b70aeddb6865a1faa3ecd1cef,2018-01-02 16:07:09+00:00,sao paulo,SP,24.99,7.78,telefonia,32.769999999999996
035d66b23a4bba74f8119f9ebe3458ee,2018-05-18 18:46:54+00:00,brasilia,DF,99.0,15.57,informatica_acessorios,114.57
035da499656c96f8f1cf920dd57ddc49,2017-04-06 13:02:52+00:00,rio das ostras,RJ,18.99,14.52,telefonia,33.51
03604d9c184f9290e997c49fb585b2b5,2017-11-06 18:48:57+00:00,sao paulo,SP,336.0,17.1,Unknown,353.1
036091098bdc85e780fc3594006276b7,2018-07-19 12:59:52+00:00,sao paulo,SP,630.0,64.49,cama_mesa_banho,694.49
0360de67db844d693e3060a8b79eac4b,2017-07-31 10:23:38+00:00,cabo frio,RJ,49.9,15.1,informatica_acessorios,65.0
03611c1be392917d9b0ca62977763baf,2018-02-08 19:42:07+00:00,porto alegre,RS,479.0,18.1,esporte_lazer,497.1
0361f3d4648b016237d77833005e4cfc,2017-11-06 12:34:37+00:00,campos dos goytacazes,RJ,168.8,15.93,relogios_presentes,184.73000000000002
0362e923f805ae4dce58fd78c86c96c4,2018-04-13 13:54:38+00:00,belo horizonte,MG,129.9,71.46,moveis_cozinha_area_de_servico_jantar_e_jardim,201.36
0362e923f805ae4dce58fd78c86c96c4,2018-04-13 13:54:38+00:00,belo horizonte,MG,40.85,71.46,utilidades_domesticas,112.31
036322082c079184f5bc9e0b338e1f1d,2018-04-12 21:44:53+00:00,rolandia,PR,36.9,19.32,cama_mesa_banho,56.22
0363c3cd0593c841b52d9817c89beaed,2017-08-18 15:30:23+00:00,rio de janeiro,RJ,14.99,14.1,automotivo,29.09
0363e6de0e2139c4988c0dba606fcafa,2018-04-17 12:37:34+00:00,atibaia,SP,85.71,11.69,utilidades_domesticas,97.39999999999999
036467185263519cd4f15dde1f8664e6,2017-11-06 18:05:56+00:00,taquaritinga,SP,143.0,38.55,perfumaria,181.55
03672cdb5f2c133e401946a14a7dff3b,2018-04-04 10:25:57+00:00,sao paulo,SP,84.89,7.94,informatica_acessorios,92.83
03679d41c590caa3f9f56dfad35bff0a,2017-02-01 15:47:22+00:00,contagem,MG,159.0,26.61,moveis_decoracao,185.61
03681e41ebddb2ca0241b148a40773d0,2017-10-23 10:48:50+00:00,rio de janeiro,RJ,70.0,16.74,cama_mesa_banho,86.74
0368b1d608cf0cc5246c6110754d8fee,2018-01-10 15:54:44+00:00,florianopolis,SC,99.0,23.01,brinquedos,122.01
0368dc5a797fb5e3dbca70876ad9c164,2017-05-27 16:55:31+00:00,vitoria,ES,174.9,18.47,moveis_decoracao,193.37
0368f4fdb586fe3cde123934d4ab5b5e,2017-05-29 17:55:47+00:00,guanhaes,MG,89.9,15.38,cama_mesa_banho,105.28
036b2855a4c92b30f0bd1f3fc0f46e48,2017-02-16 15:56:11+00:00,lagoa santa,MG,48.9,18.63,esporte_lazer,67.53
036b791897847cdb8e39df7943367474,2017-05-10 15:34:59+00:00,sao paulo,SP,49.99,9.34,moveis_decoracao,59.33
036bbb637f99f662c928d303d461ffe1,2018-03-20 11:52:52+00:00,santos,SP,200.0,20.37,brinquedos,220.37
036c6f5c3d6a81192f4896ddb2c00c83,2018-07-22 17:08:05+00:00,itinga,MG,53.8,22.31,perfumaria,76.11
036ca0743763d04fe093cfecfa2b2e14,2018-06-27 17:45:51+00:00,brasilia,DF,115.0,37.72,livros_interesse_geral,152.72
036cec7829a9824855ee4c751a430313,2017-08-04 09:00:00+00:00,sao bernardo do campo,SP,29.6,7.78,esporte_lazer,37.38
036d29511908c7b10872e1e72fd0681b,2017-05-29 21:18:24+00:00,joinville,SC,138.0,21.46,cool_stuff,159.46
036dd381dfb3ec75e0a63e14828cc871,2017-09-04 22:25:24+00:00,queimados,RJ,55.0,14.14,relogios_presentes,69.14
036e37b0e268e6087e88d3d7a676c13d,2018-07-01 14:46:23+00:00,linhares,ES,79.9,26.86,cama_mesa_banho,106.76
036ea72a17833a6fbbcd3e4df8250292,2017-09-05 06:12:11+00:00,telemaco borba,PR,69.9,15.24,fashion_roupa_masculina,85.14
036f684797c77d9beffa596570e198bd,2017-12-11 12:48:03+00:00,porto alegre,RS,32.0,14.1,fashion_bolsas_e_acessorios,46.1
036ff362f1e7465c0ecad8f54b2e6c06,2017-12-22 15:26:51+00:00,sao paulo,SP,179.0,15.0,esporte_lazer,194.0
03705afa0a4aabe1a734ddb11c1df3f0,2017-09-27 08:42:08+00:00,fortaleza,CE,177.0,27.78,informatica_acessorios,204.78
03708181cb41c558287d1feff6df5cb6,2017-12-12 19:01:39+00:00,uberlandia,MG,177.99,18.82,utilidades_domesticas,196.81
0371bb519b3c4b04bed0460608ce6c59,2017-08-06 16:50:28+00:00,guarulhos,SP,19.95,11.85,automotivo,31.799999999999997
03720fdc92032ee4abd471d172006ab0,2018-08-05 21:34:54+00:00,belo horizonte,MG,99.0,44.49,moveis_sala,143.49
0372d2e3d0ac2600aa8e08e6c46cb7dc,2017-10-02 12:47:27+00:00,cianorte,PR,58.99,17.66,beleza_saude,76.65
0373227125997244e6f59bd76e717abf,2018-08-10 15:26:47+00:00,sao vicente,SP,90.0,17.76,artigos_de_festas,107.76
0373763807c25ce94a4b85c7c0f47062,2017-08-01 19:39:49+00:00,sao paulo,SP,22.9,11.85,cama_mesa_banho,34.75
0374e57efce00e3004e93acd6310c58f,2017-12-16 12:25:18+00:00,araraquara,SP,56.99,9.94,cama_mesa_banho,66.93
037540b18a708608c766355696a57467,2017-11-28 10:46:46+00:00,videira,SC,98.9,16.45,informatica_acessorios,115.35000000000001
037556f936da90c5f9504956ff286860,2017-05-02 12:02:54+00:00,sao paulo,SP,59.9,13.0,ferramentas_jardim,72.9
037578a0b32fa190a1fe9f1de5fd3f30,2018-04-18 14:01:20+00:00,salvador,BA,24.99,17.06,informatica_acessorios,42.05
03772e1a30e1a11c351ff80f0e20263f,2018-03-21 15:47:52+00:00,contagem,MG,96.49,15.56,esporte_lazer,112.05
0378193927bcea58a229c432fa102ba9,2018-01-02 06:31:44+00:00,sao paulo,SP,98.0,13.03,beleza_saude,111.03
037853d95871494e2e6147d00e37659a,2017-08-22 21:57:49+00:00,sao paulo,SP,29.9,9.34,cama_mesa_banho,39.239999999999995
03789728a4b9475c05f6fe33ced95ccd,2018-03-14 15:09:11+00:00,sao caetano do sul,SP,229.9,16.49,brinquedos,246.39000000000001
03798f08af4c622b81b2c8f46c8bfba9,2018-07-25 15:14:18+00:00,caruaru,PE,89.99,42.91,bebes,132.89999999999998
0379c7b005e9be5439462ece4e356341,2018-02-21 10:52:51+00:00,cidade gaucha,PR,199.9,21.89,cama_mesa_banho,221.79000000000002
037a1aed2e8a5752977fd27aff7c230c,2017-11-12 17:20:08+00:00,rio de janeiro,RJ,174.0,14.97,papelaria,188.97
037ce5266460af220f19d497b130e737,2018-07-27 09:25:33+00:00,campinas,SP,110.32,8.03,beleza_saude,118.35
037d59208a513ace896d132dc8c8a93d,2018-02-26 13:01:54+00:00,palmas,TO,538.9,24.17,bebes,563.0699999999999
037ded3ba29ebe9a96acb1177cc52b51,2017-10-26 15:07:45+00:00,uberaba,MG,49.9,11.85,automotivo,61.75
037e4ea044a589bcfbceb43210ba7024,2018-02-16 08:56:37+00:00,francisco morato,SP,119.9,12.04,utilidades_domesticas,131.94
037e725440b59939735ae0aff888a015,2017-11-17 19:51:56+00:00,viamao,RS,108.9,21.25,livros_interesse_geral,130.15
037f15d346c870059c0e6f4275a01206,2018-05-27 10:25:22+00:00,sao paulo,SP,89.15,21.04,esporte_lazer,110.19
037f4f91c8f5cd2a6ddd52a63d97fdcc,2018-07-18 21:08:44+00:00,itupeva,SP,36.9,12.92,esporte_lazer,49.82
037f6ef7fcfd0d80ea84dbe396972f6d,2018-04-23 16:43:10+00:00,sao paulo,SP,69.0,7.39,relogios_presentes,76.39
037fdead4ade679aec8ee3dc6a75368c,2018-05-03 14:12:52+00:00,serra,ES,75.9,19.5,casa_construcao,95.4
0380d4bc2621c9c80b674b729d4c6c02,2018-02-15 12:26:54+00:00,aruja,SP,70.0,7.78,beleza_saude,77.78
0381dc399ab9a6c55f83eca96907a034,2018-02-26 18:53:26+00:00,chapadao do sul,MS,74.9,16.96,informatica_acessorios,91.86000000000001
038297c93a230b204ceeca7e2720b464,2018-02-10 22:17:24+00:00,curitiba,PR,28.99,15.1,cama_mesa_banho,44.089999999999996
0382a4a9c39917c21b842b7c15f4be23,2018-08-14 18:17:36+00:00,curitiba,PR,55.0,15.49,relogios_presentes,70.49
0382a97e1263d0013315090a6f4714f4,2018-05-09 09:42:35+00:00,canoinhas,SC,107.9,23.34,bebes,131.24
0382be412d28f04f932ae97df15d634e,2018-04-17 17:32:13+00:00,cordeiro,RJ,79.9,18.44,telefonia,98.34
0382e1be5feaca880336365b982b8629,2018-05-07 22:14:31+00:00,hortolandia,SP,17.0,7.39,telefonia,24.39
038345c4a9d21c17180f2f77e1701c69,2017-11-13 19:55:04+00:00,sao paulo,SP,99.0,33.08,ferramentas_jardim,132.07999999999998
0385c406dcd7068b21e209740a4ef876,2017-04-11 16:38:42+00:00,sao luis,MA,18.95,24.35,telefonia,43.3
0385da8ba64dbb10adf8f80e55cae6f4,2018-04-28 12:42:16+00:00,sao paulo,SP,159.9,9.47,papelaria,169.37
038721fd1802532dae558bac820968d4,2017-10-18 11:31:27+00:00,marilia,SP,227.9,13.1,telefonia,241.0
038862523957395d9316afa8b8b70976,2018-05-29 23:02:46+00:00,porto alegre,RS,189.0,8.51,beleza_saude,197.51
038b8c914a94247880b6a34413e74a34,2018-06-01 12:14:03+00:00,sao caetano do sul,SP,17.9,15.23,brinquedos,33.129999999999995
038eb192a216fe0c545a8ff3b1b96885,2017-12-30 22:07:13+00:00,sao jose do rio preto,SP,39.9,11.85,papelaria,51.75
038f8b45fafa1130d2557e5b8dfd5d71,2018-07-22 13:00:04+00:00,sao paulo,SP,19.99,7.4,beleza_saude,27.39
0392299d0f8bdd68d559aff77bf44bab,2018-04-14 20:26:52+00:00,nucleo residencial pilar,BA,122.99,22.57,esporte_lazer,145.56
0392a7fd15fc16848335cb8ff143a940,2018-05-03 14:36:50+00:00,sao jose dos campos,SP,30.0,8.29,automotivo,38.29
0392bc239ce28b0377e6b3073df2c674,2017-07-13 10:47:14+00:00,brusque,SC,119.9,15.59,beleza_saude,135.49
0392da48d173776fc37d98de1a253370,2018-05-21 11:08:43+00:00,sao paulo,SP,109.9,8.53,construcao_ferramentas_construcao,118.43
039330ccdc3eeb07d44541457391fcae,2017-10-20 16:51:47+00:00,garca,SP,139.0,17.41,telefonia_fixa,156.41
0393dfaf21e966fdadf698bd0856ecc3,2017-12-08 10:49:38+00:00,espirito santo do pinhal,SP,1149.65,22.8,beleza_saude,1172.45
039450cd44c5b6c68f8d2bada4eb315f,2018-01-22 19:04:11+00:00,sao paulo,SP,107.0,17.46,esporte_lazer,124.46000000000001
0394e320572c0048e41267320a28270e,2017-05-03 11:58:43+00:00,santana,AP,116.0,25.3,beleza_saude,141.3
03952349aca310eeba691019501388de,2017-08-29 20:46:02+00:00,pinhais,PR,84.9,17.84,fashion_calcados,102.74000000000001
03953c6f8f398530d8847bf6000ffa78,2018-05-17 16:37:42+00:00,sao paulo,SP,127.0,17.8,relogios_presentes,144.8
0396488303af9f0a78feb9ffa7e48949,2018-07-19 08:11:02+00:00,franca,SP,129.9,47.21,moveis_decoracao,177.11
039681a3b797611f717a3232e87f60ef,2017-12-01 09:10:28+00:00,campo grande,MS,66.5,18.71,papelaria,85.21000000000001
039749cde6a67a679fa5602f776cefa4,2017-06-27 18:44:31+00:00,sao paulo,SP,159.9,14.14,cama_mesa_banho,174.04000000000002
03976e284ff273b3e5fda450030f32c1,2017-09-04 14:25:41+00:00,uberlandia,MG,54.9,13.4,malas_acessorios,68.3
0397de68fce44f5cdd948f2a5e83862b,2018-08-15 17:44:29+00:00,sao paulo,SP,220.0,38.67,eletroportateis,258.67
039ab3369f399f5a3ac25e99435a8251,2018-06-21 00:30:40+00:00,areia branca,RN,39.0,50.99,relogios_presentes,89.99000000000001
039bf70a4c27073ca9d7a4e509b42dc1,2017-06-23 17:47:51+00:00,sao paulo,SP,49.0,11.73,utilidades_domesticas,60.730000000000004
039d7fb9ace69aed37b1baf88ff01cb0,2018-03-23 14:01:48+00:00,rio de janeiro,RJ,339.9,27.67,esporte_lazer,367.57
039df018e03e7c5db83bace2fa6af002,2018-05-16 10:33:18+00:00,sao paulo,SP,99.0,8.46,construcao_ferramentas_seguranca,107.46000000000001
039dffcfcd2b5404d42beff4bbeff110,2017-05-24 08:13:54+00:00,sao paulo,SP,99.99,11.9,cool_stuff,111.89
039ec885e36627ae6353cfd42a41c5da,2018-02-22 12:45:26+00:00,salvador,BA,100.0,25.25,moveis_decoracao,125.25
039f61edec89c6f0edf8dd1a0bdea1fe,2017-11-24 16:08:38+00:00,fortaleza,CE,288.92,27.3,informatica_acessorios,316.22
039fc6a7aa5527e4cf6ed3c3eca00c15,2018-01-02 13:40:05+00:00,sao paulo,SP,29.9,8.11,beleza_saude,38.01
039fcd445ffe2e560443c34326f2b764,2018-06-03 12:06:15+00:00,aracaju,SE,78.0,23.05,relogios_presentes,101.05
039ff75de38e514eaa8ffb2618d5227e,2018-01-03 08:46:55+00:00,paraguacu,MG,69.9,14.22,cama_mesa_banho,84.12
03a0133b4a72f7ca0affd3ecbc9b43f4,2018-01-21 16:29:15+00:00,sao paulo,SP,139.0,14.58,cama_mesa_banho,153.58
03a038679f94b33ae1fe8503c4e30203,2017-11-17 19:49:49+00:00,sao paulo,SP,28.69,12.69,brinquedos,41.38
03a09960f3b0d2b2565271fec21a8c94,2017-12-28 11:45:47+00:00,sao paulo,SP,159.0,13.67,esporte_lazer,172.67
03a0b96d81d76a3214b7b49ec31e6eb7,2018-06-12 16:16:57+00:00,rio de janeiro,RJ,13.49,18.23,esporte_lazer,31.72
03a10721769c7d8f2fefab105e64fbef,2017-08-11 14:11:42+00:00,belo horizonte,MG,118.99,17.08,cool_stuff,136.07
03a11ed94a7381584b86c4968625207b,2017-12-21 15:46:46+00:00,governador valadares,MG,129.99,25.75,brinquedos,155.74
03a18d20c8d8ed81a44b9dff494ff86c,2017-08-17 20:28:13+00:00,sao simao,GO,69.9,17.74,utilidades_domesticas,87.64
03a312126d4985217afef2625df60af4,2018-04-10 19:02:15+00:00,braganca paulista,SP,1890.0,73.14,instrumentos_musicais,1963.14
03a3628434dd670dd5b9896337451c86,2017-07-20 19:26:06+00:00,belo horizonte,MG,179.9,17.02,ferramentas_jardim,196.92000000000002
03a479456d2571485ebce285eef65f61,2017-03-03 20:07:07+00:00,sao goncalo,RJ,114.9,14.97,consoles_games,129.87
03a4aaab0b783a1be23b30e360c067d4,2017-11-08 19:03:48+00:00,brasilia,DF,75.9,25.81,informatica_acessorios,101.71000000000001
03a4e2b0555e9decc299d5f094056892,2018-05-15 08:57:40+00:00,sao paulo,SP,69.9,10.21,cama_mesa_banho,80.11000000000001
03a54d3b0f15ac01bad656997420d3bb,2018-05-28 19:15:19+00:00,belo horizonte,MG,65.0,16.42,beleza_saude,81.42
03a579c0699b16c6fc6d5db022a6e85a,2017-11-30 19:56:14+00:00,rio de janeiro,RJ,299.99,14.93,brinquedos,314.92
03a77816f8b67ef237ecca2c772c4851,2018-05-30 21:48:24+00:00,caxias do sul,RS,89.9,19.6,beleza_saude,109.5
03a85a6adb776ffefc4a8d7f845b10a4,2018-06-12 00:41:26+00:00,rio de janeiro,RJ,49.9,23.5,cama_mesa_banho,73.4
03a9581b10792275c52316cbbca5810f,2017-10-13 12:04:44+00:00,porto alegre,RS,40.0,15.1,automotivo,55.1
03ab852861cd75d0a9225c92a3354a3a,2017-12-10 10:03:25+00:00,santos,SP,115.0,8.06,relogios_presentes,123.06
03aba4d94f2bd838c0bb55be9d13b0f6,2017-12-24 20:14:44+00:00,sao paulo,SP,184.9,14.41,cama_mesa_banho,199.31
03aba68b07658f28f29612641f08d4ba,2018-08-08 14:27:15+00:00,porto alegre,RS,170.0,30.44,telefonia,200.44
03abe0f86b91213bd62793ca180b232d,2018-07-09 22:03:53+00:00,miraima,CE,55.0,37.3,relogios_presentes,92.3
03ad48120321b06697272dfa53deff2b,2018-08-22 17:42:09+00:00,sao paulo,SP,69.9,21.13,utilidades_domesticas,91.03
03af220bbd928b7dac065e6febed1c5e,2018-02-19 22:08:23+00:00,sao paulo,SP,124.9,18.12,moveis_decoracao,143.02
03af60619b8abd880dd136ed837be800,2018-03-19 16:49:08+00:00,nova iguacu,RJ,59.89,15.3,beleza_saude,75.19
03afb3c10af52ddfa3c33b9881bf43f8,2017-12-07 16:41:50+00:00,barueri,SP,112.99,18.51,moveis_escritorio,131.5
03b0f1587efe1abafd2dfd0e900b1eb2,2018-06-03 15:09:10+00:00,porto alegre,RS,125.9,23.46,cama_mesa_banho,149.36
03b2144a8822e91cc05da7907f21ea1f,2017-12-17 16:37:32+00:00,belo horizonte,MG,139.9,22.85,brinquedos,162.75
03b218d39c422c250f389120c531b61f,2017-01-14 14:20:01+00:00,coronel fabriciano,MG,38.5,11.74,moveis_decoracao,50.24
03b31f549c27d03bed25fc42ddb46138,2018-06-12 10:17:58+00:00,belo horizonte,MG,1999.0,46.47,portateis_casa_forno_e_cafe,2045.47
03b566bccfbc64cf92b82db663a243f8,2017-10-31 19:19:12+00:00,cariri do tocantins,TO,84.99,27.13,perfumaria,112.11999999999999
03b5a8a7f871d2a792f7af458fe13b4a,2018-06-10 21:37:36+00:00,dionisio,MG,79.9,23.14,cama_mesa_banho,103.04
03b5e0da68374e8ac08cd539d0559cfe,2018-04-02 20:53:01+00:00,salvador,BA,18.0,17.06,informatica_acessorios,35.06
03b5ec589ff32d3dac9dd2f9f06496d6,2017-05-27 12:16:38+00:00,moreilandia,PE,101.0,42.86,perfumaria,143.86
03b70c61372aebf257ccfacc6ca0aa58,2018-05-13 15:50:44+00:00,sao paulo,SP,858.9,17.92,portateis_casa_forno_e_cafe,876.8199999999999
03b769c4844b71608c388fcf6f4287d4,2017-11-20 20:21:13+00:00,sao paulo,SP,36.49,9.27,esporte_lazer,45.760000000000005
03b89e8b0ef3ba18cc903dbaa7aff107,2018-07-08 20:33:28+00:00,sao paulo,SP,28.9,18.3,beleza_saude,47.2
03b8df6ce0954c5df5e83e0a6caaf5ee,2018-02-10 19:15:54+00:00,florianopolis,SC,270.0,16.64,fashion_bolsas_e_acessorios,286.64
03b936f126145f2bb36600400aedb13a,2018-02-18 08:42:06+00:00,goiania,GO,10.99,15.1,moveis_decoracao,26.09
03b93d42401e436cb00a2dd82a3975f7,2017-06-22 17:01:40+00:00,porto alegre,RS,34.9,16.6,cama_mesa_banho,51.5
03b9c1e9a4406645c06dde26f4a704e9,2017-02-27 09:27:13+00:00,picos,PI,69.0,24.97,fashion_bolsas_e_acessorios,93.97
03b9f7dff4b5e742b0593472f28ee9b0,2018-07-25 11:32:31+00:00,jarinu,SP,44.5,19.5,beleza_saude,64.0
03ba1ceb961947c4c2945964f28cb9ed,2017-05-18 06:54:10+00:00,brasilia,DF,49.9,14.1,fashion_bolsas_e_acessorios,64.0
03ba490d83feaba677aede829ff79db1,2018-04-27 19:20:45+00:00,cariacica,ES,39.99,12.76,cama_mesa_banho,52.75
03ba7e127b7a5243620b6c62c740d722,2018-02-23 20:41:46+00:00,catole do rocha,PB,69.9,34.29,cool_stuff,104.19
03ba8f07686d0661b011f3701eab3edd,2017-06-06 22:03:39+00:00,cachoeiro de itapemirim,ES,39.99,19.59,moveis_decoracao,59.58
03ba96e3cd1a918f1e0126c93dd93bb5,2017-11-29 21:40:21+00:00,sao paulo,SP,49.77,7.78,Unknown,57.550000000000004
03bb0baa2f30152130d3d5df8e44507e,2018-07-01 09:05:17+00:00,sao paulo,SP,379.9,69.01,utilidades_domesticas,448.90999999999997
03bd6f7b95588e476cdef4abb2cfdd0d,2018-07-31 11:00:08+00:00,suzano,SP,48.9,9.09,bebes,57.989999999999995
03be2f620301ed720f761e04f00270d4,2018-06-09 12:20:13+00:00,sao paulo,SP,144.0,14.37,relogios_presentes,158.37
03bf6a245a6dfdc3cea6bb75ae4fa3d7,2018-03-19 10:27:42+00:00,macae,RJ,467.0,21.15,audio,488.15
03c14c8290a74e1b205057282a26c63c,2018-01-24 16:00:25+00:00,sao paulo,SP,156.99,23.68,moveis_escritorio,180.67000000000002
03c16ffcf7b8792fa870d8cd7abc4b7f,2018-04-25 14:57:23+00:00,ribeirao pires,SP,63.99,11.15,informatica_acessorios,75.14
03c1d25d82f404ea1fdfae8eb0b4c314,2018-01-22 10:28:04+00:00,rio de janeiro,RJ,99.9,17.14,informatica_acessorios,117.04
03c1fddd11851ddf712a2c28bd3df54a,2018-01-21 00:23:44+00:00,sao paulo,SP,65.5,12.8,beleza_saude,78.3
03c6017ed63622d5a2ddd03fd0b1fee7,2018-02-15 18:57:58+00:00,congonhas,MG,65.0,16.21,livros_tecnicos,81.21000000000001
03c6fd082fce47bdd5e0dc1f81a9626f,2018-05-12 20:50:47+00:00,carazinho,RS,79.9,18.44,informatica_acessorios,98.34
03c765107c8fc34c68a82bbd6c686856,2017-04-09 20:15:45+00:00,paraiba do sul,RJ,112.0,14.95,ferramentas_jardim,126.95
03c7acb8cfb3a3567a70fee4a1e2f82d,2018-03-28 16:57:56+00:00,brasilia,DF,179.49,16.14,automotivo,195.63
03c7d8b2c13e98ae77a8167d1a8be2bf,2018-01-18 19:34:36+00:00,santo andre,SP,349.9,16.95,esporte_lazer,366.84999999999997
03c810bce9d261d4d0447b895189dc16,2018-03-04 20:36:53+00:00,dourado,SP,47.5,20.84,bebes,68.34
03c83b31dbc387f83f1b5579b53182fb,2018-01-06 16:00:58+00:00,mariana,MG,599.0,73.41,pcs,672.41
03c8468d3001db38cadd59ac670341cc,2018-07-22 16:21:23+00:00,vitoria,ES,24.53,15.27,esporte_lazer,39.8
03c939fd7fd3b38f8485a0f95798f1f6,2018-02-25 21:01:08+00:00,rio de janeiro,RJ,26.0,16.11,eletrodomesticos,42.11
03c968d10d8c63bd2388245d02579fde,2017-05-24 18:48:37+00:00,osasco,SP,129.99,31.66,utilidades_domesticas,161.65
03caa2c082116e1d31e67e9ae3700499,2017-09-29 15:24:52+00:00,rio de janeiro,RJ,1680.0,28.01,telefonia_fixa,1708.01
03cd43eb7c373b23a0b55c1c8f76c861,2018-06-28 10:17:16+00:00,tiete,SP,132.2,19.03,perfumaria,151.23
03cdb68275d2470616d79840dd83e1a2,2017-04-12 07:22:33+00:00,sao goncalo do amarante,RN,219.99,33.14,cool_stuff,253.13
03ce210a1614bb5a5bd3f4e3296840a1,2018-01-22 18:06:21+00:00,ribeirao preto,SP,499.0,59.16,bebes,558.16
03ceacbc3d61dcaeade2b6b1ccc5fcfa,2017-08-21 21:02:32+00:00,americana,SP,69.9,11.99,brinquedos,81.89
03cf8d977a18ea1308ec10c0f7de2f4e,2017-04-18 21:05:55+00:00,cachoeirinha,RS,169.99,16.4,utilidades_domesticas,186.39000000000001
03cfff56e65677083384243927b9915f,2017-02-10 20:21:46+00:00,itabirito,MG,229.9,15.78,relogios_presentes,245.68
03d08548bb620e09cd4821b96f12a1e6,2018-06-20 20:10:06+00:00,recife,PE,13.65,19.04,eletronicos,32.69
03d0e68d9f396f3c4e69dbbb0abc3564,2018-01-24 09:22:03+00:00,rio de janeiro,RJ,46.9,14.1,brinquedos,61.0
03d11bececb87dec8b11f5bd6fa62472,2018-07-13 08:23:59+00:00,recife,PE,119.9,23.12,automotivo,143.02
03d3db2eb72705d4b4dd30987cf610f8,2018-04-09 22:18:02+00:00,caete,MG,135.9,21.88,beleza_saude,157.78
03d409e5b5b19ae88c43b41b503fdc5f,2017-09-04 16:49:14+00:00,braganca paulista,SP,23.9,9.34,utilidades_domesticas,33.239999999999995
03d5b9a74ff46435640f8bd737ac2237,2017-12-04 20:55:31+00:00,mogi das cruzes,SP,110.0,36.43,pet_shop,146.43
03d61f050de69049f4153f164c6f78b5,2018-07-12 21:38:13+00:00,guarei,SP,276.99,14.6,informatica_acessorios,291.59000000000003
03d631cfa59f71c4a9cd31a6bb7467fe,2018-06-04 11:01:31+00:00,paraiso do tocantins,TO,364.98,39.24,telefonia,404.22
03d6e874e44c091359a3ad62f2bec233,2018-05-02 13:42:27+00:00,sao paulo,SP,57.49,11.15,livros_tecnicos,68.64
03d7dd4730b71e0a310c9b30431c1961,2018-05-30 19:42:15+00:00,belo horizonte,MG,119.3,18.67,esporte_lazer,137.97
03d7f508a18d76f89489c40b7008f7e4,2018-03-15 08:51:49+00:00,volta redonda,RJ,180.0,8.29,beleza_saude,188.29
03d81b72be3d0b572b58b215fc156e72,2018-01-07 17:42:11+00:00,louveira,SP,37.9,52.71,automotivo,90.61
03d842e44ef7cae41da34acb402983fa,2018-07-20 10:46:14+00:00,brasilia,DF,59.9,43.22,automotivo,103.12
03d8ac7f462c593ad4ca1fe32c20cd83,2017-04-27 10:48:39+00:00,guarulhos,SP,32.5,17.19,informatica_acessorios,49.69
03d9b0241efc2b1690172701f6800f21,2018-07-01 22:44:13+00:00,tarabai,SP,37.9,12.93,pet_shop,50.83
03d9d682de9c41158e00e17ee26d9070,2018-08-11 01:10:24+00:00,rio branco do sul,PR,199.9,10.53,esporte_lazer,210.43
03da04c1427d7b8bff38d76efca1029d,2017-12-13 16:56:40+00:00,curitiba,PR,95.99,12.38,ferramentas_jardim,108.36999999999999
03dab6b77334d60ea91564ec4c7813a1,2017-09-29 23:08:23+00:00,pocos de caldas,MG,69.9,16.25,automotivo,86.15
03dbf3a42789c67ed5e2198f08d997dc,2018-03-04 13:20:26+00:00,diadema,SP,113.0,13.81,cama_mesa_banho,126.81
03dce1563339e3dddb4cff9acda06d1a,2018-02-23 18:54:33+00:00,belo horizonte,MG,169.99,15.95,automotivo,185.94
03dd7d68a345c4fb5061f35f29ad959a,2017-06-15 11:14:43+00:00,londrina,PR,39.9,15.1,Unknown,55.0
03ddab02775c66c855ad41424ae356e3,2018-02-06 17:01:53+00:00,cambui,MG,99.99,19.94,informatica_acessorios,119.92999999999999
03dde7ab63940fbffd10162a74347e95,2017-06-10 17:57:12+00:00,campinas,SP,34.9,9.34,ferramentas_jardim,44.239999999999995
03dec253b6e471bd5b0653cc53b79e95,2017-06-27 10:49:14+00:00,rio de janeiro,RJ,132.7,25.68,cool_stuff,158.38
03df18ab5ba4464030b07f49dc6d206e,2017-05-25 09:10:21+00:00,rio de janeiro,RJ,31.89,15.79,telefonia,47.68
03dffd456132253d009d20fc4a228c9b,2018-07-22 23:27:13+00:00,sao paulo,SP,12.99,7.39,utilidades_domesticas,20.38
03e1f719ea43e7eb59344cf78cd99ff4,2017-07-04 20:43:38+00:00,artur nogueira,SP,49.9,7.78,fashion_bolsas_e_acessorios,57.68
03e2511c3ad8af9188ef59218b1e8a2c,2018-07-13 00:12:56+00:00,serra,ES,154.91,16.18,relogios_presentes,171.09
03e2b2c32adfd7016fbdf98a70a7077c,2018-05-13 18:33:05+00:00,maracanau,CE,29.99,15.16,moveis_decoracao,45.15
03e327642028582cff3316f1726a9f00,2017-10-27 07:55:57+00:00,uberlandia,MG,50.0,15.1,fashion_bolsas_e_acessorios,65.1
03e4b19921428d651853f2935176e951,2018-01-14 13:37:42+00:00,americana,SP,49.9,13.37,ferramentas_jardim,63.269999999999996
03e533f76e0f8827796f3d0a45c61dc0,2018-04-01 19:53:37+00:00,guaruja,SP,18.9,13.47,eletronicos,32.37
03e53a3c2ea313a49e89aee8f8c44970,2017-06-15 15:24:45+00:00,fortaleza,CE,39.9,17.63,esporte_lazer,57.53
03e53afdd1e98f83636c3fd14562c7ab,2017-12-17 16:31:16+00:00,santa cecilia,SC,19.0,16.11,utilidades_domesticas,35.11
03e5d6a8dd520898f86f8429ccd07c21,2018-07-30 11:51:13+00:00,rio de janeiro,RJ,119.9,15.94,beleza_saude,135.84
03e69d6af27047bf2721b317c321356e,2018-03-02 08:27:04+00:00,araraquara,SP,35.9,11.85,eletrodomesticos,47.75
03e6de4517499ee6aaae7d9004799504,2018-05-16 18:39:40+00:00,rio de janeiro,RJ,149.9,23.98,esporte_lazer,173.88
03e707d64a286c3fbad59b8c89cafd95,2018-03-24 09:52:16+00:00,jatai,GO,124.7,19.84,automotivo,144.54
03e7fbb471b77e2baedac2662bd76db8,2017-07-24 21:39:13+00:00,ipero,SP,239.9,17.31,beleza_saude,257.21
03e94224875e6dec154cc7a142ce5de2,2018-04-23 10:09:03+00:00,sao paulo,SP,269.9,12.51,beleza_saude,282.40999999999997
03e9790f0220543f057ebca9e29b459a,2018-08-01 12:32:19+00:00,sao paulo,SP,35.9,9.0,brinquedos,44.9
03e99d63b25fc441524d77bda33ab136,2017-09-02 10:36:02+00:00,recife,PE,46.9,28.75,utilidades_domesticas,75.65
03ea231452f07988edc699573fb971d7,2017-04-12 22:03:12+00:00,paulinia,SP,103.97,24.01,moveis_sala,127.98
03ea970e60ecfa4b84a69ddc665262a5,2017-09-20 16:14:30+00:00,cascavel,PR,117.0,15.57,relogios_presentes,132.57
03eae39a27aeab0f8c9ad5b84555a6d1,2017-08-15 10:23:57+00:00,sao paulo,SP,48.9,11.73,cool_stuff,60.629999999999995
03eba6d9fef8f5b3e811d4b5a7cca9cd,2018-02-08 20:09:44+00:00,matias barbosa,MG,84.99,17.84,cama_mesa_banho,102.83
03ebfa9712b7dbc7031291856263b314,2018-03-23 11:20:04+00:00,santo andre,SP,46.9,8.88,eletroportateis,55.78
03ecec245220b63fd7f68c1737ba99ba,2018-06-11 12:58:51+00:00,gurupi,TO,189.0,58.78,perfumaria,247.78
03ecec245220b63fd7f68c1737ba99ba,2018-06-11 12:58:51+00:00,gurupi,TO,109.9,18.05,perfumaria,127.95
03edbc910db946c979e09e67eb6a0d9f,2017-12-18 23:28:21+00:00,sorocaba,SP,91.0,12.98,esporte_lazer,103.98
03ee28c413aaef04d718e00ed85eb678,2017-02-21 10:54:37+00:00,francisco badaro,MG,45.7,20.43,esporte_lazer,66.13
03ee388839265510fa5edd811e0e1485,2017-10-13 01:34:13+00:00,porto alegre,RS,120.0,16.28,esporte_lazer,136.28
03ee63602079004d0098fecfc1d4cfe7,2017-08-15 17:08:00+00:00,novo hamburgo,RS,65.0,15.2,esporte_lazer,80.2
03ee7babeb6e80cbb48962ce1719fcf7,2017-08-30 11:00:51+00:00,sao jose,SC,80.0,27.32,brinquedos,107.32
03ee7babeb6e80cbb48962ce1719fcf7,2017-08-30 11:00:51+00:00,sao jose,SC,89.9,1.37,brinquedos,91.27000000000001
03eea4a8ecfbf94e0aa787c2d1b098e9,2018-01-26 00:19:26+00:00,sao paulo,SP,189.0,12.82,audio,201.82
03ef5dedbe7492bdae72eec50764c43f,2018-08-29 14:52:00+00:00,sao caetano do sul,SP,24.9,8.33,artigos_de_festas,33.23
03f0804333673c7f86f8d68acd97e57b,2017-10-13 20:45:20+00:00,porto alegre,RS,49.9,14.1,telefonia,64.0
03f0acea43a6fd52d268e13d9ce98fbe,2018-03-15 14:36:56+00:00,curitiba,PR,125.0,23.45,esporte_lazer,148.45
03f127181062ad98441893efffd412c5,2018-06-10 16:45:24+00:00,sao paulo,SP,49.9,13.71,cama_mesa_banho,63.61
03f2794ace8d10c0af8614f6fac2be3e,2017-05-15 20:46:00+00:00,itaborai,RJ,89.99,18.2,brinquedos,108.19
03f2f876bfee9ea9a502ec0d8a664e4c,2017-11-29 19:35:55+00:00,sao paulo,SP,79.9,9.77,cama_mesa_banho,89.67
03f3b08f9da8df7604b68b2fd5999e9a,2017-09-26 20:42:08+00:00,sao paulo,SP,85.9,21.09,cama_mesa_banho,106.99000000000001
03f3ce5c73e3eaab0bdef61d0713ca0b,2018-03-11 21:02:02+00:00,santa luzia,MG,169.97,17.9,cool_stuff,187.87
03f4f8149c605fb477250ac94f70c0cc,2017-11-24 16:33:34+00:00,palmeira,PR,49.0,17.67,ferramentas_jardim,66.67
03f4fbe820830f14931ffa4631cb0912,2018-01-25 10:02:22+00:00,aguai,SP,81.99,12.07,informatica_acessorios,94.06
03f51c9adce893f63936c5146701aa2f,2018-06-17 11:03:15+00:00,belem,PA,155.9,45.01,utilidades_domesticas,200.91
03f83b59e7c7355647462745b18119f1,2017-07-14 16:49:26+00:00,pelotas,RS,12.5,15.1,telefonia,27.6
03f8a04136edb44e749e0c70e8793caa,2017-06-14 10:42:20+00:00,olimpia,SP,167.92,12.68,perfumaria,180.6
03f948b381187f1aab320e84e7be949e,2018-01-27 19:40:57+00:00,mairipora,SP,64.89,8.27,informatica_acessorios,73.16
03f9705f9135ccb809e74e902f19b2e8,2017-04-25 21:15:01+00:00,sao paulo,SP,19.33,10.96,esporte_lazer,30.29
03fa3f4dec4b3647d00532079f723fec,2018-02-26 14:18:54+00:00,tres coracoes,MG,144.41,17.45,informatica_acessorios,161.85999999999999
03fa4271f18542d22ecbb7eb41802ada,2018-04-19 22:44:24+00:00,sao paulo,SP,90.0,8.98,informatica_acessorios,98.98
03fab3cde6e6bb6b6715075147044dca,2018-02-10 10:13:00+00:00,posto da mata,BA,130.0,17.35,eletrodomesticos,147.35
03faedb6f3c4299c7cd934f5242b194c,2018-05-04 09:39:39+00:00,tramandai,RS,39.0,18.23,automotivo,57.230000000000004
03fd1ecfbee7068edda48a4ad8b838e1,2018-06-27 07:42:05+00:00,paraguacu,MG,89.9,19.82,esporte_lazer,109.72
03fd35e6d3a78d5e05114e7a1ac319e6,2017-09-11 16:59:11+00:00,mairipora,SP,109.99,16.21,industria_comercio_e_negocios,126.19999999999999
03fe9fc6d464322a67f3a221777a82d3,2017-04-25 20:09:27+00:00,bauru,SP,34.99,10.96,telefonia,45.95
03fefb6f166efd081e05a842f7def973,2018-02-20 09:02:15+00:00,sao paulo,SP,107.0,12.25,esporte_lazer,119.25
03ff7f74352df18b6a9a261d68befe5e,2018-04-09 15:53:12+00:00,santos,SP,110.32,7.96,beleza_saude,118.27999999999999
03ffce741877a000ca0fb3520673d4c4,2016-10-05 15:17:57+00:00,igarassu,PE,649.0,169.12,esporte_lazer,818.12
04011f820bf820fa27cf4cc1fc06d3be,2017-10-23 12:48:12+00:00,manaus,AM,19.9,25.38,telefonia,45.28
0401f33945d6292657d6a4d951191570,2017-04-11 07:49:41+00:00,araraquara,SP,44.55,11.74,moveis_decoracao,56.29
0402c01cc0985160e52a67f202177b78,2017-09-26 12:48:14+00:00,itapevi,SP,58.99,11.73,beleza_saude,70.72
04031be66943a9c385ff683fcc99d288,2017-09-16 02:31:26+00:00,rio de janeiro,RJ,109.9,14.52,beleza_saude,124.42
04031f8b12339dcc12fa340fe96f00a6,2018-06-14 11:12:15+00:00,sao paulo,SP,56.99,13.98,cama_mesa_banho,70.97
040375f78f9a97d7edfa4e9d2aa8273d,2018-01-25 13:58:54+00:00,varzea grande,MT,169.99,36.51,utilidades_domesticas,206.5
0403bed7b44fb735b6af72505c57fdd3,2017-07-17 22:37:39+00:00,campinas,SP,89.9,12.13,cama_mesa_banho,102.03
04040ee654b248cdc512a68ecc83e4cc,2018-03-27 22:14:59+00:00,atibaia,SP,259.9,15.29,cama_mesa_banho,275.19
0406037ad97740d563a178ecc7a2075c,2018-03-08 16:57:23+00:00,atibaia,SP,297.0,66.31,construcao_ferramentas_iluminacao,363.31
04064f81e71399939f72222d7c701c47,2018-05-03 11:00:41+00:00,nova friburgo,RJ,19.49,18.23,esporte_lazer,37.72
0406b335284c621b052c06d972ab7626,2018-04-06 13:03:10+00:00,rio de janeiro,RJ,159.99,27.2,cama_mesa_banho,187.19
0406e86d8cc991f78438e19919b901de,2018-05-02 18:03:05+00:00,araraquara,SP,69.0,12.92,perfumaria,81.92
040729c8c0dc6288b3fb10ca9da26f72,2018-05-09 13:38:37+00:00,sao paulo,SP,89.9,19.6,pet_shop,109.5
04075153ea747446984b909a58edef85,2018-07-20 20:48:35+00:00,pilar do sul,SP,35.0,13.83,moveis_decoracao,48.83
04082ed3fe3aa0b4af00796e94ead6ba,2018-05-10 17:24:33+00:00,fortaleza,CE,118.0,21.01,relogios_presentes,139.01
04093e1c2379ed67d202eb2914ded68f,2018-05-04 23:20:54+00:00,santos,SP,98.81,13.81,informatica_acessorios,112.62
0409a79770433fbb5610660b8f8cd69d,2017-06-14 23:48:42+00:00,camacari,BA,38.5,17.92,moveis_decoracao,56.42
040a4487d2c737f11caa0eafc5ba5cf5,2018-04-26 09:03:32+00:00,criciuma,SC,105.0,25.82,relogios_presentes,130.82
040a4487d2c737f11caa0eafc5ba5cf5,2018-04-26 09:03:32+00:00,criciuma,SC,35.0,8.06,relogios_presentes,43.06
040a7d867d3a82c3dbe047e96515bd09,2018-02-20 09:03:00+00:00,rio de janeiro,RJ,79.99,15.32,perfumaria,95.31
040b98b117606d34ba51c4d274a15e2d,2017-10-29 18:21:41+00:00,dois irmaos,RS,887.0,26.7,bebes,913.7
040b9db3ba0a38c2c2b139d6604576c8,2018-07-02 11:04:27+00:00,sao bernardo do campo,SP,69.99,8.65,informatica_acessorios,78.64
040c71e2bb944537100baa9dfff8e2ac,2018-02-22 12:44:10+00:00,curitiba,PR,55.9,15.14,perfumaria,71.03999999999999
040d14995ebc5de6373a0bc2b5485961,2017-09-12 08:31:39+00:00,botelhos,MG,23.99,16.11,brinquedos,40.099999999999994
040d7a91a18a8d2262e45df7c8ea8051,2017-08-08 10:51:20+00:00,loanda,PR,64.9,13.47,livros_interesse_geral,78.37
040df517e85524968f559f37441b705e,2018-03-22 14:56:45+00:00,cacador,SC,234.9,20.61,brinquedos,255.51
040f214f2ec8be892fee452b52a96f1f,2017-11-01 15:52:21+00:00,sao simao,SP,199.0,18.64,cool_stuff,217.64
040f27ad597191f7832612a806fa682f,2017-12-22 14:43:34+00:00,sao paulo,SP,24.5,11.85,consoles_games,36.35
040f8d4b01dfd628e0ec871546a193f7,2018-05-11 10:26:40+00:00,tatui,SP,79.9,13.0,beleza_saude,92.9
040ffb806b943aa19e0b176e7746b2b7,2018-07-31 15:52:32+00:00,santos,SP,519.0,37.69,moveis_cozinha_area_de_servico_jantar_e_jardim,556.69
04105b54650921ca3246f52e6f175f46,2018-04-23 09:07:38+00:00,nazario,GO,69.9,0.0,moveis_decoracao,69.9
04107d105302558ebef9aa631b9bd13a,2018-04-13 22:12:39+00:00,sao paulo,SP,24.97,18.23,construcao_ferramentas_construcao,43.2
041082480b107a1303236e0c21b8bcd5,2018-04-21 15:55:04+00:00,lagoa da prata,MG,196.8,19.26,moveis_decoracao,216.06
0410ab9a8e8b28e6399bca3e89562f95,2017-09-13 03:15:40+00:00,sao jose,SC,24.9,14.1,telefonia,39.0
0410df130bab1cdcd13e23044ef9d76a,2018-03-17 13:04:49+00:00,sao paulo,SP,116.99,7.68,moveis_escritorio,124.66999999999999
0410f4cc1616cb8c9d1f03c78a8c9f81,2017-06-22 22:31:14+00:00,recife,PE,59.9,26.56,utilidades_domesticas,86.46
0410fab6a2d13d2339283e1e2522518f,2018-04-10 14:38:47+00:00,itapolis,SP,89.18,13.98,utilidades_domesticas,103.16000000000001
04116cd1278a6285625c664dc0d09594,2017-11-24 21:13:44+00:00,rio de janeiro,RJ,49.0,17.64,ferramentas_jardim,66.64
0411b9d67ebfabf519c3e47629e91e3d,2018-03-08 06:06:06+00:00,bandeirantes,PR,180.0,19.14,informatica_acessorios,199.14
0412356b9ae3ad8db617e892afb02204,2018-06-19 08:43:13+00:00,patrocinio,MG,69.99,19.68,ferramentas_jardim,89.66999999999999
041273e1165dd64068aa28edb4a0cf5a,2018-02-28 16:31:27+00:00,vale real,RS,46.63,15.1,perfumaria,61.730000000000004
04127548fb3634e50ad03765c05cdc68,2018-02-04 22:20:29+00:00,osasco,SP,79.99,8.75,cama_mesa_banho,88.74
0412781fb7b094ddbd06503035a2964c,2018-08-20 21:49:25+00:00,santa rosa de viterbo,SP,89.0,14.93,cama_mesa_banho,103.93
0412b784548c0bf8cc35073f13923e2c,2017-09-26 22:51:24+00:00,sao paulo,SP,269.99,22.73,esporte_lazer,292.72
04130ed2567c23daa988cca5f1860430,2017-11-11 14:47:40+00:00,taboao da serra,SP,37.5,9.34,papelaria,46.84
04132c02a610a19773963143ba1b5bb4,2017-10-04 09:13:51+00:00,canto do buriti,PI,599.5,75.33,eletrodomesticos_2,674.83
0413fe9eb0eb4aee51ef3065e9c91aa3,2017-06-30 11:27:34+00:00,belo horizonte,MG,89.9,19.87,utilidades_domesticas,109.77000000000001
04158f13c5f4533ee32baa89521cf9ba,2018-08-15 09:48:31+00:00,maracanau,CE,108.9,23.04,automotivo,131.94
04164ec24abde688d0451ee982797344,2017-11-30 21:30:36+00:00,sao paulo,SP,95.0,7.92,relogios_presentes,102.92
041687935b1e4c3715beb1602270b40c,2017-12-26 10:35:22+00:00,sao paulo,SP,69.99,7.78,beleza_saude,77.77
0417b4ccdad2da3b88aa378eef45528c,2018-04-22 18:41:26+00:00,rio de janeiro,RJ,89.9,16.6,cama_mesa_banho,106.5
0417c9ab9d789459e660e8d325ce4a6a,2018-06-25 08:27:27+00:00,carapicuiba,SP,349.0,18.72,instrumentos_musicais,367.72
0417dce62cd5791d3d0005ca971b2ba7,2018-03-19 05:02:28+00:00,jaboatao dos guararapes,PE,27.99,19.04,telefonia,47.03
041829597c49c92cb66b0e5813936286,2018-02-11 15:37:27+00:00,campo mourao,PR,109.9,25.61,ferramentas_jardim,135.51
04198c2c90b3fcfaec75a836841dafe2,2018-08-19 20:31:49+00:00,niteroi,RJ,45.0,17.25,utilidades_domesticas,62.25
0419d1888e0a963802e403d8507c753a,2017-11-21 22:30:45+00:00,feira de santana,BA,144.99,20.25,cool_stuff,165.24
041aa5c38550649d5b51f38ba03a29a4,2018-02-06 09:17:35+00:00,ilhabela,SP,33.9,15.1,beleza_saude,49.0
041bceeb0d1b95b5079ffb1ba84a779d,2017-08-29 13:03:47+00:00,salvador,BA,49.9,17.92,moveis_decoracao,67.82
041cba819a99569f87996b65b73ea82e,2018-03-18 00:19:20+00:00,brasilia,DF,23.99,14.16,beleza_saude,38.15
041cbce90c076b8e9eb9f79112a59899,2018-03-24 21:26:30+00:00,guara,SP,139.0,54.72,informatica_acessorios,193.72
041d39835d57e12ebcd5d992e2cc7360,2018-04-25 07:37:56+00:00,paco do lumiar,MA,9.0,22.85,eletronicos,31.85
041d5ff28cb7d9b107b7461064dd40e2,2018-05-16 19:30:19+00:00,sao paulo,SP,78.9,9.7,informatica_acessorios,88.60000000000001
041d7e3625568f4f949823fe46818852,2018-01-28 19:37:07+00:00,assis,SP,49.9,11.85,papelaria,61.75
041e2854aac3d7cc5af940995ac6be0b,2018-04-26 21:23:34+00:00,rio de janeiro,RJ,230.0,19.49,relogios_presentes,249.49
041f09bbcd85d178903f5bb71f11a02e,2017-04-18 11:43:48+00:00,parnamirim,RN,109.9,29.7,cama_mesa_banho,139.6
041fd411ba3cebfe101d1dadc0666ce6,2018-02-12 21:47:28+00:00,santa maria,RS,119.9,25.68,automotivo,145.58
0420da8d50a3784011290a782f25a8a8,2018-08-09 16:42:43+00:00,sao carlos,SP,59.9,14.73,brinquedos,74.63
0420dbc50fc554e303e4b2d6b39063f6,2017-11-17 19:49:17+00:00,ribeirao preto,SP,64.9,26.98,cool_stuff,91.88000000000001
0420dbc50fc554e303e4b2d6b39063f6,2017-11-17 19:49:17+00:00,ribeirao preto,SP,59.9,15.94,bebes,75.84
0420dbc50fc554e303e4b2d6b39063f6,2017-11-17 19:49:17+00:00,ribeirao preto,SP,59.9,14.72,bebes,74.62
04210d64e3bdb5a0cd44eb156294991e,2017-08-04 11:05:40+00:00,joao pessoa,PB,66.0,21.26,moveis_decoracao,87.26
04211073930bd30b88b8170431a071ed,2017-05-23 08:19:35+00:00,urussanga,SC,18.9,15.1,esporte_lazer,34.0
042167409734e42b253083768c865409,2017-12-06 19:48:16+00:00,belem,PA,41.5,22.67,esporte_lazer,64.17
04221a4eb2e1a30903ffaaa72f8b268c,2018-06-29 11:03:15+00:00,pirassununga,SP,39.99,12.94,telefonia,52.93
0424ec4615df28c58201d0828ac20cdd,2017-08-17 15:41:43+00:00,vila velha,ES,134.9,33.39,cama_mesa_banho,168.29000000000002
0424f6bc3d0829eb2829bf77fb01e60f,2018-01-30 17:08:44+00:00,santos,SP,50.0,11.85,bebes,61.85
0425635629d7b1e1aefedf34bd15e289,2018-08-27 11:16:19+00:00,campinas,SP,44.9,8.47,cama_mesa_banho,53.37
042649285cd08ef7c546445419b43407,2018-03-13 15:24:32+00:00,salvador,BA,59.99,18.35,bebes,78.34
0426ac8a5e4a839db34bb45d7e313fa3,2017-05-01 19:33:24+00:00,pato branco,PR,219.99,19.82,cool_stuff,239.81
04276973bd289a01c0eb40a277fd919d,2017-07-22 16:31:58+00:00,guaruja,SP,66.29,12.8,moveis_decoracao,79.09
04287a84357d7a29361c0948ee9bb4b4,2018-06-24 17:55:27+00:00,betim,MG,42.97,23.1,construcao_ferramentas_construcao,66.07
042a2a13d31a166caca991455002fe1a,2018-03-27 13:34:42+00:00,itu,SP,15.99,8.88,brinquedos,24.87
042c384c3edbe39a47895217eb5e90a4,2017-05-03 13:36:26+00:00,sao vicente,SP,145.0,28.2,utilidades_domesticas,173.2
042ce41927758767ec2aa0de06486b4c,2017-12-01 10:39:13+00:00,uberlandia,MG,569.9,22.87,brinquedos,592.77
042cfa84b1415cdcea821bcbc1bb8f4c,2017-12-17 10:49:02+00:00,sorocaba,SP,54.49,7.78,beleza_saude,62.27
042d7868efeb34d5748cf9262016f6be,2017-08-30 14:57:25+00:00,angra dos reis,RJ,97.0,15.43,informatica_acessorios,112.43
042e14b2dcf81a8468a49c14d28036c9,2018-03-07 21:08:18+00:00,sao paulo,SP,53.9,14.47,ferramentas_jardim,68.37
042e247be09aeae88a74e35766aa03ca,2017-01-26 22:28:07+00:00,sao goncalo,RJ,59.5,17.16,cama_mesa_banho,76.66
042f96d01e1471ebf86650ae185a0746,2018-06-17 01:28:58+00:00,sao paulo,SP,15.9,7.39,telefonia,23.29
04304d72305054a178c81ab24c4d2d68,2018-02-06 20:33:06+00:00,belo horizonte,MG,45.9,16.11,moveis_decoracao,62.01
04323742e042716e4427a5b3536ea08f,2018-04-23 00:34:50+00:00,sao paulo,SP,18.99,7.39,telefonia,26.38
043332e857863b02677c1e075e3cc0cf,2017-11-08 15:26:16+00:00,quintana,SP,90.0,44.48,cool_stuff,134.48
0434058c92c9306bb6d1edd50bf3526a,2018-02-14 11:54:55+00:00,rio de janeiro,RJ,49.9,14.1,fashion_bolsas_e_acessorios,64.0
0435404d45d367d6da14e7628c40a041,2017-05-24 21:43:53+00:00,varzea paulista,SP,69.9,15.24,fashion_bolsas_e_acessorios,85.14
0435b65bfd0a1cd1c48a82f5b405ea78,2017-07-18 13:32:25+00:00,carmo da mata,MG,119.94,34.2,moveis_escritorio,154.14
0435e97505a412ee97a24d62beb81cf0,2018-05-17 18:35:23+00:00,lajeado,RS,225.0,20.72,casa_construcao,245.72
043671e7714932580dc35789804ffbcc,2018-01-18 17:05:20+00:00,niteroi,RJ,108.0,9.77,relogios_presentes,117.77
0436c197b0ba8265af9fa94b7f444866,2018-08-07 15:54:26+00:00,nova friburgo,RJ,64.99,18.56,brinquedos,83.55
04378b376807e5fbc797362f9e06ea2d,2018-04-15 11:54:06+00:00,ibirite,MG,30.0,15.23,automotivo,45.230000000000004
0437be9eb5f6b26660f0b5eafd1b1994,2018-01-03 16:27:07+00:00,rio de janeiro,RJ,489.0,17.17,pet_shop,506.17
0438652a8cef245640be57b30610a4fb,2018-04-03 12:06:28+00:00,barueri,SP,467.0,19.24,informatica_acessorios,486.24
0438fc3e115633e11a93c878a1591016,2018-08-11 20:58:44+00:00,andorinha,BA,249.0,15.22,telefonia,264.22
04396584556ebf06343678f29cb10832,2017-10-20 19:46:35+00:00,belo horizonte,MG,89.9,17.88,casa_conforto,107.78
04398fd8d888a4857774d982da494987,2017-05-15 14:14:21+00:00,ipatinga,MG,39.9,17.6,brinquedos,57.5
043ad325c92b4317f9ff48836a7a4e9c,2018-06-12 11:38:30+00:00,taboao da serra,SP,130.0,8.65,esporte_lazer,138.65
043ba86e4e3f73fe5cb856f225fd8aa4,2017-11-24 00:24:00+00:00,juina,MT,12.89,16.79,telefonia,29.68
043c74b543e990bd18b14ef1e4344031,2017-08-15 09:02:19+00:00,rio de janeiro,RJ,129.9,17.35,utilidades_domesticas,147.25
043cdeaa13251e7dd736f65b9ef6498f,2018-04-21 22:06:04+00:00,feliz,RS,27.99,18.23,telefonia,46.22
043d2e177e6762a2a1d029db6338d84e,2018-05-17 16:37:58+00:00,ourinhos,SP,189.9,13.77,beleza_saude,203.67000000000002
043d31a14bff24ead2b38f6b84a10437,2017-06-06 08:37:30+00:00,sao paulo,SP,379.9,13.86,automotivo,393.76
043e7f7cfe1fdc68f4ba3dc83504db83,2018-07-02 22:03:59+00:00,nova trento,SC,120.0,20.03,brinquedos,140.03
043f43899c67438005004d160d18f55c,2018-06-13 19:59:40+00:00,sao jose dos campos,SP,225.0,8.84,fashion_bolsas_e_acessorios,233.84
04401428491f4e0e839e31e835c5e7bd,2018-01-04 15:10:45+00:00,nova olinda,CE,55.0,25.67,relogios_presentes,80.67
0441b92c70bbdc1ae99a187e05d52621,2018-01-11 17:08:50+00:00,cosmopolis,SP,29.1,15.11,alimentos,44.21
0441f678672cdd5323a2cdf79004ed48,2018-06-15 00:52:01+00:00,osasco,SP,39.99,12.94,cama_mesa_banho,52.93
044223df7cb37509bfeb2a0df1250ca4,2017-11-02 09:19:16+00:00,camapua,MS,115.0,21.3,cama_mesa_banho,136.3
044406a115a855072a8e79d38f028a80,2017-08-01 11:04:50+00:00,canoas,RS,56.99,14.15,perfumaria,71.14
044496e055fca9c2f17e1309e77a48b6,2017-09-13 07:59:23+00:00,assis,SP,131.0,25.23,utilidades_domesticas,156.23
0444bf76794ff96fd22fff6be21bdb6a,2017-12-20 11:22:58+00:00,timon,MA,229.99,31.02,cool_stuff,261.01
04453a84ff0126fdc05079cf18a34890,2018-07-11 14:07:30+00:00,cristalina,GO,94.95,19.86,bebes,114.81
04464191f1b76f60684eac5609f3bdda,2018-07-30 15:03:10+00:00,sao paulo,SP,478.0,12.1,relogios_presentes,490.1
04467aceefd2346ed54c7fd9e40721a6,2018-01-25 16:21:03+00:00,rio de janeiro,RJ,49.9,17.6,ferramentas_jardim,67.5
0446aaa642b81cd046c44edda61ed010,2017-10-15 13:37:25+00:00,fortaleza,CE,74.99,27.06,cama_mesa_banho,102.05
0446b999e57cddf002396ed4baa07074,2017-09-25 07:05:47+00:00,sao paulo,SP,15.9,11.85,cama_mesa_banho,27.75
0446b999e57cddf002396ed4baa07074,2017-09-25 07:05:47+00:00,sao paulo,SP,12.9,11.85,cama_mesa_banho,24.75
04492e6b1fcee5317506f927e0e89eb2,2018-07-17 01:02:33+00:00,ubatuba,SP,114.9,15.11,cama_mesa_banho,130.01
04497a3993ecf2e604b91ca0a8a80ecd,2017-09-17 23:21:05+00:00,belo horizonte,MG,64.9,16.7,cama_mesa_banho,81.60000000000001
0449fc8e83f3042e2e415a2bc3f2a424,2018-04-20 08:36:13+00:00,conceicao do para,MG,230.0,19.49,moveis_decoracao,249.49
044b08f176981f660b98a85c559ad57d,2018-07-18 18:43:04+00:00,sao paulo,SP,68.5,14.06,cama_mesa_banho,82.56
044bcd01474ba715e7cb11d5a70ccf0e,2018-03-23 15:57:23+00:00,rio de janeiro,RJ,69.9,20.06,moveis_decoracao,89.96000000000001
044c27c9fb6d9b51bba0efa1fd726c97,2018-04-05 15:25:53+00:00,embu das artes,SP,87.51,15.49,beleza_saude,103.0
044cbf8cf2b8839acd8f0fbc6faeeabd,2018-08-16 01:14:12+00:00,sao paulo,SP,38.95,7.53,telefonia,46.480000000000004
044cd7ffb6a41e6e5513c6595a2893ca,2017-10-29 10:15:00+00:00,brusque,SC,19.9,15.1,moveis_decoracao,35.0
044d4643b22cf71e768701acd9fc55ef,2017-07-04 09:40:53+00:00,campinas,SP,89.9,24.94,utilidades_domesticas,114.84
044d94a4ac73b24fe28ff5293ac35bd8,2017-06-19 14:56:36+00:00,alegrete,RS,39.9,25.63,informatica_acessorios,65.53
044e7b17d9488e54fc8417df5289f503,2018-04-18 17:36:24+00:00,curitiba,PR,79.99,23.14,artes,103.13
0450f2effaa0b03d5c7c5456338f48ff,2018-08-17 16:58:09+00:00,nova londrina,PR,12.99,18.23,consoles_games,31.22
0452090193a8d241f971d25e584e9ca0,2018-05-16 19:59:19+00:00,tapiramuta,BA,99.99,14.54,artes,114.53
0452092bf08cf43ddab32ebec9e75d2d,2017-02-21 10:53:34+00:00,recife,PE,29.9,20.4,telefonia_fixa,50.3
0452166f3b0d8e378179ecea1efdfe05,2018-08-10 11:25:41+00:00,curitiba,PR,59.9,11.91,instrumentos_musicais,71.81
045339fcba21e00a00a822ca77f55c0c,2017-02-23 23:52:51+00:00,porto alegre,RS,69.0,9.47,informatica_acessorios,78.47
045524a5ae6c874b746523a6fd79f4f9,2017-09-02 18:22:11+00:00,socorro,SP,112.9,13.13,brinquedos,126.03
045797b656bf633566b0bcff412442a3,2017-11-29 11:27:38+00:00,rio de janeiro,RJ,170.0,21.68,relogios_presentes,191.68
045806c8806bca9909e23a1a79cfdd0c,2017-12-10 20:49:32+00:00,itanhaem,SP,139.9,34.25,bebes,174.15
04584330f2068c5aa42306130a5ae0e5,2018-01-28 20:31:51+00:00,sao paulo,SP,29.99,7.78,telefonia,37.769999999999996
0459f8e390241a0cad720e0fce4e66a7,2017-09-22 19:32:03+00:00,sao paulo,SP,212.0,12.98,relogios_presentes,224.98
045abe3dd2d7c962b78a446b053238a6,2018-03-10 12:51:18+00:00,teresina,PI,169.9,52.99,bebes,222.89000000000001
045acee11e62afca7764429c5710dac9,2018-03-17 14:07:59+00:00,itapetininga,SP,14.4,12.79,eletronicos,27.189999999999998
045b201c094804e3fa5e542994c79f09,2017-12-07 09:02:57+00:00,paracuru,CE,96.0,29.07,beleza_saude,125.07
045b7b7bf230ace5044f87ad5de18dd0,2017-10-23 16:01:09+00:00,sao roque,SP,15.0,11.85,brinquedos,26.85
045b9114be21f880246ba6d749f577af,2018-08-11 14:59:32+00:00,rio de janeiro,RJ,42.89,18.4,eletronicos,61.29
045c7a03ba28c7d7b3c58e3897f587a7,2017-11-19 19:11:20+00:00,sao paulo,SP,189.9,16.09,fashion_bolsas_e_acessorios,205.99
045c9852284420b9c02d156436e1481c,2018-05-16 16:38:10+00:00,sao paulo,SP,39.9,15.23,informatica_acessorios,55.129999999999995
045d2b8e16b8512db26e4d3d1a3e5198,2018-05-15 16:20:48+00:00,franca,SP,34.99,12.79,informatica_acessorios,47.78
045d5f2b9ec233c262c0ba79867e37fb,2018-01-13 19:50:52+00:00,caete,MG,219.0,17.97,esporte_lazer,236.97
045e0b29f969d5cd3bf5ca04087a4af8,2018-08-06 22:58:06+00:00,alto jequitiba,MG,72.0,19.69,ferramentas_jardim,91.69
045e848420a12f1b3dbcb2e6e375852b,2018-06-26 19:37:07+00:00,matozinhos,MG,35.0,19.44,utilidades_domesticas,54.44
045e9ebd4d41affc66333d58c3d107c1,2017-03-01 19:28:08+00:00,rio de janeiro,RJ,176.96,33.52,moveis_escritorio,210.48000000000002
045eff272f42f0ae0191149686f193e1,2018-04-23 09:07:47+00:00,belo horizonte,MG,69.0,15.36,instrumentos_musicais,84.36
045fb730a757a5379d79bdbc42d4e84b,2018-08-03 06:19:40+00:00,pocos de caldas,MG,34.9,13.58,informatica_acessorios,48.48
045fdf416ed4db7ae710009397448586,2018-01-12 12:04:11+00:00,palmas,TO,153.0,33.52,cama_mesa_banho,186.52
046022868cf3fa04a308811fd6b0b282,2018-06-22 20:02:38+00:00,sao paulo,SP,35.0,16.44,perfumaria,51.44
046023c2e3840562a6320b2bc22bda81,2017-11-24 20:17:18+00:00,barueri,SP,335.9,16.86,esporte_lazer,352.76
0460d320a0a3d5a59cbc08636053751b,2018-07-25 19:55:29+00:00,sao paulo,SP,119.9,13.5,relogios_presentes,133.4
046100ad996b1c80d13e7e90fccd0560,2017-08-07 17:35:03+00:00,louveira,SP,49.99,11.85,beleza_saude,61.84
04626f2c41e6a49d4c2102a7d410797a,2017-11-27 10:47:32+00:00,brusque,SC,53.99,15.13,perfumaria,69.12
0462bad26ccfb8508951beb9ea398ae1,2018-01-01 08:37:46+00:00,afonso claudio,ES,151.2,18.31,bebes,169.51
0463f8ccb9ec5832bfeffdd28ce2359d,2018-01-08 15:26:13+00:00,satubinha,MA,58.99,37.96,beleza_saude,96.95
0464277e582666bde336336fd5fb9ff8,2018-04-09 10:11:29+00:00,rio de janeiro,RJ,149.99,8.99,brinquedos,158.98000000000002
04652586a8416e68609d21f267dee2f6,2018-07-31 09:41:10+00:00,olinda,PE,69.0,19.39,fashion_bolsas_e_acessorios,88.39
0466015790ddd0ed7a2e65a6ca039c73,2018-04-13 12:40:08+00:00,caraguatatuba,SP,14.0,18.23,bebes,32.230000000000004
0467205a89711e4ec8e70ef2277e3287,2018-07-03 10:30:52+00:00,sao paulo,SP,109.9,8.93,construcao_ferramentas_construcao,118.83000000000001
046735e8e55ac5d5eee44e008b9e9720,2018-03-24 22:39:49+00:00,sao paulo,SP,79.99,8.91,brinquedos,88.89999999999999
04689f2d82bbf4efb4cd3300961d4211,2017-06-11 19:43:03+00:00,rio claro,SP,79.9,15.31,informatica_acessorios,95.21000000000001
0468a84e6df93886189d80fce46bbfee,2017-03-20 20:21:14+00:00,francisco dantas,RN,198.9,25.88,perfumaria,224.78
046a69282c430c5d662cee78c019f95f,2017-11-21 13:10:50+00:00,porto velho,RO,319.0,23.03,relogios_presentes,342.03
046af6e24851f4a0a0e7849112980219,2017-10-14 16:01:55+00:00,rio de janeiro,RJ,14.9,14.1,utilidades_domesticas,29.0
046afc54df6dd8bc98ee2c0e653b70d8,2017-07-03 23:04:24+00:00,pinhais,PR,29.0,14.1,relogios_presentes,43.1
046bac99a3d9ff45ef86ebcd710b972a,2018-07-31 14:49:15+00:00,fortaleza,CE,89.0,19.53,relogios_presentes,108.53
046bc7c1d7122be13009a28d66977149,2018-05-29 21:46:28+00:00,sao paulo,SP,39.99,8.29,livros_interesse_geral,48.28
046cb513a5ed6d4f7506af8f88636609,2018-06-24 23:13:35+00:00,sao paulo,SP,59.89,9.17,livros_importados,69.06
046ce63db7db8b9160b6231429c8ea66,2017-08-23 15:25:07+00:00,lagoinha do piaui,PI,115.0,34.61,Unknown,149.61
046cf9d36030cfd64e9800b0006f5713,2018-01-19 20:23:39+00:00,florianopolis,SC,45.0,15.11,esporte_lazer,60.11
0470834755105bf0bb1c3062a73f1d99,2017-07-11 19:07:20+00:00,gravatai,RS,34.9,16.6,cama_mesa_banho,51.5
04711aafa1156335ba1ea7f6f7b7daef,2017-11-05 22:04:34+00:00,sao bernardo do campo,SP,84.9,14.32,malas_acessorios,99.22
047250e11ece4201a2083bc3b62866bf,2018-08-11 16:41:43+00:00,valinhos,SP,34.9,8.4,cool_stuff,43.3
04730e3327a051a939ae815e14e482e1,2017-11-24 21:44:07+00:00,marica,RJ,599.0,17.94,relogios_presentes,616.94
0473cdb86b1d6469287e484366a1a608,2017-08-23 15:52:42+00:00,comendador levy gasparian,RJ,69.99,15.24,consoles_games,85.22999999999999
04749a8c0b72cda9ebbd79d27a0d1e40,2018-07-23 15:10:48+00:00,aracaju,SE,214.0,18.43,automotivo,232.43
0474da9403011efc4abd2bf594e9b68b,2018-08-08 13:18:36+00:00,simao pereira,MG,149.0,26.41,utilidades_domesticas,175.41
0475d054d40280dfba750663c9ad7a0a,2018-07-24 17:25:33+00:00,nova prata,RS,49.9,13.69,sinalizacao_e_seguranca,63.589999999999996
04767604594dae9050fbaf22bca08e6e,2017-05-21 21:55:51+00:00,rio de janeiro,RJ,159.9,9.86,perfumaria,169.76
0476f6eca64ad7ce1bef51f7308871bd,2017-03-27 10:50:53+00:00,almirante tamandare,PR,99.0,17.43,informatica_acessorios,116.43
047723564a4f371af7f16f08f08ae0e0,2017-12-06 19:03:12+00:00,macae,RJ,279.99,19.4,Unknown,299.39
04778abaab7b4bdfb0abb1110f1eba52,2018-05-06 02:07:13+00:00,canoas,RS,27.99,15.23,telefonia,43.22
04782e9b6da0d4326e534dae5dd3e09e,2018-05-26 22:39:15+00:00,curitiba,PR,37.99,15.23,telefonia,53.22
04784f58d6d77df7f4c12da82a4577dc,2018-04-15 19:14:47+00:00,rio de janeiro,RJ,63.99,9.06,telefonia,73.05
0478ce23b7b39ac01b3bbd39109b083a,2018-08-10 14:19:42+00:00,carapicuiba,SP,135.0,16.05,informatica_acessorios,151.05
04791a70ae0e68a0fb50758b946b5195,2018-01-23 22:06:04+00:00,carapicuiba,SP,49.9,13.37,ferramentas_jardim,63.269999999999996
0479573b338446f5fedbcf76cea3bc20,2018-06-17 21:01:50+00:00,aracaju,SE,100.0,53.05,beleza_saude,153.05
047ac23902ffcc68f3106db4f2e4338f,2018-07-14 20:26:24+00:00,uberlandia,MG,139.0,14.31,relogios_presentes,153.31
047ad2bad6fa4c12dd98ff4b00ce0317,2018-03-20 11:29:46+00:00,rio verde,GO,69.9,24.71,moveis_decoracao,94.61000000000001
047d317db3c34ff477eee816660e44f0,2017-09-24 08:52:18+00:00,limeira,SP,134.9,12.44,relogios_presentes,147.34
047d4038afddd0dbca117fce7d5019d0,2018-01-02 19:37:17+00:00,rio de janeiro,RJ,109.97,61.51,moveis_sala,171.48
047d7bce997c4e73c6efe724711fd3b8,2017-10-15 21:28:17+00:00,sao paulo,SP,49.9,8.72,telefonia,58.62
047e0e88828680c6cd9c476d555823e2,2018-05-20 00:32:28+00:00,salvador,BA,25.52,16.5,informatica_acessorios,42.019999999999996
047e0e88828680c6cd9c476d555823e2,2018-05-20 00:32:28+00:00,salvador,BA,13.77,17.61,telefonia,31.38
047ea1a58aad923c2c108eafa2c28192,2018-07-01 09:19:30+00:00,taubate,SP,122.99,63.11,beleza_saude,186.1
047f9a218bccce8342d77f72c2240f8a,2017-04-22 17:20:56+00:00,osasco,SP,194.9,26.86,utilidades_domesticas,221.76
0480beb27028f701542a144a9882a0f4,2017-08-29 12:27:04+00:00,sao gabriel da palha,ES,169.99,15.94,telefonia,185.93
04814d2760b610101075888832621881,2018-04-30 11:49:11+00:00,rio de janeiro,RJ,443.0,18.99,eletrodomesticos_2,461.99
048297b4e795502db60be292e12dd390,2018-03-26 03:50:48+00:00,itapeva,SP,25.0,13.71,fraldas_higiene,38.71
0482c10b78fefa5a30abb519aa9dee93,2017-11-06 10:29:49+00:00,cruzeiro,SP,56.99,12.74,cama_mesa_banho,69.73
04836fc7917dc0bfcfbd4456ec4156ac,2018-07-21 12:52:02+00:00,rio de janeiro,RJ,99.99,58.78,alimentos_bebidas,158.76999999999998
0484f1d11d891ff86fcc2d225ce7094e,2018-01-13 14:59:32+00:00,sao paulo,SP,668.0,17.7,relogios_presentes,685.7
0487007c18089d38f1492091945d7ba8,2018-06-04 15:00:32+00:00,jales,SP,329.9,47.17,moveis_escritorio,377.07
048741d7885a7fded1de887eb956fff3,2018-06-13 17:00:48+00:00,marilia,SP,137.0,21.6,automotivo,158.6
0487b772aa23074a39079a6967041b72,2018-07-24 12:47:13+00:00,borborema,SP,28.28,13.78,ferramentas_jardim,42.06
0487b902149eab8ec30e844142ee3e3a,2017-11-13 18:09:53+00:00,vargem grande paulista,SP,94.9,13.22,utilidades_domesticas,108.12
0487e06921e4ff31dd6c111294e130fa,2018-04-27 19:56:35+00:00,sao paulo,SP,28.0,7.87,automotivo,35.87
048846960b74c996a4af7802498f52f2,2017-06-06 13:59:52+00:00,osasco,SP,149.9,8.79,brinquedos,158.69
048860a9cc82e1ab85c2d34174944cc8,2017-11-25 09:55:39+00:00,alto horizonte,GO,55.91,15.14,telefonia,71.05
048937ad68e3d2ec6e64f5105184589d,2018-05-06 15:38:02+00:00,bom jesus,PI,735.0,55.65,relogios_presentes,790.65
0489818f0b5863c095a7445ee35fd7f2,2018-03-15 20:56:24+00:00,cachoeiro de itapemirim,ES,81.4,23.5,informatica_acessorios,104.9
0489b618a9367918b686f03f0cdeec60,2018-03-15 20:00:33+00:00,ibia,MG,99.0,15.54,papelaria,114.53999999999999
0489c7b710f3ebccafbd087c3c53bc2d,2017-10-10 09:21:38+00:00,anapolis,GO,69.0,12.61,brinquedos,81.61
048beca6ccda094fb80bbc704d7c493d,2017-04-28 13:36:30+00:00,campinas,SP,159.9,13.7,ferramentas_jardim,173.6
048c6b6617c20f59a0ac4e9a348667e9,2018-01-13 20:02:47+00:00,belo horizonte,MG,122.99,14.61,Unknown,137.6
048cb31a5449d208f197f1fe7b617c3c,2018-04-23 14:02:47+00:00,curitiba,PR,65.0,19.42,livros_tecnicos,84.42
048cc31326007f07b576b46beddecc12,2017-12-07 11:56:06+00:00,carapebus,RJ,249.99,22.59,esporte_lazer,272.58
048cc42e03ca8d43c729adf6962cb348,2017-11-16 21:28:00+00:00,santana de parnaiba,SP,16.9,7.78,perfumaria,24.68
048d1e40afa8d75641833ebbb74f85b7,2017-12-04 10:20:59+00:00,ponta grossa,PR,169.9,14.21,informatica_acessorios,184.11
048d699adf41881d80ac3ed5f632a3aa,2017-04-24 18:35:48+00:00,vitoria,ES,169.9,16.89,cama_mesa_banho,186.79000000000002
048e579f89c9b3ca9a05550876740754,2017-07-25 19:23:14+00:00,patos de minas,MG,68.99,17.73,beleza_saude,86.72
048e6e4623dbf118c43e0f5572016faa,2017-12-31 17:57:21+00:00,cuite,PB,599.0,58.63,pcs,657.63
048f3e9b77a965f84a501a7f29076128,2017-07-28 00:35:02+00:00,sorocaba,SP,439.9,14.58,esporte_lazer,454.47999999999996
048f4f6b6d2d3bc131665b2440c39f70,2017-05-25 22:28:36+00:00,niteroi,RJ,48.9,37.9,moveis_cozinha_area_de_servico_jantar_e_jardim,86.8
048f62c5f28797fb7a060c3f3c3e3e2c,2018-05-03 14:52:26+00:00,mage,RJ,67.0,15.35,informatica_acessorios,82.35
048fc26beee4f076edae01e578a13fc8,2018-02-12 09:16:15+00:00,sao paulo,SP,26.9,8.27,construcao_ferramentas_construcao,35.17
048fec87f5858e3a91ce55d3a944b457,2018-05-15 22:58:42+00:00,florianopolis,SC,42.42,19.36,utilidades_domesticas,61.78
048fec87f5858e3a91ce55d3a944b457,2018-05-15 22:58:42+00:00,florianopolis,SC,161.42,19.35,utilidades_domesticas,180.76999999999998
04911e590c1c5c9b8e750d3ac1344d54,2017-08-02 15:03:37+00:00,marialva,PR,629.9,117.35,eletrodomesticos,747.25
04915529f622f4b069fb4501085fd905,2017-05-09 18:59:16+00:00,sao paulo,SP,42.99,5.52,brinquedos,48.510000000000005
04915529f622f4b069fb4501085fd905,2017-05-09 18:59:16+00:00,sao paulo,SP,49.9,10.04,brinquedos,59.94
0492eead55cd90ba9690387cca2baa20,2018-07-22 21:40:20+00:00,cubatao,SP,99.0,7.95,relogios_presentes,106.95
0493b5f35d3ee7b1f7e2d98ad782820b,2018-04-12 12:25:11+00:00,ponta grossa,PR,99.0,19.66,brinquedos,118.66
0493cfcda1fbe4c59f584aeffa96c098,2017-03-03 14:22:17+00:00,saquarema,RJ,89.0,17.36,papelaria,106.36
049446a8732fca98a50e6767bb58bd49,2017-12-04 07:15:00+00:00,sao jose dos campos,SP,49.9,16.11,utilidades_domesticas,66.00999999999999
04948f70a0acaf8f9bcbc5602c4a7a47,2018-01-14 20:11:36+00:00,rio pardo de minas,MG,329.9,17.06,relogios_presentes,346.96
0494b383f6155152ea987dde9647004b,2018-01-02 11:59:49+00:00,paulinia,SP,38.8,8.72,eletronicos,47.519999999999996
0494bfa608beaca61486b71439135973,2017-04-30 21:07:30+00:00,cajamar,SP,79.9,11.17,bebes,91.07000000000001
0494d7ef89583fcaf33a1cea4bcfeec2,2017-08-21 19:05:01+00:00,guajara-mirim,RO,29.9,34.15,fashion_bolsas_e_acessorios,64.05
0494f6deee34c3bcc09e66f364b0e5a4,2018-05-17 16:38:18+00:00,sao jose dos pinhais,PR,47.9,16.32,bebes,64.22
04955e4e1efe5837c88f3d4311a94fe7,2018-06-11 14:58:07+00:00,recife,PE,29.9,29.46,esporte_lazer,59.36
0497899302217e8f8ea8645ac33c1882,2017-02-07 11:21:12+00:00,cachoeiras de macacu,RJ,99.0,22.16,beleza_saude,121.16
04993613aee4046caf92ea17b316dcfb,2018-01-30 08:46:12+00:00,sao paulo,SP,62.0,10.54,cama_mesa_banho,72.53999999999999
04993613aee4046caf92ea17b316dcfb,2018-01-30 08:46:12+00:00,sao paulo,SP,48.0,10.54,cama_mesa_banho,58.54
049999b745ab7d4bc3ddf00181c39d56,2017-11-06 01:15:08+00:00,sao paulo,SP,24.99,7.78,telefonia,32.769999999999996
0499c7fe87611ea8ba76fc6ddceaad0e,2018-07-30 11:52:30+00:00,belo horizonte,MG,69.0,15.58,construcao_ferramentas_seguranca,84.58
049ac54eda25ad838a76c65dcfd27c9a,2018-07-26 16:16:14+00:00,manaus,AM,139.9,33.12,esporte_lazer,173.02
049ad2bf8710b108e943f5074aed4939,2017-11-08 09:03:18+00:00,sao paulo,SP,54.9,13.08,cama_mesa_banho,67.98
049b358d74d74c40f7305eb4a4bc378e,2018-05-05 11:49:41+00:00,brasilia,DF,79.9,15.44,consoles_games,95.34
049bad09d9281445edb6dd1d6ece7395,2017-07-14 11:36:41+00:00,sao paulo,SP,79.9,7.81,bebes,87.71000000000001
049c19712aca2d6e4ddc43c83183cdf6,2018-04-14 11:42:40+00:00,sao paulo,SP,139.0,48.24,instrumentos_musicais,187.24
049c844d7707d97ba1600196919474f4,2018-02-27 15:31:49+00:00,niteroi,RJ,128.89,15.65,relogios_presentes,144.54
049db9aade07d0056ead438e182f2b52,2018-07-09 21:25:55+00:00,brasilia,DF,64.99,18.56,brinquedos,83.55
049ede3fc839758e81752a9dacd1f911,2018-08-02 21:35:18+00:00,franca,SP,12.99,12.79,Unknown,25.78
049f68d642ed97629f4f13966b3082af,2017-12-25 17:49:18+00:00,rio verde,GO,109.9,25.61,automotivo,135.51
049fa9a29ba386943ccbd0954fe8b8a0,2018-07-03 08:35:57+00:00,rio de janeiro,RJ,79.9,23.36,cama_mesa_banho,103.26
04a0704d5a3f27305100a48682d41bb6,2018-08-13 20:21:21+00:00,recife,PE,66.99,19.38,beleza_saude,86.36999999999999
04a0e5cbdfc606ebca72c5b78caf81fe,2018-01-21 15:05:27+00:00,sao paulo,SP,48.9,17.06,beleza_saude,65.96
04a18000a647d0f0f842ca489dd4a464,2018-03-21 14:03:09+00:00,osvaldo cruz,SP,60.0,13.78,moveis_decoracao,73.78
04a1e228e53006582fabe65a7767258c,2018-05-12 19:34:22+00:00,holambra,SP,59.9,14.51,automotivo,74.41
04a2349771026865337d7e70a2ae0af4,2017-08-14 23:42:48+00:00,belo horizonte,MG,229.99,60.16,eletrodomesticos_2,290.15
04a28263e085d399c97ae49e0b477efa,2018-02-02 18:01:10+00:00,brasilia,DF,84.89,15.34,informatica_acessorios,100.23
04a2b4ee7fcf9fa8bf25b8d5bc770152,2018-06-05 22:45:09+00:00,mirandopolis,SP,145.0,21.6,pet_shop,166.6
04a2b4ee7fcf9fa8bf25b8d5bc770152,2018-06-05 22:45:09+00:00,mirandopolis,SP,19.99,5.56,pet_shop,25.549999999999997
04a38c066d7f34688a58ac150102619e,2017-12-03 09:10:57+00:00,sao paulo,SP,29.99,7.78,eletronicos,37.769999999999996
04a59fe46fc5aa341da5378c195ed53c,2017-11-26 09:32:06+00:00,curitiba,PR,60.0,15.18,bebes,75.18
04a5e3a44cf4310b56f1a18f38f103e6,2018-01-19 03:33:15+00:00,rio de janeiro,RJ,29.0,14.1,relogios_presentes,43.1
04a772c0620384a8776c4fbcf4af5c01,2017-11-29 13:25:18+00:00,luziania,GO,64.9,25.29,cool_stuff,90.19
04a92860751dfe7ae41f71e1228ffd18,2018-05-14 13:30:21+00:00,ribeirao preto,SP,199.9,18.59,automotivo,218.49
04a964d023c9a995e1dea573959fad67,2017-03-06 13:59:02+00:00,belo horizonte,MG,85.0,58.2,moveis_escritorio,143.2
04ab36803e2945bace40db80eaa54bc4,2017-10-10 17:58:51+00:00,tiradentes,MG,38.99,16.11,cama_mesa_banho,55.1
04abf2d38859e6dfcfda69ed28a10aff,2018-03-23 00:22:35+00:00,primavera do leste,MT,25.0,23.28,livros_tecnicos,48.28
04ac505fe152a153d8b6013eccb4086b,2018-04-04 00:22:07+00:00,sao jose dos campos,SP,39.9,7.39,utilidades_domesticas,47.29
04ac671da9c58d9111811d06df6d2513,2018-04-22 19:30:11+00:00,sao paulo,SP,53.9,13.46,ferramentas_jardim,67.36
04ad6306c963b60d59a354f6cb9a3e13,2018-03-19 13:21:27+00:00,cunha,SP,219.0,13.97,esporte_lazer,232.97
04ad8c8d81d4c6b6936947bfe41c20fd,2018-02-25 19:00:40+00:00,salvador,BA,53.9,19.62,ferramentas_jardim,73.52
04aecd02392f7ec523e0e3f208d7e890,2018-04-04 16:37:52+00:00,praia grande,SP,103.99,7.59,ferramentas_jardim,111.58
04af00b2ad7756ba45549af1e832d8da,2017-12-05 21:01:20+00:00,osasco,SP,134.99,13.5,malas_acessorios,148.49
04af40a6714e5ab254138fcd4863f0c1,2018-03-10 22:24:10+00:00,sao paulo,SP,40.0,7.39,esporte_lazer,47.39
04af63a78c7e84943b8377fe1b7871aa,2018-03-28 10:37:40+00:00,juiz de fora,MG,115.0,18.69,relogios_presentes,133.69
04b037305ba882bf9510568fe6c1615b,2018-01-13 17:56:43+00:00,lavras,MG,120.0,15.59,perfumaria,135.59
04b16351c3a70c83b9f8f1fe295cb450,2017-04-22 14:49:56+00:00,ribeirao preto,SP,98.9,15.9,esporte_lazer,114.80000000000001
04b16c4b451253310532ae8020927b06,2017-11-10 08:27:56+00:00,palhoca,SC,59.9,17.67,ferramentas_jardim,77.57
04b21593198275390ded3d92c6d9fd6a,2017-11-04 14:41:09+00:00,angra dos reis,RJ,499.0,56.09,casa_conforto,555.09
04b23c68df88327f687ea03eb2f34d7e,2018-02-09 20:41:26+00:00,brasilia,DF,49.7,17.6,moveis_decoracao,67.30000000000001
04b2afb6447774881079872788d97883,2018-04-21 19:29:14+00:00,elias fausto,SP,40.8,12.79,construcao_ferramentas_seguranca,53.589999999999996
04b3f8c1795246a5d14db7496d570bc9,2018-02-08 09:54:26+00:00,jarinu,SP,86.6,15.36,informatica_acessorios,101.96
04b7151492b049661380a47e0449f9b6,2018-07-02 20:06:25+00:00,maringa,PR,84.9,26.89,informatica_acessorios,111.79
04b7738ad5fbb213eeb7a2145bea8242,2018-05-16 10:58:56+00:00,sao carlos,SP,159.0,16.46,moveis_decoracao,175.46
04b7738ad5fbb213eeb7a2145bea8242,2018-05-16 10:58:56+00:00,sao carlos,SP,39.99,1.98,instrumentos_musicais,41.97
04b7bd5687bbcc2087d9af68fe7302b3,2018-03-24 03:39:41+00:00,uberlandia,MG,76.89,15.39,malas_acessorios,92.28
04b7f4eff7b30fc23df0be1f249113a5,2018-07-30 10:59:07+00:00,santos,SP,13.4,12.79,beleza_saude,26.189999999999998
04b9b5e585a9c4f0a8e54706eb6dca47,2018-05-06 23:03:53+00:00,governador valadares,MG,53.24,15.22,utilidades_domesticas,68.46000000000001
04b9ffa87087a2450449da3911146316,2018-04-04 08:59:16+00:00,sao sebastiao do paraiso,MG,49.9,19.32,cool_stuff,69.22
04bc36cd51141e11c2cbbd188b6e47ca,2016-10-08 20:28:48+00:00,campinas,SP,43.89,14.52,informatica_acessorios,58.41
04bd525b12a75a2a6fafd26414588301,2017-05-09 16:58:34+00:00,papucaia,RJ,69.9,15.24,papelaria,85.14
04bef466ed85bb9eca9a6165d765574c,2018-01-22 22:22:59+00:00,porto alegre,RS,138.9,14.72,relogios_presentes,153.62
04bef5ebaab368e72d66decdad88fddf,2017-07-06 16:54:03+00:00,sao bernardo do campo,SP,69.9,16.74,utilidades_domesticas,86.64
04bf4de54cc6a9145f3ca780b9f45d54,2017-05-12 06:48:10+00:00,pilar do sul,SP,59.9,16.18,bebes,76.08
04bf71feb2b6d5e4c9916677d56f6b80,2017-12-11 00:14:48+00:00,sao paulo,SP,72.0,11.73,utilidades_domesticas,83.73
04c0dac88714e8ee1ca2c0254cab2a22,2018-05-15 19:06:04+00:00,maua,SP,31.9,8.29,utilidades_domesticas,40.19
04c16a4e370df99cc2e5e4228ee63820,2018-08-06 19:44:03+00:00,sao paulo,SP,299.0,15.43,esporte_lazer,314.43
04c1e5f3771cb0ccfdb672669807401b,2017-09-17 20:09:45+00:00,carmopolis de minas,MG,898.9,38.74,relogios_presentes,937.64
04c28d1572e04b2b3e5b80ca7559e750,2018-05-27 23:56:01+00:00,canoas,RS,79.0,19.52,papelaria,98.52
04c2b3995f83a3db2540a9217254ef6d,2018-07-24 17:58:04+00:00,rio de janeiro,RJ,79.9,19.75,moveis_decoracao,99.65
04c3465b312fdf85de8e4cf4dc186600,2017-12-08 16:47:00+00:00,sao paulo,SP,28.7,7.78,cool_stuff,36.48
04c35d140fbc805e40f33f6902661c4f,2018-06-13 16:22:07+00:00,belo horizonte,MG,49.9,15.45,fashion_bolsas_e_acessorios,65.35
04c35d9b971c2df38635b6c4a1983c35,2017-07-25 13:06:45+00:00,curitiba,PR,695.72,29.71,informatica_acessorios,725.4300000000001
04c377db9e026afed8d38404a910c00f,2018-02-18 20:18:36+00:00,sao goncalo,RJ,199.0,15.14,relogios_presentes,214.14
04c3bddd55df58e83123e3b174855489,2018-01-26 21:34:07+00:00,diadema,SP,139.94,35.14,moveis_escritorio,175.07999999999998
04c3f7aeb511208363bae893105bd410,2017-07-05 13:05:53+00:00,sao jose do rio preto,SP,119.94,21.85,moveis_escritorio,141.79
04c5574dca3570ecdde1cf8527993017,2018-03-22 08:33:23+00:00,franca,SP,64.89,12.89,informatica_acessorios,77.78
04c83c77d062fd72d8f1ebb7f9c1a1a3,2018-01-14 11:56:35+00:00,guaruja,SP,29.97,15.1,cama_mesa_banho,45.07
04c8fbbbe02b38bd685ad085fcaf29bd,2017-05-03 20:02:34+00:00,sao paulo,SP,79.0,11.16,automotivo,90.16
04ca915235b56ef2ce81703cdaa6a24b,2018-07-04 20:46:09+00:00,itamonte,MG,89.99,23.43,cool_stuff,113.41999999999999
04cb4d9e4f236cd2d6d42de8f1eea4ae,2017-05-23 08:48:23+00:00,niteroi,RJ,499.9,17.25,cool_stuff,517.15
04cbdd6817839ed5c7ac28f811ed8c0f,2017-07-15 16:54:02+00:00,suzano,SP,45.0,11.85,papelaria,56.85
04cc9ab9d21b11d7aca691cf7facaaa1,2018-04-30 09:13:44+00:00,sao paulo,SP,399.0,2.46,utilidades_domesticas,401.46
04cc9ab9d21b11d7aca691cf7facaaa1,2018-04-30 09:13:44+00:00,sao paulo,SP,110.0,24.63,beleza_saude,134.63
04cfd74948a554f6f404e78f54f26b22,2017-10-20 16:39:05+00:00,uberlandia,MG,44.9,12.69,brinquedos,57.589999999999996
04d0a4d84d5dc9cc343ca4d0e4120a4d,2017-05-20 18:34:35+00:00,itau de minas,MG,52.9,20.86,brinquedos,73.75999999999999
04d11ad47e18aa9180d9d9cc7678f496,2018-03-06 01:40:54+00:00,itapevi,SP,32.5,12.79,consoles_games,45.29
04d3e9115c05c6494aa7c1063f96db5e,2018-07-12 13:17:28+00:00,sao mateus,ES,119.85,23.64,casa_construcao,143.49
04d49c33fa60bbc46ab8514d0811d0e3,2018-05-03 17:28:08+00:00,rio de janeiro,RJ,35.9,10.66,brinquedos,46.56
04d4e970b194babf5a7b70b11381f6ac,2017-12-28 13:05:53+00:00,rio de janeiro,RJ,89.0,12.08,automotivo,101.08
04d545b51bf8586200b03f1e22db97e2,2017-10-17 18:57:44+00:00,sorocaba,SP,16.9,8.11,perfumaria,25.009999999999998
04d551f13024f132b86b2fdb707664ed,2017-05-27 00:14:22+00:00,nova iguacu,RJ,379.99,51.19,instrumentos_musicais,431.18
04d73d34ddd1f5ebc0c603615093e2a1,2018-02-23 09:16:00+00:00,sao sebastiao do cai,RS,219.99,26.38,cama_mesa_banho,246.37
04d7676ae07d3a61604185998b0d51d9,2018-01-23 16:25:47+00:00,lagoa da prata,MG,169.0,18.43,papelaria,187.43
04d93c61c57f9d6d4886adce5a64a9b0,2017-03-01 08:28:57+00:00,sao paulo,SP,69.0,6.09,ferramentas_jardim,75.09
04d93c61c57f9d6d4886adce5a64a9b0,2017-03-01 08:28:57+00:00,sao paulo,SP,59.8,12.17,ferramentas_jardim,71.97
04d943e133b4033bedddc46ee516f5c4,2017-08-25 00:47:34+00:00,indaiatuba,SP,49.0,7.78,relogios_presentes,56.78
04d9462386313112744bfe028575d10f,2017-06-12 13:55:51+00:00,rio de janeiro,RJ,397.9,17.54,perfumaria,415.44
04d95724f8e595ca13c0806541d39973,2018-03-19 10:05:40+00:00,cotia,SP,130.5,7.78,perfumaria,138.28
04da4dc0ed95cc93f9f25375fa08ad47,2018-08-23 14:13:46+00:00,sao paulo,SP,246.9,14.39,relogios_presentes,261.29
04da77eda115c14a16e28e6d0bcdf33f,2017-09-30 01:29:40+00:00,indaiatuba,SP,206.67,13.79,perfumaria,220.45999999999998
04daee30107ba31302f8528918ba7f37,2018-02-21 11:19:32+00:00,campo mourao,PR,24.9,15.1,cama_mesa_banho,40.0
04db86e3493b3724ac4bd3c9a397e23c,2017-08-28 12:12:38+00:00,sao jose do rio preto,SP,28.9,11.85,cama_mesa_banho,40.75
04dbc8d27bc4a29787bbaf068607aa76,2018-06-25 09:53:29+00:00,valinhos,SP,99.99,15.09,ferramentas_jardim,115.08
04dc24624a669b293bee03e97b344440,2018-04-12 16:32:53+00:00,assuncao,PB,80.0,52.69,beleza_saude,132.69
04dd35719b3865db080c89c54b9f5b6a,2017-07-14 01:40:53+00:00,aracaju,SE,128.9,18.0,esporte_lazer,146.9
04dd5aa087f6b04e0e145fb4c4fef047,2017-11-27 17:19:45+00:00,rio de janeiro,RJ,189.9,18.61,telefonia,208.51
04df14e9618f3ad47f7b1e353b0b9c50,2017-05-22 18:22:19+00:00,rio de janeiro,RJ,16.99,15.1,utilidades_domesticas,32.089999999999996
04dfcefdc5881bd3db8f516999a758af,2018-06-16 10:58:12+00:00,curitiba,PR,119.0,18.63,utilidades_domesticas,137.63
04e00ba23c33890eaee39b02e8185cc2,2018-07-25 21:36:32+00:00,rio de janeiro,RJ,33.9,14.4,agro_industria_e_comercio,48.3
04e16f3c151ad9fb3100eda6ac3a61b7,2017-04-04 18:01:45+00:00,guaxupe,MG,269.0,17.09,esporte_lazer,286.09
04e1ca520a917164808b7fd567f9b57c,2017-05-12 04:58:05+00:00,nova petropolis,RS,28.0,15.1,esporte_lazer,43.1
04e289ce03d58b279959796d73dee219,2017-07-28 08:29:08+00:00,sao paulo,SP,32.9,14.1,bebes,47.0
04e2943331164044ec43de08763717eb,2017-12-10 17:47:21+00:00,sorocaba,SP,23.99,7.78,beleza_saude,31.77
04e2e5f16cad2f04bb156a4bcc034520,2017-12-08 15:42:25+00:00,londrina,PR,49.0,15.1,fashion_bolsas_e_acessorios,64.1
04e4230edda7cee2d7656643461d47e7,2017-05-31 17:35:20+00:00,cordeiro,RJ,79.9,21.05,malas_acessorios,100.95
04e452498b75f049f617f5ed7ffc0633,2018-05-22 23:30:07+00:00,sao paulo,SP,224.0,9.92,beleza_saude,233.92
04e45523ce26353e6ba6a713afd77b82,2018-02-27 14:09:55+00:00,belo horizonte,MG,24.99,14.1,telefonia,39.089999999999996
04e46e7fa33e86e068e66a04601ed8e8,2018-03-08 20:47:24+00:00,sao paulo,SP,125.0,14.96,esporte_lazer,139.96
04e83658486074318f1a806c19265817,2018-05-04 21:24:35+00:00,sao paulo,SP,159.99,14.06,esporte_lazer,174.05
04e86e883a36a0775ecb4f34f581770d,2018-08-20 14:38:47+00:00,arinos,MG,19.9,15.21,fashion_bolsas_e_acessorios,35.11
04eafa8a91ba0d51dc0c193bb67afc87,2017-11-26 01:02:57+00:00,brasilia,DF,259.9,19.1,brinquedos,279.0
04eb8bac62618bbc56c582cd49493669,2017-05-16 09:12:37+00:00,sao goncalo,RJ,69.9,14.24,fashion_bolsas_e_acessorios,84.14
04ebaf1d65a804a49b4b1011467aaf47,2017-11-24 09:37:11+00:00,embu das artes,SP,24.5,11.85,consoles_games,36.35
04ebe10a05b6cb445e27b34f29a01c1a,2018-08-17 09:54:22+00:00,sao paulo,SP,122.99,30.11,beleza_saude,153.1
04ee5eeac980a849efb5ac99abf87259,2017-08-23 16:01:02+00:00,jundiai,SP,89.9,13.65,cama_mesa_banho,103.55000000000001
04eef545c54d444825c506ba170a26bd,2017-04-24 19:29:09+00:00,duque de caxias,RJ,59.99,15.63,bebes,75.62
04ef688ecd44ca2621c3f78abfdf42f9,2017-06-04 11:21:10+00:00,fortaleza,CE,59.99,17.73,beleza_saude,77.72
04f026e6517b3845e4ea1a9d0328adfc,2018-04-18 11:12:39+00:00,americana,SP,19.97,15.23,cama_mesa_banho,35.2
04f15733e3974c4127cb066cb835cdc9,2018-02-05 14:04:53+00:00,sao marcos,RS,130.0,18.16,bebes,148.16
04f1689642ed3c3e45244d4f7b2fe731,2018-08-20 12:05:01+00:00,sorriso,MT,259.9,20.99,beleza_saude,280.89
04f1827088d972a62224f5203a071500,2017-12-10 20:42:05+00:00,rio de janeiro,RJ,159.69,18.37,cama_mesa_banho,178.06
04f1f7895e1f86444c5965be2d773cb3,2018-07-18 12:30:21+00:00,sao jose do rio preto,SP,150.0,21.69,moveis_decoracao,171.69
04f22b756f6367772fe11035fe75391a,2018-05-09 09:46:08+00:00,sorocaba,SP,69.9,12.18,esporte_lazer,82.08000000000001
04f2e46bdb0ab9fb67a417100fb3ca71,2017-10-06 00:03:50+00:00,rio de janeiro,RJ,37.5,17.6,moveis_decoracao,55.1
04f2e760bb583d5d2f8b88e247d58d09,2017-11-27 10:28:54+00:00,sao paulo,SP,37.9,13.08,moveis_decoracao,50.98
04f352fa3f3b02bb7c523906d577c4b8,2017-11-11 19:03:58+00:00,vitoria,ES,105.6,15.67,cama_mesa_banho,121.27
04f5536db820c4ea1450c353f92d5de5,2018-04-22 19:19:45+00:00,sao paulo,SP,14.1,7.87,eletrodomesticos,21.97
04f6cdae6a85ade2864cd5fc811fb9ba,2018-05-14 11:43:07+00:00,rio claro,SP,139.0,41.02,malas_acessorios,180.02
04f7a2c35c535b543c6042ee73b125f0,2018-03-02 17:00:47+00:00,campos de julio,MT,124.9,17.31,relogios_presentes,142.21
04f7b342a4b3d7b33bdf6aade899d685,2017-08-29 20:25:43+00:00,vitoria,ES,15.48,15.1,beleza_saude,30.58
04f87887045aa20403546af3facb8ad1,2018-07-20 16:19:47+00:00,campina grande,PB,72.99,88.02,moveis_sala,161.01
04f89a77d1fcc3178c1a374b5cc61a52,2017-11-26 22:25:25+00:00,sao paulo,SP,49.9,9.34,moveis_decoracao,59.239999999999995
04f917df18d906d8a147182234788026,2017-05-17 16:49:14+00:00,vitoria de santo antao,PE,129.9,27.45,brinquedos,157.35
04f92792b1960e9302825742e0751a5c,2018-05-12 09:01:06+00:00,luziania,GO,179.9,66.98,moveis_escritorio,246.88
04f94352a3c9730205d3fa72cb014eb4,2018-06-15 08:55:30+00:00,muriae,MG,215.0,42.49,moveis_decoracao,257.49
04f9ef79f6d6439da363d065445c2325,2018-05-16 16:50:24+00:00,sao paulo,SP,47.6,12.79,beleza_saude,60.39
04fa206258b069b5900dd56e6cc87a63,2018-04-02 10:54:09+00:00,rio de janeiro,RJ,79.99,15.38,beleza_saude,95.36999999999999
04fb47576993a3cb0c12d4b25eab6e4e,2017-05-25 12:53:25+00:00,americana,SP,259.9,41.77,malas_acessorios,301.66999999999996
04fecddbcf23f16238f35a21291ab7d0,2018-01-30 10:12:57+00:00,nova iguacu,RJ,99.0,69.57,brinquedos,168.57
04ff62d0684a80831afbdc2f6e56259f,2018-02-24 20:28:05+00:00,rio de janeiro,RJ,79.99,42.76,moveis_escritorio,122.75
04ffb64e3f80d17e95e1934561c8f64a,2017-12-04 09:06:44+00:00,miracema,RJ,169.9,18.44,brinquedos,188.34
04ffe2f01e4967bb8dd86f8d1db29d89,2017-06-26 15:25:02+00:00,santo andre,SP,749.9,21.98,informatica_acessorios,771.88
04ffe5a8a70cc5dd6a00b68fd6c905e7,2018-02-28 23:16:18+00:00,guaruja,SP,20.3,8.11,fashion_bolsas_e_acessorios,28.41
0501724b4f41a7c8ab490d4beacf4d07,2017-11-13 17:14:17+00:00,embu das artes,SP,65.9,12.8,cama_mesa_banho,78.7
0501e7fec71cfd7db3c1e2242e51f909,2017-11-30 13:30:38+00:00,barueri,SP,219.9,15.74,cama_mesa_banho,235.64000000000001
05028bf6da42dad66775424835329d50,2018-04-10 16:28:59+00:00,curitiba,PR,91.0,23.22,moveis_decoracao,114.22
0504447548229e075dea8441b37b1e2a,2017-09-28 19:31:57+00:00,santiago,RS,199.9,21.89,papelaria,221.79000000000002
0504c112cd5ef9650a65748c4dc380cb,2018-04-17 09:10:35+00:00,barra mansa,RJ,86.0,9.27,cama_mesa_banho,95.27
0505a29e827a4c609b3fd250c0313bef,2018-06-10 11:08:15+00:00,altaneira,CE,99.9,42.76,beleza_saude,142.66
0507a74781354ea643bff372311d2a97,2018-05-21 16:41:06+00:00,sao paulo,SP,110.32,7.64,beleza_saude,117.96
05086b5a715c97d1971784b6ae899a6d,2018-06-26 13:01:38+00:00,sao paulo,SP,110.32,8.03,beleza_saude,118.35
0508768342a863478ca21854a6ac2869,2018-01-07 17:48:05+00:00,petropolis,RJ,99.9,16.46,malas_acessorios,116.36000000000001
0508c1d4ce32ccc40fc59d0592478608,2018-06-04 16:33:24+00:00,santa maria de jetiba,ES,159.9,19.0,relogios_presentes,178.9
05093c063b3e4c3b5f4ef831d7da7fd5,2018-05-01 11:04:20+00:00,sao paulo,SP,102.0,13.15,relogios_presentes,115.15
05095322e4f3619255e9450335966c33,2018-03-02 23:16:28+00:00,sao joao del rei,MG,120.0,12.97,pet_shop,132.97
0509b3b20635c8d54544dc048d95318b,2018-06-22 19:08:21+00:00,volta redonda,RJ,24.99,18.28,telefonia,43.269999999999996
050a64172dd384db4597d5f3bdcf2137,2017-12-11 09:58:07+00:00,sao jose dos campos,SP,119.9,18.09,moveis_decoracao,137.99
050c064324e4ea0fd891e928b776a24a,2018-01-09 16:43:47+00:00,sao joao da barra,RJ,69.2,23.35,cama_mesa_banho,92.55000000000001
050c32bac1e923fa3406fdedf75feb89,2018-03-05 12:04:09+00:00,jaguarao,RS,169.99,45.65,moveis_escritorio,215.64000000000001
050db8a61ea366db684e7d127082b5da,2017-07-09 18:49:58+00:00,sud mennucci,SP,89.9,12.13,casa_conforto,102.03
050f9344068b604a9df9c01b12ded455,2017-10-08 09:00:30+00:00,catanduva,SP,109.9,13.11,esporte_lazer,123.01
05104976125ea1e5cc04bc1f506a436a,2018-08-14 11:44:44+00:00,rio de janeiro,RJ,198.9,18.32,eletronicos,217.22
05108247830e6abf604da38aff20907f,2018-04-19 12:22:46+00:00,sao paulo,SP,22.9,7.39,livros_interesse_geral,30.29
0510b3fb25b0b62b1221ec1cd2e495ee,2017-06-08 20:39:27+00:00,bataipora,MS,135.3,44.8,consoles_games,180.10000000000002
0510f632b86f01064ebbde67deb63bb5,2018-06-26 23:37:29+00:00,rio de janeiro,RJ,95.2,18.47,casa_construcao,113.67
0510fbef17088fdb22eed8b459322c62,2018-04-24 19:42:23+00:00,itaquaquecetuba,SP,105.3,7.92,esporte_lazer,113.22
05123197f45cd213617dbd9523bd23f7,2017-07-16 11:28:38+00:00,cachoeiro de itapemirim,ES,120.9,15.6,beleza_saude,136.5
0512553e39efd59a9572ce7eebacd43a,2017-10-26 08:48:12+00:00,cotia,SP,135.0,13.97,esporte_lazer,148.97
0512bcd90b810913b8177d5324c5ee0d,2017-06-22 16:28:38+00:00,cotia,SP,69.9,17.74,cama_mesa_banho,87.64
05147da86ae779803eaa2a5480010af9,2018-06-09 01:44:40+00:00,osasco,SP,9.9,7.39,utilidades_domesticas,17.29
0514e4dbba025db4265c73bfb7371261,2018-04-11 19:29:01+00:00,rio de janeiro,RJ,37.0,22.06,utilidades_domesticas,59.06
0516c22655fe1e1f0b3390f4ee3fc5f6,2017-01-31 11:49:23+00:00,montes claros,MG,29.99,15.56,moveis_decoracao,45.55
0517a3e68dac3308995edca2144db36e,2018-04-26 18:53:02+00:00,aracaju,SE,99.9,0.0,relogios_presentes,99.9
0517ba063462fdd36525fd7e9ef72cee,2018-03-14 23:52:35+00:00,volta redonda,RJ,129.0,58.76,informatica_acessorios,187.76
0517edc6ddee491e072a844bfbb54c86,2018-04-26 22:38:28+00:00,sao paulo,SP,38.99,8.88,cama_mesa_banho,47.870000000000005
0517f595d01e0c246ac759a754c6ca64,2017-10-15 16:32:38+00:00,pirassununga,SP,89.99,12.97,beleza_saude,102.96
0518657f142278ad13d645c6b5b0a669,2017-10-20 12:57:34+00:00,novo gama,GO,49.99,14.1,consoles_games,64.09
0519649fc6c78b0e228b6ea8e6767095,2018-07-13 12:49:15+00:00,arraial do cabo,RJ,29.29,18.31,automotivo,47.599999999999994
051b95df471b0bc57ac737b9d3057954,2018-05-14 21:19:49+00:00,nova iguacu,RJ,55.0,15.27,relogios_presentes,70.27
051c701261744807b2535ab976842f7e,2018-07-08 14:18:22+00:00,santana de parnaiba,SP,159.9,18.33,cama_mesa_banho,178.23000000000002
051d3d717e96b76b07fc9076b88d671f,2018-01-25 14:00:11+00:00,praia grande,SP,58.5,28.11,agro_industria_e_comercio,86.61
051d564ccb0a1e50070ac26704a2ba72,2018-08-23 23:05:07+00:00,sao paulo,SP,585.0,37.86,beleza_saude,622.86
051fa5d5438a17a06ebfd7b77c020e2c,2018-02-24 12:02:55+00:00,londrina,PR,52.99,16.81,automotivo,69.8
051fcda88d997d3ff86012da2a556342,2018-08-24 14:59:37+00:00,maua,SP,49.0,7.6,fashion_bolsas_e_acessorios,56.6
05200ccb21bae81c6c32914d7c3bb778,2017-12-17 15:34:23+00:00,aparecida de goiania,GO,29.0,14.1,relogios_presentes,43.1
052121d17f8eab43c577497c9b1451e2,2017-09-13 21:51:41+00:00,belo horizonte,MG,49.9,14.1,bebes,64.0
0521b661c320287be1f5a92a52760c8b,2018-01-03 19:02:46+00:00,paty do alferes,RJ,166.99,27.49,cool_stuff,194.48000000000002
05232fb1e414a006d6713c23f5cde5f5,2017-12-05 23:46:28+00:00,parnaiba,PI,115.0,43.22,esporte_lazer,158.22
05234d05cd854695218f98bf84cd2489,2018-05-21 21:41:26+00:00,barueri,SP,68.9,19.45,ferramentas_jardim,88.35000000000001
05248f2049e2194bcb2108983868308f,2018-01-16 23:18:27+00:00,belem,PA,55.0,17.67,relogios_presentes,72.67
0524a4740833e4c479484d6fd2735725,2018-07-30 18:34:42+00:00,sao paulo,SP,139.9,18.11,cama_mesa_banho,158.01
052514b6411113b9d1d289f49bf414e5,2017-10-09 08:12:29+00:00,porto alegre,RS,29.9,14.1,telefonia,44.0
052523fd2c735b15cb107afc0a413bc2,2017-01-27 17:21:48+00:00,guaruja,SP,38.5,18.0,moveis_decoracao,56.5
05252513392111e8721062d8ecd9edb1,2017-05-19 18:49:33+00:00,sao paulo,SP,45.0,11.85,informatica_acessorios,56.85
05259e30e40e08eddb05428cb38ff248,2018-03-18 10:07:36+00:00,bauru,SP,1235.99,22.74,construcao_ferramentas_seguranca,1258.73
0526ac4e6b594d943d1865fcbbe8047c,2017-07-10 14:55:44+00:00,viamao,RS,89.9,15.38,cama_mesa_banho,105.28
0527142b56f235b4936a8573f33b020b,2017-07-18 08:49:48+00:00,medina,MG,189.99,16.08,relogios_presentes,206.07
0528d983de4118f6b36d55e407d24f94,2018-07-22 17:36:00+00:00,sao jose dos campos,SP,69.99,14.8,cama_mesa_banho,84.78999999999999
05290ddcf1e8fa2c773e1f37015cc56c,2018-01-14 20:26:05+00:00,uberlandia,MG,45.0,15.1,utilidades_domesticas,60.1
052957b74548fe2ce95f70d3623e6eb3,2018-06-11 09:46:31+00:00,sao paulo,SP,10.18,18.23,construcao_ferramentas_construcao,28.41
05297254c9e41d34c1a38f75ca8656d9,2017-11-24 22:56:56+00:00,sao paulo,SP,32.99,9.34,moveis_decoracao,42.33
052a5969146f40fe550f442f52f302b7,2018-05-15 23:40:01+00:00,sao paulo,SP,39.99,17.59,cama_mesa_banho,57.58
052a5969146f40fe550f442f52f302b7,2018-05-15 23:40:01+00:00,sao paulo,SP,39.99,10.55,cama_mesa_banho,50.540000000000006
052a77ba9184a29a1a99c4129ec14c74,2017-11-28 12:00:26+00:00,curitiba,PR,42.5,15.1,pet_shop,57.6
052ad30f046f581349410a7b366ef674,2017-06-05 22:43:39+00:00,sao paulo,SP,14.0,8.72,casa_conforto,22.72
052b00d65560313221c5692cdb22fcb3,2018-07-11 08:54:29+00:00,sao paulo,SP,169.99,26.17,moveis_escritorio,196.16000000000003
052b102ad85bbd141261bbb4ad13edfc,2017-06-14 23:43:18+00:00,saquarema,RJ,26.0,16.11,eletrodomesticos,42.11
052b35671e2bdd45aa889c5fa09e2809,2017-12-21 17:21:44+00:00,sao paulo,SP,388.0,15.27,bebes,403.27
052b49cd1787ff86171b4e374f53c42e,2017-06-17 15:23:58+00:00,muriae,MG,382.0,17.42,perfumaria,399.42
052b7ade468bbc426187ed75fbc1fb3b,2018-04-03 11:05:02+00:00,belo horizonte,MG,140.99,9.72,informatica_acessorios,150.71
052b83db5c313dc65a07dad376ab69b1,2017-06-06 13:47:09+00:00,belo horizonte,MG,49.95,15.1,cama_mesa_banho,65.05
052bc85c00310b85dc5b3cae2d25aebb,2017-08-24 12:33:24+00:00,brasilia,DF,125.9,27.2,moveis_sala,153.1
052d3bf6e40dd9000d1497f6f10db0b0,2018-03-16 12:11:18+00:00,sao paulo,SP,48.9,9.26,bebes,58.16
052ef5dcbed8fd1d4d01ba597103168e,2017-11-12 00:03:36+00:00,caxias do sul,RS,289.99,46.49,utilidades_domesticas,336.48
052fd91f936f4938c1085ce62862142a,2018-08-01 21:21:49+00:00,guaira,SP,44.99,12.98,moveis_decoracao,57.97
05302619b1bff6733f64a97851af68cd,2018-01-21 14:04:33+00:00,rio de janeiro,RJ,29.99,14.1,telefonia,44.089999999999996
053060b606af02b5ea4b079dd492ec5b,2018-07-13 09:52:00+00:00,sao paulo,SP,42.9,18.4,beleza_saude,61.3
053180cf4b0cf3f7a300e2e42ff01da9,2017-12-11 10:06:05+00:00,taboao da serra,SP,59.0,13.43,ferramentas_jardim,72.43
053228d082dcc4c3730e511ecd4c9fa0,2018-07-31 11:38:33+00:00,ananindeua,PA,85.99,22.88,cool_stuff,108.86999999999999
053245dc8f6f668c40923c3aedcd384e,2017-06-06 19:09:17+00:00,ituiutaba,MG,5.85,8.01,esporte_lazer,13.86
053245dc8f6f668c40923c3aedcd384e,2017-06-06 19:09:17+00:00,ituiutaba,MG,17.55,24.04,esporte_lazer,41.59
0532db7075ba24a851a342f08d0e0b39,2017-12-26 13:28:31+00:00,rio grande,RS,199.0,14.41,cool_stuff,213.41
0533030deeaf4b83feea1ea004f2ddb5,2018-05-16 13:23:35+00:00,videira,SC,91.0,11.6,cama_mesa_banho,102.6
0533573d16b0c12cc9a3f9f97f67111b,2018-03-01 11:48:03+00:00,sao paulo,SP,60.0,9.94,alimentos_bebidas,69.94
053424c24c059910d1e31829dddcd4d9,2018-07-06 12:39:04+00:00,sao paulo,SP,38.9,19.46,esporte_lazer,58.36
0534ef1065535a4a5fd90098c1ad462b,2017-12-07 17:39:33+00:00,carapicuiba,SP,13.99,7.78,esporte_lazer,21.77
05369626de3379a1a26fa24e22048214,2018-05-10 11:18:48+00:00,rio de janeiro,RJ,95.0,3.44,cama_mesa_banho,98.44
05369626de3379a1a26fa24e22048214,2018-05-10 11:18:48+00:00,rio de janeiro,RJ,29.99,34.42,cama_mesa_banho,64.41
0536f0244395bde3fde4212b3f4d64c8,2018-06-14 12:43:47+00:00,aracaju,SE,59.89,24.77,livros_importados,84.66
053774f3c674d850192a31b9c1a8ab3a,2018-03-13 20:28:59+00:00,belo oriente,MG,139.0,18.85,brinquedos,157.85
05387d537bd2e5027aadbfb6a5123e4b,2017-11-06 16:24:03+00:00,salvador,BA,27.99,15.79,telefonia,43.78
0538bda829ac14e64a201dc84fb1ba3b,2018-05-18 23:21:25+00:00,teresina,PI,169.99,54.7,moveis_escritorio,224.69
05393e8d9957461611ec8c8d55b13c02,2018-03-08 22:18:16+00:00,caratinga,MG,35.0,26.43,moveis_decoracao,61.43
0539642c2ba6dfd6c8ca8dbdb16d85d4,2018-02-23 15:19:52+00:00,catanduva,SP,189.9,12.83,relogios_presentes,202.73000000000002
053996f442ec9eb8666d97d3b911a15c,2017-07-30 15:28:27+00:00,brasilia,DF,28.99,14.1,utilidades_domesticas,43.089999999999996
0539e3f47ed27c984efee378a2aa7f07,2018-04-09 19:42:09+00:00,florianopolis,SC,49.9,18.23,fashion_underwear_e_moda_praia,68.13
053abf362c2b73b283a3bd5a814320ac,2018-03-28 07:43:11+00:00,sao paulo,SP,89.9,7.97,eletrodomesticos,97.87
053d5ed007096a9cb5adfe0f0f6d30b5,2017-06-03 17:53:08+00:00,lauro de freitas,BA,65.9,18.7,instrumentos_musicais,84.60000000000001
053eb07a9c8d113f338336ff5544d18d,2018-04-19 12:24:17+00:00,recife,PE,31.9,22.85,informatica_acessorios,54.75
053fdca16d1f69bd52f908f070a19049,2017-10-07 13:59:13+00:00,sao paulo,SP,56.97,12.74,alimentos,69.71
054042ab7dc07121b53acdbe6837a3ce,2018-01-25 17:44:07+00:00,campos dos goytacazes,RJ,32.98,15.1,bebes,48.08
05408ed33df5e0bbf70d578dbdca2f29,2018-07-26 20:01:37+00:00,sao bernardo do campo,SP,34.5,7.5,automotivo,42.0
0540bf9189ef17aab470c4942f760e78,2018-03-16 22:04:37+00:00,sao paulo,SP,45.99,7.39,brinquedos,53.38
0541ce103afcdd3940e866e3cbf7a77c,2018-06-24 17:56:42+00:00,matinhos,PR,59.9,43.22,automotivo,103.12
05424cc0493d8fa049aa508505e6c773,2018-06-27 18:11:10+00:00,ouro branco,MG,75.9,15.6,moveis_decoracao,91.5
05426618bfbb87e04fdd3a60a5bfef38,2018-07-19 19:39:12+00:00,erval grande,RS,364.0,21.74,beleza_saude,385.74
0542a77eb7f00f9ed2f08c1dba22a43c,2017-05-11 14:40:14+00:00,santos,SP,15.75,11.85,beleza_saude,27.6
054316a4a3afc149108b6b1431d11274,2017-07-21 08:50:38+00:00,almirante tamandare,PR,39.9,14.1,esporte_lazer,54.0
05434c77e67f2531d6b5a6c5f8bce535,2018-08-08 17:57:14+00:00,serra,ES,127.26,22.19,construcao_ferramentas_construcao,149.45000000000002
0543af37e49147c9e0293a6d700917cb,2017-06-08 06:44:00+00:00,carapicuiba,SP,329.99,11.12,beleza_saude,341.11
0544030711e50ec2cb6c15764d22891a,2018-04-12 17:36:07+00:00,niteroi,RJ,14.3,18.23,eletrodomesticos,32.53
054418a6880b7e815bf64730ef040574,2018-05-18 01:06:11+00:00,canela,RS,878.0,24.03,relogios_presentes,902.03
0544d7932387565226ae96a9ec8c03c8,2018-06-06 18:16:20+00:00,itajai,SC,148.9,15.89,industria_comercio_e_negocios,164.79000000000002
05452881e2846549b81d39249bb66ad7,2018-02-04 22:04:37+00:00,sao paulo,SP,99.9,12.4,cama_mesa_banho,112.30000000000001
05457977f35122e71095989d738e4a37,2018-05-26 16:40:08+00:00,belo horizonte,MG,219.0,24.07,casa_conforto,243.07
0546ac640227025eb2df422b1f613f66,2017-06-18 15:27:19+00:00,santos,SP,139.9,13.11,cool_stuff,153.01
0547acbb31f582333f75c3fca2652969,2017-12-02 20:45:44+00:00,sao jose do rio preto,SP,27.99,11.85,telefonia,39.839999999999996
0547cd893959df1f7e54aeaee4368577,2018-05-02 23:31:12+00:00,sao paulo,SP,109.9,13.21,cama_mesa_banho,123.11000000000001
0548ea59d2970d4c0fc2bca54cedfd54,2017-10-06 15:54:34+00:00,belo horizonte,MG,79.9,17.13,utilidades_domesticas,97.03
0549a140f31f96d7cafd46b91d604c06,2018-05-06 21:44:22+00:00,sao paulo,SP,319.9,26.37,esporte_lazer,346.27
054c0efb53bb68011a58b28d34cf04a3,2017-08-12 19:07:37+00:00,uberlandia,MG,103.99,21.22,eletroportateis,125.21
054cf6bea6cfdf9024aedd3639c60fb9,2017-06-19 11:51:42+00:00,chiapetta,RS,129.99,18.16,cool_stuff,148.15
054d2d649e0904dbf1f19399094f2826,2018-01-10 15:54:50+00:00,sao luis,MA,55.0,21.19,relogios_presentes,76.19
054db90b78e9a5af5983855572b4e6d8,2017-07-26 10:05:21+00:00,novo hamburgo,RS,154.99,15.83,perfumaria,170.82000000000002
054df8d1a5ab3cf520be20c25d98f5f4,2018-05-12 01:51:06+00:00,salvador,BA,12.9,17.06,eletronicos,29.96
054f63d52e4bcfceaf9cae8637863c82,2017-11-26 22:56:45+00:00,pitangueiras,SP,89.9,16.26,cama_mesa_banho,106.16000000000001
0550cddd79cea841641e17c802d9c403,2017-08-09 16:57:21+00:00,mogi das cruzes,SP,1004.99,15.85,consoles_games,1020.84
0550f231a3ccfd0e87217ef2e816c7dc,2018-06-17 01:47:19+00:00,goitacazes,RJ,59.9,18.52,esporte_lazer,78.42
055148178e6fef1a7c02a3a04b6ef6e2,2017-11-10 02:02:37+00:00,seabra,BA,269.9,18.33,esporte_lazer,288.22999999999996
05519ea9a25c6f57bfaa4ce4c372b26c,2017-05-13 14:42:24+00:00,venda nova do imigrante,ES,339.0,18.13,informatica_acessorios,357.13
0551ab30e952cbf19e26f0f6baab13a6,2018-03-24 13:30:08+00:00,buritis,MG,141.8,18.89,pet_shop,160.69
0551ab30e952cbf19e26f0f6baab13a6,2018-03-24 13:30:08+00:00,buritis,MG,149.0,18.9,pet_shop,167.9
05522f28f3be3d5e7ef9f09cc0ac35ba,2018-06-14 14:37:31+00:00,sao paulo,SP,114.9,15.11,cama_mesa_banho,130.01
0552997d7a7283a7761acc3a5f9bcefd,2018-02-24 18:28:51+00:00,sao paulo,SP,22.99,14.1,instrumentos_musicais,37.089999999999996
05529f3e7ed5cd4214281f2bf60e89d6,2018-08-01 17:34:06+00:00,belem,PA,53.3,37.28,utilidades_domesticas,90.58
055336f2daf168319875b812d23de1d4,2018-03-24 13:13:08+00:00,sao paulo,SP,179.49,9.61,automotivo,189.10000000000002
05535f67cf6802000ad3107136cff4bf,2017-09-14 14:53:35+00:00,votorantim,SP,99.99,16.46,brinquedos,116.44999999999999
0553f54e437f2d7fddccf81ae9a646c6,2018-05-06 14:48:08+00:00,rio de janeiro,RJ,47.9,15.23,telefonia,63.129999999999995
05547569f5543318997d30464eeb74e7,2018-06-14 14:44:06+00:00,osorio,RS,122.99,84.63,beleza_saude,207.62
0556fe7a6dbdc95276ba0513ee5f0471,2017-11-25 19:14:14+00:00,sao paulo,SP,59.9,17.67,cama_mesa_banho,77.57
05580ea6005bac590a3f143473c9b296,2017-11-25 21:45:35+00:00,braco do norte,SC,189.9,21.82,esporte_lazer,211.72
055881c8e807f4d1147c2f075d51d604,2018-04-26 23:38:08+00:00,sao bernardo do campo,SP,39.9,8.29,livros_tecnicos,48.19
0558d3449b449e4da4a5793f542d0785,2018-06-28 22:49:45+00:00,sao paulo,SP,119.0,13.49,relogios_presentes,132.49
05593bfa78dd87f8fb6d212a614f4b23,2018-08-08 13:40:41+00:00,castelo,ES,49.0,18.44,relogios_presentes,67.44
0559598ddb2398bb4c202d6efd54f04e,2018-07-13 21:43:39+00:00,piracicaba,SP,19.9,7.4,papelaria,27.299999999999997
055a2893cb600bebc05a16d06e3de36f,2017-07-28 09:14:22+00:00,rio de janeiro,RJ,59.9,16.18,cama_mesa_banho,76.08
055ad36ee30e9948bbe9baba852913b2,2018-03-15 17:50:14+00:00,coroaci,MG,269.0,20.85,informatica_acessorios,289.85
055aed279e13c9571499453c260726e9,2018-01-08 13:47:00+00:00,protasio alves,RS,48.0,15.1,cama_mesa_banho,63.1
055b09c841dc52097e688df51b163310,2018-04-26 20:30:00+00:00,vinhedo,SP,185.9,16.18,instrumentos_musicais,202.08
055b1b19fcb7ec836c23f44053344b20,2018-03-01 00:00:00+00:00,cascavel,PR,28.58,12.48,beleza_saude,41.06
055b200c986fe0efa2547b28241c3318,2017-08-28 21:24:40+00:00,camboriu,SC,105.99,16.5,pet_shop,122.49
055bb586a2d17c7677a6096c56b6e2b0,2018-03-03 17:44:51+00:00,valenca,RJ,73.99,77.54,utilidades_domesticas,151.53
055bdb24d39579d9c7b5d26176d05573,2018-03-12 12:41:06+00:00,viana,ES,97.9,15.57,relogios_presentes,113.47
055bef2dbc886956379d21a556e11ff9,2018-01-10 11:40:26+00:00,sao roque,SP,139.9,13.53,utilidades_domesticas,153.43
055cf2a6f9343f99acdb5e8f70e49bd8,2018-05-18 15:33:46+00:00,pocos de caldas,MG,45.99,15.22,consoles_games,61.21
055cfc7366f3dfdbca102536d95381bb,2018-06-05 19:34:59+00:00,sao paulo,SP,79.9,16.53,beleza_saude,96.43
055d54b48c1c7292933cb2e27f73ee81,2017-03-29 20:18:35+00:00,sao paulo,SP,29.9,11.74,cama_mesa_banho,41.64
055d978254ef5cedea2b841646d888f1,2018-02-12 13:18:13+00:00,barueri,SP,58.99,11.73,beleza_saude,70.72
055da72c578d9094618ebb2712e161e9,2018-06-08 22:32:02+00:00,campinas,SP,49.0,15.23,beleza_saude,64.23
055e121a8cefa5494be46fea4bd4f3ab,2017-05-24 12:59:32+00:00,angra dos reis,RJ,34.9,25.19,moveis_sala,60.09
055e4873984d5da3b7d65dc86a3c4149,2017-11-20 12:47:41+00:00,canoas,RS,189.9,17.09,informatica_acessorios,206.99
055e6f9e14ac5805a9bcb99a480daeb1,2017-12-25 12:59:40+00:00,rio de janeiro,RJ,75.0,20.02,moveis_decoracao,95.02
055eb7e5645d86bd278fc4f419622e8d,2017-01-26 13:14:02+00:00,teofilo otoni,MG,139.99,16.09,automotivo,156.08
055f84fd2ebf314ebec85f8e1312f4f4,2018-01-13 17:32:09+00:00,passa quatro,MG,169.9,15.94,consoles_games,185.84
0560378d48b9de8b969d8f5601e3767e,2017-09-21 08:32:12+00:00,pirassununga,SP,10.22,11.85,esporte_lazer,22.07
0560690f57123e9331f5731479b2d505,2018-04-12 10:42:15+00:00,francisco morato,SP,139.9,13.88,cama_mesa_banho,153.78
05606ddf8218cebe483228af6f9031ba,2017-10-11 17:12:28+00:00,valinhos,SP,59.9,9.94,cama_mesa_banho,69.84
05608987284e4c496bec56c52fdb0a6c,2017-03-15 20:21:03+00:00,joinville,SC,209.5,15.64,informatica_acessorios,225.14
0560d129c1357ea719aab1cf2cd4f03b,2017-07-01 00:04:15+00:00,ribeirao pires,SP,35.0,9.34,utilidades_domesticas,44.34
0560d47b670c197def5674ae22fe4fb2,2018-06-09 18:09:07+00:00,vila velha,ES,29.95,15.3,livros_interesse_geral,45.25
0561429ac3333cdeaff4cdd6bd1ebfb6,2018-02-11 00:50:02+00:00,natal,RN,29.99,21.15,informatica_acessorios,51.14
0562291f2b37f55cc259053d2230fdc5,2018-04-30 10:06:08+00:00,rio de janeiro,RJ,269.0,19.46,brinquedos,288.46
0562a20526fecdaa1eb5019bc3920cd9,2017-03-21 21:06:11+00:00,taubate,SP,61.9,11.82,brinquedos,73.72
056349f85a73d794119c4286c95a52de,2017-03-03 14:21:58+00:00,brasilia,DF,10.99,16.05,moveis_decoracao,27.04
05640486a5e0b8140b20506acf791af2,2017-07-04 17:27:52+00:00,sao paulo,SP,379.99,18.91,brinquedos,398.90000000000003
05646cef8f5791776e224b7967607b4f,2018-04-15 16:50:27+00:00,ladainha,MG,22.14,23.28,eletroportateis,45.42
0566f139f1d1dff8ebfb3b1233ef4dd0,2017-10-16 12:55:19+00:00,divinopolis,MG,44.98,16.79,informatica_acessorios,61.769999999999996
056703c10dcbf4f451315bb1c0c0d7f8,2018-03-24 18:33:52+00:00,osasco,SP,78.0,7.41,esporte_lazer,85.41
056793ca2483a5d5943cb5bd90f5b314,2018-08-27 15:04:59+00:00,sao jose do rio preto,SP,21.99,17.47,esporte_lazer,39.459999999999994
056857abb03503b756f596e42d86e10b,2017-10-05 13:04:05+00:00,sao paulo,SP,79.9,11.76,brinquedos,91.66000000000001
056905f3e09ca68fc9ed4780498db866,2018-04-07 17:15:59+00:00,carmo do cajuru,MG,579.99,37.6,construcao_ferramentas_construcao,617.59
05691e7046cf3a798bfce39b35377b78,2018-06-22 15:27:17+00:00,itaquaquecetuba,SP,169.0,15.57,construcao_ferramentas_construcao,184.57
05692a713a2d25d85ac77a607b7db643,2017-11-12 23:42:14+00:00,sao paulo,SP,24.99,7.78,telefonia,32.769999999999996
056a1317ffaefaa2dff2d9ecb54fc7bc,2018-02-22 15:08:29+00:00,vinhedo,SP,47.5,20.84,bebes,68.34
056a21113c096b87e87743862452a7d3,2018-06-17 17:08:31+00:00,joinville,SC,24.99,18.28,telefonia,43.269999999999996
056ab23f23c13e810d9ab8cbf9fd477d,2017-10-18 13:54:02+00:00,franca,SP,669.9,16.19,relogios_presentes,686.09
056bfadd41b8600ad5ecfef2ac132188,2017-11-25 11:06:38+00:00,sao bernardo do campo,SP,19.9,15.11,brinquedos,35.01
056c24c33a180450cff18b5a17404725,2017-07-03 11:04:53+00:00,novo hamburgo,RS,59.9,17.67,utilidades_domesticas,77.57
056c68d093c100017aab1f00f260705c,2018-04-21 11:36:34+00:00,ribeirao preto,SP,39.99,12.79,cama_mesa_banho,52.78
056ea0ed4a967ffdde98507a7d5656a2,2018-05-29 16:07:19+00:00,barueri,SP,261.58,40.69,bebes,302.27
056f1217c54403f6300ea6b50f6716d5,2017-11-07 18:12:18+00:00,sao paulo,SP,57.31,12.74,cama_mesa_banho,70.05
05709f85ee94e226753ae0ed0886b69b,2017-03-01 16:38:52+00:00,goiania,GO,159.9,27.55,cama_mesa_banho,187.45000000000002
05712f43d1c39effad171a8b0344940a,2017-12-03 15:50:24+00:00,sao paulo,SP,29.99,14.1,relogios_presentes,44.089999999999996
057134090fb19405548e54bbcf377f59,2017-07-06 00:02:22+00:00,custodia,PE,160.0,26.4,telefonia,186.4
0571cdb407bf04b419c94ffd7acbd874,2017-01-19 21:24:05+00:00,brasilia,DF,6.9,15.65,telefonia,22.55
05728fca024954ba1ce915ad5c94991f,2018-05-15 09:22:26+00:00,ronda alta,RS,156.94,47.9,moveis_escritorio,204.84
0572a001d46280ab9ab95964665ff768,2017-09-05 09:17:19+00:00,belo horizonte,MG,39.9,25.63,eletronicos,65.53
0572c29de369acbc110ad921d93d01a1,2017-09-30 14:48:37+00:00,itapuranga,GO,59.9,15.15,utilidades_domesticas,75.05
0572c29de369acbc110ad921d93d01a1,2017-09-30 14:48:37+00:00,itapuranga,GO,65.9,18.74,utilidades_domesticas,84.64
0572c996d9b4a7645bb071a158a64bbb,2017-11-20 21:53:20+00:00,rio de janeiro,RJ,65.0,16.7,moveis_decoracao,81.7
05739db46faf3be7dfe1b0f0ec37689f,2018-02-22 13:18:58+00:00,sao paulo,SP,129.0,21.39,utilidades_domesticas,150.39
0573b5e23cbd798006520e1d5b4c6714,2017-07-04 20:32:10+00:00,lucelia,SP,36.85,15.1,artes,51.95
0573bd213dab1f238af912e296c83944,2017-06-18 08:47:53+00:00,alegre,ES,79.0,17.8,papelaria,96.8
0573f0fe44a09808d06e716ae1a478ed,2018-06-23 16:55:16+00:00,belo horizonte,MG,118.89,18.63,construcao_ferramentas_construcao,137.52
0573f95b59b51f2d7d98d882d64e05dd,2017-10-18 21:51:05+00:00,montes claros,MG,73.76,17.77,brinquedos,91.53
05751d04e18329aec0f74b16883db3b2,2017-08-18 16:10:52+00:00,rio de janeiro,RJ,228.0,17.04,relogios_presentes,245.04
0576822a11b3068cce2e3c8551e4e327,2017-11-12 00:07:59+00:00,natal,RN,133.0,43.34,relogios_presentes,176.34
0576b5ab3dda9404ab293d656e5faf66,2018-01-24 10:29:40+00:00,jau,SP,49.9,13.37,ferramentas_jardim,63.269999999999996
057712e71c25f78b04ba3452284c110b,2017-12-11 16:30:45+00:00,novo cruzeiro,MG,219.9,22.03,cama_mesa_banho,241.93
0577713eb945f355426be26104c26b77,2017-04-23 01:17:39+00:00,rio de janeiro,RJ,79.9,17.3,cama_mesa_banho,97.2
057889a9d468c179e39e9a6cdb5f4f8e,2018-06-15 17:21:08+00:00,santos,SP,69.9,35.34,moveis_decoracao,105.24000000000001
057a97c066cbaf1feaba87f5422ce04a,2017-06-05 18:53:21+00:00,sao paulo,SP,399.99,23.6,telefonia,423.59000000000003
057b58254cebaa14e712b7beb7bfa9a8,2017-06-16 11:50:58+00:00,salvador,BA,35.7,17.63,informatica_acessorios,53.33
057bc88d7845bc736fbe1fb27f2932f2,2018-01-26 17:00:10+00:00,sao paulo,SP,185.85,12.51,beleza_saude,198.35999999999999
057bf0876d1b4a1d8b70b8f3e74e8763,2018-01-21 16:44:13+00:00,sao paulo,SP,78.0,7.8,relogios_presentes,85.8
057c13c6bd8799710c70ad3c7b2087ca,2017-07-17 22:08:53+00:00,aracaju,SE,39.9,21.15,esporte_lazer,61.05
057c9f435d8e14fda9a72b7bbf8b381d,2018-04-24 23:52:11+00:00,sao joao de meriti,RJ,72.9,18.09,utilidades_domesticas,90.99000000000001
057cb6913750cc04b72dbeb174afb208,2018-08-18 09:08:48+00:00,sao paulo,SP,42.89,13.6,brinquedos,56.49
057e5b8975ad03882989369de7b803ff,2017-09-15 00:46:01+00:00,sao paulo,SP,69.0,13.5,papelaria,82.5
057e8245e6408a7f5db33b517c481617,2018-03-04 18:57:57+00:00,mongagua,SP,29.99,11.85,informatica_acessorios,41.839999999999996
057e837e50171189a915cb17d4621e9f,2017-08-24 22:11:11+00:00,azurita,MG,19.9,15.1,consoles_games,35.0
0580802ab0d4809dc16b4c9002c01a27,2018-01-15 17:27:31+00:00,picos,PI,121.35,34.65,beleza_saude,156.0
0580cfd05da4901cede805697f39a632,2018-03-10 16:31:22+00:00,santo andre,SP,59.9,34.19,pet_shop,94.09
0581cc006c5d0b4351b5435336828add,2017-07-01 14:37:02+00:00,canoas,RS,349.99,20.69,bebes,370.68
05822c51346e781a05c5d2e497f1ccc2,2017-06-30 21:49:43+00:00,gloria de dourados,MS,22.9,15.1,cama_mesa_banho,38.0
0582e17dbb2d3c6052b964ab8e62dff5,2017-11-23 18:52:49+00:00,goiania,GO,129.0,15.65,relogios_presentes,144.65
0583457e98d0d734222af5237cd8fa94,2018-04-10 15:25:53+00:00,belem,PA,49.0,19.04,fashion_bolsas_e_acessorios,68.03999999999999
058350ebe1e9c9b426d1331b4b6063d1,2017-03-15 05:44:17+00:00,porto alegre,RS,42.99,15.65,brinquedos,58.64
0583f502e04564cfe79eb0e4f5939729,2018-02-11 12:51:07+00:00,vila velha,ES,199.0,21.88,relogios_presentes,220.88
05857c3db4187fe99fe1ae8b69747ab3,2017-04-22 12:23:03+00:00,ourinhos,SP,415.8,14.3,relogios_presentes,430.1
05861bbf66a8cc3d5cdb6db76fece371,2018-04-17 18:04:16+00:00,sao paulo,SP,249.88,8.61,perfumaria,258.49
05871d52118762aaae93a3682fc5fe2f,2018-07-31 20:54:24+00:00,sumare,SP,329.0,60.31,moveis_sala,389.31
05885929f901bfe4490878f068b7da8c,2018-02-22 08:17:18+00:00,sao paulo,SP,89.9,12.76,informatica_acessorios,102.66000000000001
0588a3721b3d0a1f0b549fb84fd9cf10,2017-12-23 18:27:54+00:00,curitiba,PR,94.9,14.41,brinquedos,109.31
0589d8b975f21fea2ad626ea99527911,2018-02-27 16:36:42+00:00,parnamirim,RN,201.34,25.96,beleza_saude,227.3
058a48943f3034afea88ff56b960dfdb,2017-11-02 17:25:13+00:00,criciuma,SC,23.5,7.55,cama_mesa_banho,31.05
058a84184b0421a60f75fdbda47862c1,2018-04-03 10:12:33+00:00,guaratingueta,SP,169.9,20.1,bebes,190.0
058ac520863d0c0d57e3cf920de368d4,2018-05-21 23:17:32+00:00,campo grande,MS,24.99,15.23,telefonia,40.22
058af2b14bd6831bf3350cc96b0f4822,2018-05-22 17:19:24+00:00,jundiai,SP,84.58,11.22,casa_construcao,95.8
058afe6c6322b4773393a66003934493,2017-01-19 19:35:35+00:00,sao paulo,SP,229.9,15.39,moveis_decoracao,245.29000000000002
058b47cafcb62845676917a46cf732e4,2017-10-03 23:52:07+00:00,santo antonio de padua,RJ,25.99,16.11,cama_mesa_banho,42.099999999999994
058b8a9dbc89de84bb37a54c8c5be44d,2018-03-17 19:34:43+00:00,salvador,BA,199.99,25.05,automotivo,225.04000000000002
058c781acedf69d42ac38a568ca97b05,2018-05-05 21:03:55+00:00,resende,RJ,104.9,23.31,moveis_decoracao,128.21
058c8f9e226f52cd43f44b0aaa72a395,2018-01-18 11:38:05+00:00,salvador,BA,5.2,16.79,informatica_acessorios,21.99
058cb75116972074baa3c4e594d2a851,2018-01-05 15:39:27+00:00,condado,PE,119.9,39.83,bebes,159.73000000000002
058d432115cdaa3b04a19b726bdd837a,2018-04-23 12:07:17+00:00,brasilia,DF,269.45,19.77,beleza_saude,289.21999999999997
058dbc6a010af0332e7515f383c02b5b,2018-07-31 12:11:39+00:00,sete lagoas,MG,77.9,23.35,casa_conforto,101.25
058ff573aef21e528adcab8b8717c43a,2017-09-18 15:30:12+00:00,porto alegre,RS,29.99,7.5,cama_mesa_banho,37.489999999999995
05906ff9618d78153208c80165d91b2c,2018-04-15 14:23:46+00:00,brasilia,DF,109.9,23.31,automotivo,133.21
059162a0bf2726c87dd0359eef84c878,2018-07-29 15:29:19+00:00,niteroi,RJ,839.99,174.49,moveis_sala,1014.48
05918cf24658c4ee3a67a684684305d3,2018-05-30 11:58:32+00:00,teresina,PI,259.9,68.74,automotivo,328.64
059511087f2394ebd55a674537a7c2cc,2018-02-14 11:42:55+00:00,nova prata do iguacu,PR,389.9,27.57,informatica_acessorios,417.46999999999997
0596e04bc1e3bb1649cf6d1f8545e5eb,2018-08-13 16:53:34+00:00,santa cruz do rio pardo,SP,247.0,88.32,moveis_decoracao,335.32
0597a201736db0915eac0e92b5e0f6d9,2017-10-09 11:16:40+00:00,santo antonio de posse,SP,99.99,11.9,cool_stuff,111.89
05981a7bf1a18eb991af55a8a8dbdf83,2017-11-24 16:03:41+00:00,sao jose do rio preto,SP,17.99,11.85,telefonia,29.839999999999996
0599833bed37a5f88c9ade7cf219fd6b,2017-09-11 13:39:20+00:00,sao paulo,SP,99.9,13.72,cama_mesa_banho,113.62
059a13b49c0fb6d21e423fad48ad1c44,2017-03-03 11:55:51+00:00,rio de janeiro,RJ,139.99,26.47,brinquedos,166.46
059a35c89cb9ee5ba740d4ac2eb8a805,2017-09-08 13:30:44+00:00,rio de janeiro,RJ,119.34,17.09,esporte_lazer,136.43
059b6e617cb9675ad8bc74b7aa750e7d,2017-02-10 19:42:58+00:00,ipatinga,MG,24.9,14.52,utilidades_domesticas,39.42
059bbeb3477ed66fd7e670c3f879009a,2017-07-27 10:31:49+00:00,mogi mirim,SP,31.0,11.85,automotivo,42.85
059c0bd12954b4e72327c0ff67d9f2e8,2018-05-01 21:53:28+00:00,presidente prudente,SP,145.0,13.45,relogios_presentes,158.45
059c2808fecc4ffa815a20bd7a12b3bb,2018-06-27 21:36:55+00:00,sao paulo,SP,69.9,17.62,esporte_lazer,87.52000000000001
059c31805aaf1f282276575595379050,2018-05-04 18:54:52+00:00,ribeirao preto,SP,40.0,14.44,ferramentas_jardim,54.44
059cc0a6e41682f072113815225a5ff7,2018-02-18 19:11:00+00:00,sapiranga,RS,44.98,15.1,informatica_acessorios,60.08
059cd34e948c8025e660c89c0de2d792,2018-03-07 19:01:13+00:00,aracaju,SE,53.49,22.87,esporte_lazer,76.36
059d893dde97f787f2f608d5a5d13e0b,2018-03-29 11:34:59+00:00,brasilia,DF,42.9,19.04,bebes,61.94
059f6abcb045619604ec4af08b4b5456,2018-01-29 19:05:16+00:00,brasilia,DF,85.5,17.85,cama_mesa_banho,103.35
059f8a8f4a2c52a1969278f9f484fca6,2018-02-13 22:32:11+00:00,jundiai,SP,58.5,11.91,automotivo,70.41
059fd94aa8716f14743caff2f433be05,2018-02-24 14:59:06+00:00,aracaju,SE,1314.99,53.88,consoles_games,1368.8700000000001
05a0f6d062da2d6c66fa846737770d35,2018-01-22 19:12:05+00:00,rio de janeiro,RJ,63.9,25.29,bebes,89.19
05a17f243132acec3b0146b1b9b77720,2017-04-23 14:18:45+00:00,ribeirao bonito,SP,98.99,31.78,utilidades_domesticas,130.76999999999998
05a1daade893002ca3c8ec9253fbb1a0,2017-11-15 18:57:24+00:00,diadema,SP,21.0,7.78,perfumaria,28.78
05a2d609ab3024701d66a27590ea1d68,2018-03-17 12:46:56+00:00,fernandopolis,SP,99.9,14.47,beleza_saude,114.37
05a4879e7e161809c8bf4d8171b0c670,2018-02-04 07:54:12+00:00,viamao,RS,130.0,17.16,bebes,147.16
05a5446738fb49ff21e44d318df1189d,2018-07-22 20:44:34+00:00,recife,PE,79.0,26.72,cama_mesa_banho,105.72
05a5446738fb49ff21e44d318df1189d,2018-07-22 20:44:34+00:00,recife,PE,89.9,35.53,cama_mesa_banho,125.43
05a5771b1afac9163e7cc298fc97263a,2018-02-23 19:49:40+00:00,sao paulo,SP,144.9,14.03,cama_mesa_banho,158.93
05a61d016706110ed3580eeba84e31c7,2018-06-22 12:06:01+00:00,astolfo dutra,MG,49.95,18.45,cama_mesa_banho,68.4
05a6f444527fc90e28da6088b1707b20,2018-08-03 12:20:34+00:00,colatina,ES,79.9,18.66,telefonia,98.56
05a71c571d4602a72418b73366543cd9,2017-08-18 21:38:07+00:00,rio de janeiro,RJ,89.9,17.88,moveis_decoracao,107.78
05a72117fb063d7fb111490dbf40c79a,2018-05-03 18:39:44+00:00,sao jose,SC,159.9,24.05,beleza_saude,183.95000000000002
05a82511dd29bef74d8003b015912fd6,2017-09-11 21:54:03+00:00,rio de janeiro,RJ,39.9,14.1,cama_mesa_banho,54.0
05a8c94a9361d5496501f6577cf82841,2018-03-17 19:39:17+00:00,rio de janeiro,RJ,149.0,17.59,informatica_acessorios,166.59
05a971ae7a83a0b371ae1b5bfc45514e,2017-01-31 00:11:36+00:00,sorocaba,SP,255.9,18.0,ferramentas_jardim,273.9
05a9d9ce2b1a217223ff7c5a60e509b2,2018-01-08 22:55:44+00:00,sao paulo,SP,19.99,9.34,malas_acessorios,29.33
05aac5a18dcd77932007f57de8650622,2017-08-18 15:33:26+00:00,guarulhos,SP,155.0,14.11,informatica_acessorios,169.11
05aacaaec38544ee11d42a69bc098d4b,2017-02-26 16:03:49+00:00,serra,ES,115.0,16.51,fashion_roupa_feminina,131.51
05ac54e2c004e051fa139f2efc01fadb,2017-08-07 21:25:10+00:00,sao paulo,SP,819.9,12.99,beleza_saude,832.89
05ad071b550b1cf2815e8bf3bec3291f,2017-04-27 12:57:18+00:00,bayeux,PB,34.9,20.8,informatica_acessorios,55.7
05ad157e8f606d82b474fd05703b7610,2018-05-08 19:48:36+00:00,sao goncalo,RJ,220.0,18.09,musica,238.09
05ad33706a0ad42482ba7f17236d4bba,2017-10-11 09:27:38+00:00,araxa,MG,79.0,15.3,fashion_bolsas_e_acessorios,94.3
05ad4f359a4235a593f41f0533fe0457,2017-08-25 20:53:06+00:00,sao paulo,SP,108.9,33.0,malas_acessorios,141.9
05ae7d6bd78e2a61f4c0076a9d690aa8,2018-07-20 12:25:03+00:00,jundiai,SP,219.0,16.83,casa_conforto,235.82999999999998
05af503aea07ddc5530506f2c349756f,2018-05-30 20:50:08+00:00,belo horizonte,MG,19.9,16.32,papelaria,36.22
05afef1c185862cab9062b322ff25cc5,2017-07-25 10:47:16+00:00,parnamirim,RN,27.99,22.67,utilidades_domesticas,50.66
05b126974a95c4a8c2ed51e8e0334c6e,2017-07-17 15:23:31+00:00,brasilia,DF,129.99,14.66,brinquedos,144.65
05b2ebbb3869fd116a0a1c247ba70d00,2017-05-17 11:07:52+00:00,sao paulo,SP,21.9,11.85,cama_mesa_banho,33.75
05b3b36808b4c685d4a2753ad6fec9a3,2017-11-08 22:54:00+00:00,florianopolis,SC,59.99,14.17,consoles_games,74.16
05b44fc08ced0af18eba71e859288f3e,2017-05-20 15:25:39+00:00,itajai,SC,29.0,15.1,papelaria,44.1
05b45bd050b8c16805abca656246149b,2018-03-12 19:52:53+00:00,mariana,MG,41.99,26.43,utilidades_domesticas,68.42
05b57f5540e48c853b6235bf8ff10e20,2018-04-11 23:59:44+00:00,arraial do cabo,RJ,61.34,18.31,informatica_acessorios,79.65
05b6dcf764ce18df76138d88dba0aa7d,2017-09-30 20:27:08+00:00,dias d'avila,BA,17.8,16.92,eletroportateis,34.72
05b771d711b0fa6d8ca9f42c3cc29f41,2017-08-08 17:54:37+00:00,birigui,SP,58.0,12.75,informatica_acessorios,70.75
05b7ab671d6b51e0b44ea73a54d9f739,2018-01-21 19:06:42+00:00,campo grande,MS,389.0,48.19,esporte_lazer,437.19
05b7b6d543fe8045020d831080945bfd,2017-12-03 17:30:49+00:00,belo horizonte,MG,125.62,17.36,Unknown,142.98000000000002
05bb540accb9a3fc966280b894023c9c,2017-07-06 21:13:00+00:00,rio de janeiro,RJ,19.99,14.1,beleza_saude,34.089999999999996
05bc33363c34f9c8172bd111029be2e1,2017-08-06 18:21:31+00:00,aracariguama,SP,157.77,15.85,beleza_saude,173.62
05bc55c2402923914487bf644d917ad5,2017-12-01 15:17:48+00:00,sao paulo,SP,99.99,16.95,brinquedos,116.94
05bd0df2a2f8b3719b66372a66b8f5ec,2017-12-05 09:21:51+00:00,araras,SP,84.9,30.9,Unknown,115.80000000000001
05bd4a1f3930d20f351ce8c406d77103,2018-04-25 23:44:28+00:00,arraial do cabo,RJ,99.0,23.27,esporte_lazer,122.27
05bdb94211a1ae1e3734545262f50da3,2018-06-01 16:22:44+00:00,jundiai,SP,95.0,7.53,relogios_presentes,102.53
05be03ef1c99159686f59d8a51dd17f9,2017-10-30 14:39:15+00:00,salvador,BA,49.9,15.79,moveis_decoracao,65.69
05be057d337a9ea02bb4111d054a670a,2018-08-16 12:09:52+00:00,rio de janeiro,RJ,48.9,19.53,bebes,68.43
05bef443b850685058070c9e781988e8,2018-05-30 16:33:11+00:00,sao luis,MA,55.0,24.52,instrumentos_musicais,79.52
05bf4fdb30932b7910144b4359ea9f69,2018-03-06 13:22:10+00:00,contagem,MG,32.5,18.23,consoles_games,50.730000000000004
05bf7a31e9d3eecf93db6a8e4508ed8a,2018-03-02 13:11:03+00:00,vespasiano,MG,35.0,19.84,cool_stuff,54.84
05bfcf9e287cad216cadb8a850f8db5c,2016-10-06 10:47:15+00:00,ribeirao preto,SP,249.9,17.59,perfumaria,267.49
05c12734a5d14a9b9528b3eb84f30e50,2017-05-15 17:50:19+00:00,lauro de freitas,BA,38.9,15.79,informatica_acessorios,54.69
05c163d46637e5c0c23a0075dc1c854c,2017-07-08 10:52:02+00:00,dores do rio preto,ES,16.5,21.96,telefonia,38.46
05c163d46637e5c0c23a0075dc1c854c,2017-07-08 10:52:02+00:00,dores do rio preto,ES,18.99,8.23,telefonia,27.22
05c1808ab7242e387b4947245e0c0649,2017-03-08 16:49:01+00:00,macae,RJ,49.0,14.52,fashion_bolsas_e_acessorios,63.519999999999996
05c30545ba4331e04ae0de1523bb41f4,2017-09-04 12:24:46+00:00,macae,RJ,28.3,16.11,informatica_acessorios,44.41
05c32785b5245ab31eb5bc6b0d41f698,2018-05-12 22:16:52+00:00,araujos,MG,1990.0,125.05,instrumentos_musicais,2115.05
05c32a488871489caad8b008dc77b890,2017-07-23 15:26:19+00:00,fortaleza,CE,499.0,25.81,brinquedos,524.81
05c3b5a011d47cd6cd88d4c5d6c15b90,2017-07-03 16:21:43+00:00,jandaia do sul,PR,99.0,17.94,esporte_lazer,116.94
05c44e3898cc7d836584bfaaa36d0017,2017-03-31 01:33:15+00:00,cacapava,SP,59.0,20.73,esporte_lazer,79.73
05c491d6be497dcfa89fdb1f9eb41004,2017-11-21 15:12:42+00:00,juiz de fora,MG,139.9,16.74,cool_stuff,156.64000000000001
05c5ce6594030e91bb9de44352d0ff05,2017-08-31 19:28:56+00:00,caldas novas,GO,179.9,16.01,relogios_presentes,195.91
05c5e3014f8ec516123fd4c74f49b051,2017-12-01 11:14:08+00:00,rio de janeiro,RJ,27.99,14.1,beleza_saude,42.089999999999996
05c5f6468206cec16a8c99f231bbbe86,2018-04-29 21:30:34+00:00,londrina,PR,143.0,18.88,relogios_presentes,161.88
05c5fe623dddb59ad7462d5adf24885f,2017-07-05 14:59:51+00:00,santa cecilia,SC,144.9,21.5,pet_shop,166.4
05c60320bb28437325f2d6d67467d93c,2017-11-28 16:07:15+00:00,rio de janeiro,RJ,229.0,106.31,moveis_cozinha_area_de_servico_jantar_e_jardim,335.31
05c63e6b53127320a7768d19898ac320,2017-09-26 07:53:38+00:00,brasilia,DF,69.9,16.74,utilidades_domesticas,86.64
05c7aa3928dd1b25667ba59cdc277505,2018-06-12 08:19:14+00:00,santos,SP,91.3,26.94,cama_mesa_banho,118.24
05c7d88e9c05e1fa1428f1ff2dcc29da,2016-10-07 02:41:42+00:00,pauliceia,SP,128.9,16.04,brinquedos,144.94
05c882a9c704a528bfbaa15fd8805d43,2018-01-12 18:30:01+00:00,teresina,PI,19.9,21.15,telefonia,41.05
05c8ada178f3ab074886530731749bd5,2018-03-29 23:18:04+00:00,belo horizonte,MG,179.99,18.84,cool_stuff,198.83
05ca3bba2e4c3bc5c601b57af96cf3cf,2017-01-27 14:24:28+00:00,tupandi,RS,66.99,18.0,brinquedos,84.99
05cb67bde9e73ef4ed72519d1497e006,2017-03-20 09:54:19+00:00,brasilia,DF,289.0,19.45,esporte_lazer,308.45
05cb96d379b1a3df48333ecaa572bf26,2018-08-22 13:49:40+00:00,praia grande,SP,55.9,8.55,construcao_ferramentas_construcao,64.45
05ccdfa84392875afc23c1ae9f014ce4,2018-04-14 13:04:25+00:00,miracatu,SP,49.8,12.18,automotivo,61.98
05ccdfa84392875afc23c1ae9f014ce4,2018-04-14 13:04:25+00:00,miracatu,SP,72.0,21.36,automotivo,93.36
05cd156f0f47579a36d7a52724fc31b8,2017-01-14 18:27:28+00:00,juiz de fora,MG,10.99,14.52,telefonia_fixa,25.509999999999998
05cd5649410dd46b0467669ff19e294b,2018-03-03 18:35:13+00:00,rio de janeiro,RJ,149.0,40.37,informatica_acessorios,189.37
05cd95d42f28b378b5abde39c13473df,2018-02-11 18:56:51+00:00,brasilia,DF,20.49,14.1,telefonia,34.589999999999996
05cdf90df5dcc062b68cd8b3803f6228,2018-02-07 12:04:39+00:00,sao paulo,SP,34.9,16.11,cama_mesa_banho,51.01
05ce664903d14969bd94d9633ffd8f14,2018-01-09 00:16:48+00:00,viamao,RS,69.9,19.98,moveis_decoracao,89.88000000000001
05ce7829fca9c640cd884ba446956158,2018-01-04 12:03:56+00:00,brasilia,DF,599.9,22.74,pet_shop,622.64
05cece27facc8007b2952d0b5bbfe9d6,2018-01-26 14:09:20+00:00,chapeco,SC,11.55,15.1,eletronicos,26.65
05d27719c66597da0628a53f6009ed67,2017-11-01 19:01:18+00:00,taboao da serra,SP,113.57,13.81,cama_mesa_banho,127.38
05d30aafa32e3fedf6eafb2e75648eec,2017-04-27 10:17:51+00:00,sao bernardo do campo,SP,16.99,14.52,utilidades_domesticas,31.509999999999998
05d3e8073cc594f353b950b312fc207c,2017-11-30 20:39:25+00:00,caratinga,MG,235.0,16.4,instrumentos_musicais,251.4
05d3fead61b937bd7176c28ef8ed34be,2018-01-09 16:25:31+00:00,barra do pirai,RJ,79.49,17.0,telefonia,96.49
05d43265b79289692a382c9f2a6c1547,2018-08-26 04:53:46+00:00,sao paulo,SP,220.0,14.84,beleza_saude,234.84
05d46826bd0fb605d6b00e30e9141882,2018-08-27 19:21:58+00:00,sao paulo,SP,49.99,11.37,alimentos,61.36
05d4aa8f649013fe68b769fa43ba7646,2017-10-28 19:50:19+00:00,sao paulo,SP,39.9,8.72,beleza_saude,48.62
05d579e3abe4a2d25c8feca9f7a685d8,2018-02-08 23:50:57+00:00,ponta grossa,PR,130.0,8.49,telefonia,138.49
05d5a67b06f86425711075939a164657,2017-10-24 09:17:09+00:00,sao bernardo do campo,SP,9.99,7.78,perfumaria,17.77
05d61bb749461f4805dbda51f767fa47,2017-08-29 19:04:05+00:00,cedro de sao joao,SE,1200.0,20.0,pcs,1220.0
05d657dbf5a4b2e7a685903cc8bb03f0,2018-01-30 09:37:46+00:00,governador valadares,MG,179.0,26.87,ferramentas_jardim,205.87
05d6faf8d3942006edf7cbc669faa965,2017-09-10 18:16:43+00:00,mantenopolis,ES,40.9,17.92,papelaria,58.82
05d7aaa733ad65477075a3b5bf0f1017,2017-10-22 08:18:52+00:00,aparecida d'oeste,SP,19.9,11.85,consoles_games,31.75
05d885b852158b0280c4abe2cd5108b4,2018-06-10 13:27:42+00:00,salvador,BA,498.9,21.42,automotivo,520.3199999999999
05d92af741841f7bfebf71cc949b807b,2018-01-26 19:54:09+00:00,alfenas,MG,49.9,17.6,ferramentas_jardim,67.5
05dbe6bf3e09d4e05160a98d0a926bb1,2017-10-03 19:05:31+00:00,ipatinga,MG,150.0,23.92,esporte_lazer,173.92000000000002
05dc8285104a0f76f6e8d6b2ff9417b2,2018-08-24 13:38:56+00:00,sao paulo,SP,134.9,9.69,bebes,144.59
05dc9045a35ab252a2b71dd4b0dfb63d,2017-06-11 18:53:16+00:00,sao paulo,SP,59.9,11.73,utilidades_domesticas,71.63
05ddc7eac5c1d01a5412368354426943,2018-02-27 16:00:24+00:00,rio de janeiro,RJ,94.99,16.91,automotivo,111.89999999999999
05ddf4cc62efcc6f34b8c693eaa2db01,2018-07-03 18:18:34+00:00,brasilia,DF,69.99,18.59,consoles_games,88.58
05deb664157a8c5022b440fc420bb397,2018-07-21 19:55:08+00:00,sao paulo,SP,69.0,14.79,cama_mesa_banho,83.78999999999999
05df1c1ff1b3e0ba073493d2ca0bdffc,2018-01-24 10:21:52+00:00,sao paulo,SP,85.8,12.1,utilidades_domesticas,97.89999999999999
05e168bd339a82dc2739b847d4ca99f8,2017-09-17 22:44:35+00:00,navegantes,SC,439.0,55.67,beleza_saude,494.67
05e1843fb576fb0a18a1e9bdfa3c18b0,2018-03-13 11:21:56+00:00,pouso alegre,MG,21.99,10.49,cama_mesa_banho,32.48
05e18a6cef41f63dc86b7b254954dffc,2017-12-04 12:14:59+00:00,rio de janeiro,RJ,199.9,26.24,casa_conforto,226.14000000000001
05e19ab996b114339f316bf41b359d52,2018-05-16 21:21:07+00:00,anapolis,GO,829.0,23.68,relogios_presentes,852.68
05e28a6a1994b77257df51a5e304b6ab,2017-11-24 20:55:09+00:00,parnamirim,RN,19.74,21.15,informatica_acessorios,40.89
05e2ab8de37670d9d0524473585092ec,2017-11-25 10:37:51+00:00,pouso alegre,MG,149.99,23.85,informatica_acessorios,173.84
05e52cc535bf067c2eb8337443ca0fc0,2017-05-21 16:55:28+00:00,sao goncalo do amarante,RN,119.0,36.15,pet_shop,155.15
05e6501cdfbd86fe9a3a788c3d411091,2017-10-16 14:49:14+00:00,carapicuiba,SP,75.0,13.55,cama_mesa_banho,88.55
05e6d57ea1f64b4e9a0b37c669515cfc,2018-07-03 23:29:36+00:00,brasilia,DF,42.2,44.1,brinquedos,86.30000000000001
05e756a9715655ae26d98822c44eac0e,2018-05-17 14:56:38+00:00,ilhabela,SP,68.9,12.92,esporte_lazer,81.82000000000001
05e7f330b0c9d2769d5aa193ee88baa7,2017-03-27 16:43:20+00:00,campos dos goytacazes,RJ,34.9,14.52,informatica_acessorios,49.42
05e8d222c5597784b04c804e183599c7,2017-11-22 17:47:12+00:00,alem paraiba,MG,59.9,17.67,ferramentas_jardim,77.57
05e94f64bd375a4fc88a39430e020d54,2018-01-19 10:51:06+00:00,tres coracoes,MG,149.9,27.59,informatica_acessorios,177.49
05e9e60e8b528b3563a1b1c2e8cfa64d,2017-12-09 10:47:07+00:00,ribeirao preto,SP,259.99,14.16,fashion_bolsas_e_acessorios,274.15000000000003
05ea901eba2a26661f43478b5c6b02d0,2017-11-05 19:14:22+00:00,goiania,GO,24.9,16.11,moveis_decoracao,41.01
05ea910f7ffffe471fab783ea0d8e424,2017-06-20 08:18:43+00:00,rio de janeiro,RJ,19.9,15.1,informatica_acessorios,35.0
05eb212cd5b01c76bdb5215a49df19b6,2017-06-28 21:28:34+00:00,balneario picarras,SC,37.5,16.11,utilidades_domesticas,53.61
05ebeda0c1aefd787e0ddc914af75039,2018-08-14 10:07:51+00:00,santa barbara d'oeste,SP,179.9,19.39,informatica_acessorios,199.29000000000002
05ebeda0c1aefd787e0ddc914af75039,2018-08-14 10:07:51+00:00,santa barbara d'oeste,SP,189.0,19.39,informatica_acessorios,208.39
05ec7d4c58b47c6c3249400c512851b2,2017-12-09 23:24:48+00:00,videira,SC,69.99,16.25,brinquedos,86.24
05ec8e2b68474e347ff47b71274e2361,2018-07-20 10:39:13+00:00,blumenau,SC,299.0,20.19,esporte_lazer,319.19
05ec9565bccc292561dec1d33bfefdfa,2018-08-05 11:15:46+00:00,sao paulo,SP,49.0,13.92,beleza_saude,62.92
05ed121680df9ec2f89d4dc29310333a,2018-03-05 07:27:39+00:00,itaocara,RJ,33.0,15.1,livros_tecnicos,48.1
05efc756dc2f2fdb4e8e914ad1a73f3c,2017-05-25 09:31:14+00:00,rio de janeiro,RJ,79.9,14.31,brinquedos,94.21000000000001
05f0c78f07cfc889061aba07e9eff066,2018-01-26 10:59:37+00:00,sao paulo,SP,89.56,12.76,informatica_acessorios,102.32000000000001
05f18c930e9961675a68af3b18efaf6b,2018-08-03 14:06:35+00:00,belo horizonte,MG,29.99,14.51,bebes,44.5
05f215a71e36c6985cb764b530d1e45c,2017-07-18 17:07:11+00:00,barra do pirai,RJ,20.7,15.1,utilidades_domesticas,35.8
05f24644b8019e68652b4216a5a5e956,2018-04-22 12:44:46+00:00,sao paulo,SP,379.94,16.31,construcao_ferramentas_seguranca,396.25
05f3fc274d71ebbd552966d716c9039d,2018-05-11 18:36:13+00:00,guarulhos,SP,159.99,7.98,automotivo,167.97
05f44408d29a64126c4abc87d2b2b038,2018-08-10 09:00:42+00:00,araras,SP,95.9,7.93,automotivo,103.83000000000001
05f4c59e4404655a57c7bb10ff944d3d,2017-12-06 15:36:24+00:00,sao paulo,SP,129.9,9.72,papelaria,139.62
05f54a9f4abf370b7c655d914159ab98,2018-04-01 22:38:07+00:00,sao roque,SP,53.9,13.46,ferramentas_jardim,67.36
05f5cfec67106e59d6280f62c4792d25,2018-07-26 10:20:44+00:00,belo horizonte,MG,49.9,15.45,cama_mesa_banho,65.35
05f8021cf7217f1990addecad0e24b7a,2018-08-10 20:50:51+00:00,sao jose dos campos,SP,178.9,19.35,telefonia_fixa,198.25
05f99bfc5053a88e0955bea396422a81,2017-10-25 23:21:21+00:00,rio de janeiro,RJ,159.0,30.15,eletrodomesticos_2,189.15
05f9e5c577faa3a272454a2ceed5c64d,2018-04-14 20:23:39+00:00,areia,PB,39.9,50.85,bebes,90.75
05fad97db96406de1787c7a532c46a2b,2018-06-19 11:34:27+00:00,sao jose do hortencio,RS,82.99,23.38,ferramentas_jardim,106.36999999999999
05fb90958eaf5f1c3287acf11060525e,2018-02-21 21:18:55+00:00,porto alegre,RS,47.6,15.1,beleza_saude,62.7
05fb9a42b233b4fb63dcaec6fac364a1,2017-11-13 14:19:26+00:00,caxias do sul,RS,48.0,17.6,eletroportateis,65.6
05fcb26e37b34aa73157fa81401b6b15,2017-10-14 22:46:48+00:00,nova iguacu,RJ,64.99,14.2,informatica_acessorios,79.19
05fcd933547be81890bc4d62357fdf3f,2017-07-19 10:17:34+00:00,sao paulo,SP,89.9,12.13,informatica_acessorios,102.03
05fcebb08e5f6447834c6593dcec9c81,2017-05-23 22:15:52+00:00,ourinhos,SP,259.9,48.53,malas_acessorios,308.42999999999995
05fd18ef3ce628a45cd42bb394ff081b,2018-05-09 21:07:05+00:00,sao paulo,SP,44.99,7.39,perfumaria,52.38
05fdf5f17c4a8b374e99ed52416d8766,2018-06-27 20:53:18+00:00,rio de janeiro,RJ,34.9,19.43,utilidades_domesticas,54.33
05fdfff95f5ea9ee431961288fce4e0c,2017-11-07 10:44:53+00:00,campinas,SP,146.0,12.52,relogios_presentes,158.52
0603e869ecff28981f22e3ea3e91911b,2017-09-26 17:48:04+00:00,bauru,SP,99.9,28.14,moveis_decoracao,128.04000000000002
0603e869ecff28981f22e3ea3e91911b,2017-09-26 17:48:04+00:00,bauru,SP,74.9,12.55,moveis_decoracao,87.45
0606297cba03ae6663495514f5bdae0d,2017-11-25 14:19:32+00:00,nhandeara,SP,39.97,15.1,cama_mesa_banho,55.07
060653209bfa61cf4b308a00e3861875,2018-05-28 23:18:32+00:00,mirai,MG,238.47,119.56,bebes,358.03
0606be58306f48924f5b44a39cfab9ec,2018-06-07 20:35:11+00:00,belem,PA,15.0,37.04,informatica_acessorios,52.04
0607664f90518423fdddb69ae3cf375e,2018-02-10 00:02:34+00:00,itauna,MG,149.65,15.8,beleza_saude,165.45000000000002
0607a1c003c16725855f65d6b738028a,2017-08-19 23:08:25+00:00,sao paulo,SP,42.9,21.18,utilidades_domesticas,64.08
0607f0efea4b566f1eb8f7d3c2397320,2018-03-06 09:47:07+00:00,sumare,SP,62.99,10.09,moveis_decoracao,73.08
0608991422469365a7b98644f2456aed,2017-02-05 15:53:52+00:00,navegantes,SC,195.0,48.72,esporte_lazer,243.72
0608b2d283db5e818a5056e8afc122b5,2018-03-14 11:26:07+00:00,campinas,SP,46.0,7.39,esporte_lazer,53.39
06093968558c2db43ddc36679aacc280,2018-07-16 10:27:29+00:00,ribeirao preto,SP,104.9,19.92,brinquedos,124.82000000000001
060a509c86c388937eb130705ea09e52,2017-09-18 19:54:52+00:00,sao goncalo,RJ,119.4,17.09,bebes,136.49
060b4964af74f7046c4bfd56ddeeb7e7,2017-08-15 21:13:40+00:00,brasilia,DF,49.95,18.45,cama_mesa_banho,68.4
060b4964af74f7046c4bfd56ddeeb7e7,2017-08-15 21:13:40+00:00,brasilia,DF,45.95,8.39,cama_mesa_banho,54.34
060b8f810cc106b90824b59a26ceb0db,2018-07-04 10:43:37+00:00,luziania,GO,149.9,27.35,casa_construcao,177.25
060c88a63c83f2dfaeea611cc18edefd,2018-07-09 14:59:01+00:00,salvador,BA,109.9,51.06,pet_shop,160.96
060e3be7253bd20351674ea9eec80ff6,2017-12-26 14:08:32+00:00,olinda,PE,53.99,21.18,informatica_acessorios,75.17
0611a79fca63467aea19ba6f75536058,2017-07-10 11:49:42+00:00,praia grande,SP,39.0,7.78,relogios_presentes,46.78
0611a79fca63467aea19ba6f75536058,2017-07-10 11:49:42+00:00,praia grande,SP,35.0,7.78,relogios_presentes,42.78
0611e51b65ca1c2274c5a2463141dcb6,2017-10-10 14:24:10+00:00,recife,PE,430.0,36.81,pet_shop,466.81
061295e635460bf36f1bb41bd54fd2d2,2017-12-05 12:49:56+00:00,jacaraci,BA,238.99,18.11,relogios_presentes,257.1
061304e42542425c8ff0be14d03126e4,2017-06-14 14:59:53+00:00,sao pedro,SP,1999.99,29.63,automotivo,2029.6200000000001
06136e6a6532fabbd5675f8090fca4b3,2018-07-20 15:09:26+00:00,feira de santana,BA,30.09,42.49,eletrodomesticos_2,72.58
0615cb58aaa538ad222e5ce52b5cc2bf,2017-03-18 21:08:16+00:00,barueri,SP,13.9,10.96,cama_mesa_banho,24.86
0616463c44a86e8478f9b065e17d7c65,2018-02-03 18:42:00+00:00,sao paulo,SP,45.0,8.27,construcao_ferramentas_construcao,53.269999999999996
0616b1a248556f0f4c5aea97beb0729a,2018-08-08 17:10:50+00:00,sorocaba,SP,149.65,18.99,beleza_saude,168.64000000000001
06174d5608937415007fcf764cf799af,2018-03-28 21:53:05+00:00,jaguari,RS,48.0,18.23,cama_mesa_banho,66.23
0617fd3db51fa6cbebde41b9bd34b406,2018-05-28 14:03:52+00:00,machado,MG,271.0,27.98,esporte_lazer,298.98
0618bf2e52dc2aaefd882d186558e642,2018-04-08 13:00:48+00:00,sao paulo,SP,58.9,19.38,ferramentas_jardim,78.28
061a6c0d2222c7c9f49a21e108579b49,2017-02-08 18:28:10+00:00,sao joao de meriti,RJ,79.9,14.73,cama_mesa_banho,94.63000000000001
061aa244b31dd240e079ad7a7ce3f32f,2017-09-22 15:37:18+00:00,sao paulo,SP,139.8,12.18,esporte_lazer,151.98000000000002
061abe3150d5be34c25d2d6055a88575,2017-07-30 19:43:25+00:00,redencao,PA,159.9,29.52,esporte_lazer,189.42000000000002
061b13cf87863db16e1a03178285ecfe,2018-08-11 13:33:50+00:00,brasilia,DF,26.88,38.46,cool_stuff,65.34
061b74bca735bb2c1953e40bc098101d,2017-11-22 20:40:31+00:00,mogi das cruzes,SP,12.99,11.73,moveis_decoracao,24.72
061ba2e2d7544790b6ed6b5b4dd9278c,2018-05-03 22:56:36+00:00,itapetinga,BA,110.0,0.0,relogios_presentes,110.0
061bf20146d98ef4698d0324dc4392db,2018-05-16 14:36:43+00:00,uberlandia,MG,39.9,18.23,beleza_saude,58.129999999999995
061c593a0c8fd1b92c2abc7c1a87b329,2018-07-16 12:31:06+00:00,florianopolis,SC,49.9,15.45,papelaria,65.35
061c97a9bd7911f9d2031e1b820c344f,2017-04-21 13:18:31+00:00,junqueiropolis,SP,299.0,16.26,informatica_acessorios,315.26
061cafafafb36839a8ee7cf19ab807c6,2018-03-14 07:03:01+00:00,sao caetano do sul,SP,154.99,11.71,utilidades_domesticas,166.70000000000002
061cc2095125b495f7221ed85a706c07,2018-04-13 19:43:09+00:00,goiania,GO,55.0,15.27,relogios_presentes,70.27
061e6ce7ec63fcace40d4ae11584763c,2018-03-09 11:38:44+00:00,birigui,SP,210.0,18.38,cool_stuff,228.38
061eb3fa9ee22a8dc3c90060e5a637c9,2018-05-30 12:06:45+00:00,sao paulo,SP,49.9,15.23,beleza_saude,65.13
061f2692f309a270bc04537e0a2508bb,2017-12-05 19:03:15+00:00,sao paulo,SP,89.9,12.33,cama_mesa_banho,102.23
061f31c732cb84a989d5b62660212ecc,2017-12-29 20:42:06+00:00,fortaleza,CE,69.99,17.77,Unknown,87.75999999999999
0620816b111616c1a7c0e03f8929bc4a,2017-07-22 01:48:39+00:00,sao paulo,SP,56.99,8.72,perfumaria,65.71000000000001
06215d34c1ec4e1106eb12ae5fd0370f,2017-03-06 14:16:20+00:00,florianopolis,SC,29.99,14.11,telefonia,44.099999999999994
062171ae61a088263fec533c7b4aadca,2017-12-01 17:07:56+00:00,ilheus,BA,219.0,17.97,relogios_presentes,236.97
0625530241d6fc5812c0062962c29a7e,2018-06-24 18:35:49+00:00,alto rio novo,ES,148.0,19.14,relogios_presentes,167.14
06263a9c3476eea0ca0fd70081bc7cda,2018-02-20 09:50:20+00:00,sao paulo,SP,149.9,16.68,beleza_saude,166.58
062668b0f8fe98dbe6d23ab391e22c81,2018-01-02 12:33:25+00:00,jaboticabal,SP,349.9,19.7,beleza_saude,369.59999999999997
062682155c454b125c630e1deebff4ea,2018-04-24 07:56:26+00:00,curitiba,PR,84.99,18.47,Unknown,103.46
0626a1c665314a1d0bf29ab063d5af74,2018-06-06 10:58:21+00:00,palestina,SP,29.99,12.79,telefonia,42.78
0627a80d6b5c65e9b212271f845e34da,2017-10-30 22:57:51+00:00,castanhal,PA,33.8,42.38,esporte_lazer,76.18
0629053d0e1e598c7a5048031e19e31b,2018-06-25 21:39:42+00:00,rio de janeiro,RJ,29.1,21.5,eletronicos,50.6
0629771ee9bc4f49e6d2fb6d637f00a7,2018-04-12 19:30:55+00:00,sao paulo,SP,135.0,15.04,esporte_lazer,150.04
062afb045916ff90100893d5df84c186,2018-01-19 11:47:34+00:00,penapolis,SP,129.0,13.92,papelaria,142.92
062b06f0cb6f133e2b963e4947345e17,2018-04-25 15:47:46+00:00,portao,RS,72.0,21.58,eletronicos,93.58
062b1b23a7928be5abeb406e5889e08e,2018-03-21 22:46:08+00:00,vere,PR,322.0,186.38,automotivo,508.38
062bddc5be851fec2b59598cc33498cd,2018-05-07 20:22:07+00:00,angra dos reis,RJ,1520.88,28.53,telefonia,1549.41
062ce984a468dfa021e43bdf17ae158c,2018-04-26 18:53:53+00:00,carapicuiba,SP,119.48,13.28,esporte_lazer,132.76
062d3e3b803bd3e569cf8c165602f8f4,2018-06-25 17:26:38+00:00,fernandopolis,SP,122.99,63.11,beleza_saude,186.1
062e5ab5d16890def5883cd9fe35615e,2017-10-22 00:31:39+00:00,varzea paulista,SP,146.0,12.52,relogios_presentes,158.52
062e658558167913d261c1089bf9357c,2017-06-07 09:12:50+00:00,palmares,PE,119.95,33.29,beleza_saude,153.24
062f0992a050330334749ffa530fa796,2017-01-27 16:55:48+00:00,sao sebastiao do paraiso,MG,129.99,18.0,brinquedos,147.99
062fb51d4257a8a7ef0bb5df1becde54,2018-01-12 13:14:51+00:00,itabirito,MG,21.9,15.1,pet_shop,37.0
063009988101940b4392ba9b2f2ca112,2018-03-13 13:36:34+00:00,sao paulo,SP,14.49,13.71,esporte_lazer,28.200000000000003
0630ba8015b69f03e65dbe4be3aceb4f,2017-03-14 17:21:42+00:00,fervedouro,MG,117.3,22.29,automotivo,139.59
063250ed406abc1e7730639c79d16a0b,2017-09-06 20:46:22+00:00,joinville,SC,339.9,17.13,relogios_presentes,357.03
06339e75ee1b614953aef978ef01d766,2017-04-15 23:55:38+00:00,luis eduardo magalhaes,BA,43.9,20.98,moveis_decoracao,64.88
0633c2f778161bd80bf27cb619d6437c,2017-02-08 12:31:33+00:00,sao luis,MA,23.9,24.35,beleza_saude,48.25
06351d6c05e58972856f24bc50d69b23,2018-05-08 19:38:58+00:00,araras,SP,195.9,8.23,esporte_lazer,204.13
06351d6c05e58972856f24bc50d69b23,2018-05-08 19:38:58+00:00,araras,SP,193.9,8.23,esporte_lazer,202.13
0635e2196d30b3003d5381ca15cb3d87,2018-05-03 14:37:40+00:00,canoas,RS,49.0,10.66,fashion_bolsas_e_acessorios,59.66
0635ec73c8d9729fec281d4b87339be3,2017-12-18 20:02:45+00:00,volta redonda,RJ,65.0,15.2,relogios_presentes,80.2
06369aa3e6e8c6d52a7df6a2cd76cb1b,2018-02-01 17:22:04+00:00,abreu e lima,PE,84.99,19.13,beleza_saude,104.11999999999999
06375e8bcbe64fb1da3b499fa42a7991,2018-02-26 09:34:23+00:00,mandaguari,PR,1899.05,82.17,eletroportateis,1981.22
063929a628206b3f69eaaa2e003ca695,2017-12-02 17:15:54+00:00,brasilia,DF,120.0,20.33,pet_shop,140.32999999999998
063a0b076f63cb908176d8c1cc6ec049,2017-03-13 16:29:58+00:00,rio das flores,RJ,99.99,28.89,ferramentas_jardim,128.88
063b573b88fc80e516aba87df524f809,2016-10-07 19:17:00+00:00,itu,SP,69.9,17.63,beleza_saude,87.53
063bbb83c80ba8c04934c9ff389be77a,2018-02-07 08:52:01+00:00,juiz de fora,MG,53.99,15.13,perfumaria,69.12
063be5d2e54f57f9673b26b87c8d8bfc,2017-05-08 22:53:37+00:00,araguari,MG,82.0,16.33,beleza_saude,98.33
063dda01b3489ce5f3bc164801e6e3e9,2018-03-07 22:15:03+00:00,guarulhos,SP,120.0,17.75,relogios_presentes,137.75
063de687a6d9389fb6f6934d19d447f8,2018-06-30 21:40:36+00:00,sao paulo,SP,43.44,8.46,pet_shop,51.9
063f19fae1eadbb92dc30d00b7cc870c,2018-08-08 16:57:41+00:00,ribeirao preto,SP,196.8,18.51,moveis_decoracao,215.31
063f2375ecf74934d05e78a476f92cb5,2018-07-08 10:20:36+00:00,maristela,SP,28.45,18.3,construcao_ferramentas_jardim,46.75
063f6b61015cb748333bd76ef0deac47,2018-01-04 14:12:09+00:00,ribeirao preto,SP,75.5,13.55,cama_mesa_banho,89.05
0640b06b89343b8b664b6ddef40ba020,2017-11-04 00:36:39+00:00,sao paulo,SP,49.9,16.11,beleza_saude,66.00999999999999
0641880e7059ec426c7e6f8ba1585bf7,2018-08-11 16:14:09+00:00,rio de janeiro,RJ,65.9,19.65,cama_mesa_banho,85.55000000000001
0641c2d6df642517fb73e1ac88a188a4,2018-03-29 12:45:01+00:00,sao paulo,SP,79.9,19.53,moveis_decoracao,99.43
0641d69ef04d0d7b004cb9ec0106c3ea,2017-09-05 15:46:38+00:00,betim,MG,189.9,22.17,cama_mesa_banho,212.07
0641dec5794661d69c598d2535bc0b40,2017-07-16 17:08:08+00:00,muriae,MG,49.59,20.84,Unknown,70.43
064314e503e36ce3869a9901434fc6f4,2018-08-16 13:39:30+00:00,santana de parnaiba,SP,132.3,9.09,perfumaria,141.39000000000001
064330ca980cc4023706283a3c4b89a4,2018-07-29 21:19:49+00:00,itapevi,SP,58.0,7.67,relogios_presentes,65.67
064406f58fe12697ff148d9a5851fe9e,2018-02-01 15:30:02+00:00,campinas,SP,89.0,9.44,papelaria,98.44
0644bbc829f241622c4c83b08436c465,2018-06-24 21:04:15+00:00,sao paulo,SP,31.9,15.32,beleza_saude,47.22
06450a9849cb4a8c2f3bbeba9995b64f,2018-01-19 20:26:21+00:00,andradas,MG,289.0,46.48,malas_acessorios,335.48
064558d37369c187c5e1e37eb534ba4d,2018-02-28 17:22:16+00:00,sao paulo,SP,39.99,8.72,papelaria,48.71
0645b256ee8f4939ae426819da55488c,2018-07-26 14:08:01+00:00,sao paulo,SP,12.99,7.39,Unknown,20.38
0645ff0009ebb4d475c7e9d30520dd21,2017-11-10 20:39:54+00:00,governador valadares,MG,39.9,12.48,fashion_bolsas_e_acessorios,52.379999999999995
0646e0e4885dd8c69dddd6b2742b3b1b,2018-02-07 14:58:06+00:00,taquari,RS,552.8,18.62,construcao_ferramentas_construcao,571.42
06475c925f62299396ae63b9e9468486,2017-09-05 11:05:36+00:00,sao paulo,SP,16.99,12.48,pet_shop,29.47
0647c4896cbb3bcfe3a48f652dd058ca,2018-02-26 14:06:11+00:00,brasilia,DF,269.0,15.63,informatica_acessorios,284.63
0647d9d193d898f2ff46c9e91a3c8c4b,2017-05-09 14:41:10+00:00,curitiba,PR,188.9,20.56,informatica_acessorios,209.46
0647f4a0c12192bfb5ea1032d2e2ecdb,2017-09-18 01:02:59+00:00,sao paulo,SP,72.8,12.01,ferramentas_jardim,84.81
06486b73d8d1705c15e0d13f6adcbf84,2018-01-20 18:32:47+00:00,sao bernardo do campo,SP,56.0,7.78,fashion_bolsas_e_acessorios,63.78
064895b0b58ab3f84d9d3b0a2b800205,2017-09-05 01:11:20+00:00,londrina,PR,59.99,16.18,pet_shop,76.17
0648c919c26e4ed9eae8879a4c17796e,2017-04-27 16:06:35+00:00,inhumas,GO,849.0,174.95,cool_stuff,1023.95
06495b5a6aa3e4527e8c1fb34d47ea70,2018-02-21 00:35:53+00:00,juazeiro,BA,18.9,16.79,telefonia,35.69
06499dd792313ae78e92e4819ffceff9,2017-04-26 11:30:38+00:00,vicosa,MG,83.9,14.76,utilidades_domesticas,98.66000000000001
064c48df7cb281b1f0f0cfcaa2a69662,2017-05-24 19:32:16+00:00,marechal deodoro,AL,349.9,29.3,beleza_saude,379.2
064c5d7833bce7bb4c9bff1302ac9d0a,2018-02-26 20:57:39+00:00,rio de janeiro,RJ,65.9,16.22,cama_mesa_banho,82.12
064df82a5ad596912cc304c6c72a42bf,2017-02-26 14:26:14+00:00,sao paulo,SP,135.0,15.12,fashion_bolsas_e_acessorios,150.12
064e219a982901ccffc2d33432b77a2c,2018-04-10 19:24:04+00:00,sao paulo,SP,134.0,15.03,esporte_lazer,149.03
064eacf6619a7203b06b7187bf3a3779,2018-01-03 18:07:35+00:00,sao leopoldo,RS,23.7,14.1,eletronicos,37.8
0650ef96422834cca0cc7799efbf6307,2017-02-04 12:46:02+00:00,porto alegre,RS,99.9,18.98,cool_stuff,118.88000000000001
065102a3bb506a1010c90b7a4f2700b2,2018-03-02 11:34:37+00:00,cascavel,PR,149.0,15.55,informatica_acessorios,164.55
0651282cd5dd7e7103729d800b143334,2017-07-11 21:12:51+00:00,brasilia,DF,141.99,45.45,cama_mesa_banho,187.44
0651c427722f910d3a2238dca1975fcc,2017-12-04 22:28:27+00:00,lavras,MG,1375.65,24.38,beleza_saude,1400.0300000000002
0652543c9f8586d33500c3d0e4ddc6a6,2017-05-11 12:28:01+00:00,sao paulo,SP,52.99,9.34,moveis_decoracao,62.33
0653c5290cf561492eae4f626799994d,2017-09-19 17:48:28+00:00,sao paulo,SP,148.0,14.64,cama_mesa_banho,162.64
0653cf037de0812e8ba775b4a0ea9c2f,2018-01-11 16:30:57+00:00,brasilia,DF,79.9,17.81,utilidades_domesticas,97.71000000000001
06544096bb7077c0f701d0d6f660e11f,2017-03-30 17:07:08+00:00,sao paulo,SP,83.36,11.97,cama_mesa_banho,95.33
0654d38aef9f16500a4d8f635dde87f9,2018-04-05 17:05:05+00:00,sao vicente,SP,28.0,8.29,eletroportateis,36.29
0654ec8b2a748a63a67ea1e763857357,2017-10-26 06:25:01+00:00,diadema,SP,19.9,7.78,audio,27.68
06556f76bd21201c0deb015022757aa8,2018-02-01 21:17:50+00:00,porto alegre,RS,149.0,18.29,esporte_lazer,167.29
0655a10c9ee5cb0fa451edebb94102be,2017-12-30 20:37:52+00:00,guarulhos,SP,179.0,36.76,moveis_decoracao,215.76
0655bb542cf38197d920ac1c5c89ae9c,2018-03-08 02:27:25+00:00,sao paulo,SP,88.9,12.77,instrumentos_musicais,101.67
0656252be8b31ab4b264a730f9e600cb,2018-03-07 14:11:18+00:00,campinas,SP,119.99,18.95,moveis_escritorio,138.94
065881aa6f8059a970c8fd9947f717e4,2018-01-17 19:32:02+00:00,duque de caxias,RJ,98.9,14.44,perfumaria,113.34
06588330ec63ae7132289b092c148ec8,2018-01-23 18:28:59+00:00,campo grande,MS,49.0,15.1,telefonia,64.1
0658b7d98d204e0beefedd5e8c0fad45,2018-01-15 23:37:49+00:00,sao paulo,SP,146.99,35.19,moveis_escritorio,182.18
065963d921de479181824ca8d8737935,2018-02-07 20:18:59+00:00,bauru,SP,455.0,18.95,cool_stuff,473.95
0659ee4a8b8b8da8337c94d35e423c74,2017-11-24 14:30:49+00:00,santo angelo,RS,105.0,17.98,esporte_lazer,122.98
065a7d9057589f809082e012f696cb5d,2018-04-11 10:48:09+00:00,brumado,BA,51.9,22.07,automotivo,73.97
065ac4b340bafd4f6bee041c63e10aef,2017-06-02 12:37:27+00:00,resende,RJ,16.99,15.1,utilidades_domesticas,32.089999999999996
065b60cb1eb8ac3e010b81d60ab6a5a7,2018-04-15 17:15:31+00:00,santa barbara d'oeste,SP,189.9,13.23,cama_mesa_banho,203.13
065bc1a2569e7a22835b49f40208f394,2017-11-09 13:49:13+00:00,sorocaba,SP,199.0,10.21,instrumentos_musicais,209.21
065be848b8cc9a907f12d443b2e4df7f,2017-10-15 09:05:49+00:00,sao paulo,SP,69.9,13.08,utilidades_domesticas,82.98
065c05543ebdfd79fb629b2b4a6ab904,2018-03-20 18:02:29+00:00,sao paulo,SP,88.5,12.52,utilidades_domesticas,101.02
065c76c0f11720ac66d53d0903f762b6,2018-03-27 11:09:52+00:00,itapevi,SP,208.95,46.92,eletrodomesticos,255.87
065d4f458013cd9c9e716f8be1ca00d1,2017-11-05 23:44:57+00:00,rio de janeiro,RJ,59.9,8.27,perfumaria,68.17
065d7ca47199c0b027e288a77c59a167,2018-07-29 16:07:13+00:00,betim,MG,65.0,18.26,utilidades_domesticas,83.26
065d95bb9e6d5bbc0a5a2c40579b16e5,2018-05-08 09:38:47+00:00,sao paulo,SP,95.0,7.53,beleza_saude,102.53
065f2124da64e6bddb1120142f2ad73a,2018-04-05 10:17:48+00:00,teresina,PI,517.99,107.87,informatica_acessorios,625.86
065f2f78a7067e37f695bed618512704,2017-09-06 14:34:17+00:00,sao paulo,SP,18.17,11.85,beleza_saude,30.020000000000003
065fb1ee0ec59ea0a68b3105a59a69ce,2018-01-24 10:52:09+00:00,conceicao de macabu,RJ,84.44,19.83,cama_mesa_banho,104.27
0660b9ab6d1e2653ba4395a095e58cad,2018-02-27 23:25:30+00:00,ferraz de vasconcelos,SP,124.0,15.62,relogios_presentes,139.62
06613112cdd7761776322081835b1b96,2018-02-27 17:19:46+00:00,jundiai,SP,32.5,11.85,consoles_games,44.35
0661cdf16c55936467e8d8c561e50730,2018-08-12 10:49:23+00:00,maua,SP,5.99,7.39,pet_shop,13.379999999999999
0662642f8ec31225fd369ca4026cb610,2017-07-22 19:21:05+00:00,candido sales,BA,56.99,16.84,perfumaria,73.83
0664199560952a51d76e1ccdadbd2cb7,2017-03-20 17:52:09+00:00,sao paulo,SP,89.9,11.24,cama_mesa_banho,101.14
0665734cec5349770a82280c326abc2b,2018-01-17 22:07:24+00:00,sao paulo,SP,39.9,11.73,cama_mesa_banho,51.629999999999995
06661c686ea79767c8ab8b8ffa3e62fd,2017-11-06 22:25:04+00:00,franco da rocha,SP,39.9,13.37,moveis_decoracao,53.269999999999996
0666806082c797ed8410aadc2e08f286,2017-06-29 13:40:49+00:00,mogi mirim,SP,59.9,11.92,moveis_decoracao,71.82
0667371275636232a05d55f2a8eada60,2018-07-08 12:06:00+00:00,luziania,GO,27.9,18.3,alimentos,46.2
066772e2164fd7dbdff9ded585851352,2017-03-27 22:37:36+00:00,sao paulo,SP,31.99,15.56,moveis_decoracao,47.55
066783a7a5bfa25f21a22e17c7ec9137,2017-04-22 14:01:05+00:00,brasilia,DF,49.0,16.05,telefonia,65.05
0668d086b3ae41adde3aed3dacbc8fae,2018-07-03 17:39:14+00:00,sucesso,CE,209.0,43.74,esporte_lazer,252.74
0668f439eec2e9edf7b24687cba7acd7,2017-11-30 21:34:24+00:00,rio de janeiro,RJ,149.9,14.8,esporte_lazer,164.70000000000002
06691ef50a126916cb2d45040258ee3c,2017-05-16 23:09:07+00:00,rio de janeiro,RJ,93.5,55.93,moveis_decoracao,149.43
066a60f7b0700a942ba22b627ebff13b,2018-07-17 22:44:42+00:00,sao jose de uba,RJ,119.0,18.93,relogios_presentes,137.93
066bb47ddf11dd2a74faed2b3d4d53ea,2017-04-22 20:30:16+00:00,vitoria,ES,230.0,18.61,beleza_saude,248.61
066bcda20b88b5f4d4870b32a387f822,2018-07-30 19:16:25+00:00,matao,SP,185.0,19.4,beleza_saude,204.4
066da535b01be4b26ca70864a62d92e1,2018-04-07 23:44:38+00:00,altamira,PA,1106.99,54.19,bebes,1161.18
066daea9ca27bdce0b0ef5e832427b6d,2017-07-10 22:39:00+00:00,ribeirao preto,SP,29.49,11.85,esporte_lazer,41.339999999999996
066debbd2c7642782a8fa6ec60fb6722,2017-12-04 15:17:54+00:00,figueira,PR,75.0,15.28,relogios_presentes,90.28
066e2edfc5e388bb574fda4a61911b9c,2017-11-16 00:59:02+00:00,serra,ES,48.9,18.59,alimentos_bebidas,67.49
066e583c1ef730d7f1685807bc618cf7,2017-05-28 08:42:18+00:00,sao luis,MA,39.9,21.15,fashion_bolsas_e_acessorios,61.05
066f62cf2a2ba7b1d0012bf6d4f5f0b3,2018-06-22 19:47:47+00:00,porto alegre,RS,27.9,18.3,automotivo,46.2
066fbbe8fc3345df85f0f1dc2ad03bce,2018-01-04 09:44:46+00:00,campinas,SP,26.9,14.1,bebes,41.0
066ff76c980db5a993df8048ff8fe60d,2018-05-31 19:07:22+00:00,rio claro,SP,78.0,7.41,relogios_presentes,85.41
0670e42d70788dc30446908644d4cd74,2018-02-22 11:41:40+00:00,bento goncalves,RS,59.9,15.17,esporte_lazer,75.07
06715eb38b73fdec38cd6db5aadc0214,2018-04-11 21:48:05+00:00,barueri,SP,78.0,13.45,industria_comercio_e_negocios,91.45
0671b2e93cae091a55f24e5b33705550,2017-12-09 02:35:31+00:00,brasilia,DF,39.9,18.89,moveis_decoracao,58.79
0673ea591e7c9108ba7dc1a5246111a5,2017-03-27 19:09:14+00:00,niteroi,RJ,109.0,49.28,eletroportateis,158.28
067410a773ded180052ac522f139ab41,2018-01-04 19:42:04+00:00,jau,SP,35.49,11.85,esporte_lazer,47.34
06743668e599a5ca8cfe58b46d058fc1,2018-08-10 13:22:50+00:00,goiania,GO,122.99,25.21,beleza_saude,148.2
0675116b5556a78cf0413f70aa9f235e,2017-01-19 15:21:44+00:00,rio claro,SP,79.9,11.95,cama_mesa_banho,91.85000000000001
067546963d2dc6275eb550df0482c460,2018-02-11 23:26:19+00:00,mendes,RJ,13.99,15.1,perfumaria,29.09
0675ebb5c8a8506766f55599dd95c74c,2018-06-22 11:59:29+00:00,taquara,RS,74.9,19.71,esporte_lazer,94.61000000000001
0678d595b99f7162722e241ea36f7512,2018-02-22 18:54:37+00:00,rio de janeiro,RJ,17.9,16.79,eletronicos,34.69
0679f01b97036fd74d1ee72a23c45426,2017-03-03 15:19:52+00:00,marica,RJ,99.99,28.89,ferramentas_jardim,128.88
067a8c6d7efd34e3595ef4bf1500c766,2018-01-28 09:57:54+00:00,foz do iguacu,PR,19.95,15.1,livros_interesse_geral,35.05
067bc1024a45f0e3cf23b724757e55e2,2017-05-19 01:33:50+00:00,rio de janeiro,RJ,467.0,17.02,beleza_saude,484.02
067c29bb966641e04d1d7a924aa3157c,2017-10-02 20:56:12+00:00,espera feliz,MG,59.9,17.67,automotivo,77.57
067c946a70abc2e1e8d9185ae309b48a,2017-07-07 09:20:11+00:00,jatai,GO,205.0,26.27,cama_mesa_banho,231.27
067cdcc9257641b7d0ed7a49a466dd8d,2018-08-02 15:53:58+00:00,sao lourenco da mata,PE,85.99,22.88,bebes,108.86999999999999
067ce97888318cd8d89a45bcb4adc94b,2017-10-10 17:41:27+00:00,alvorada,RS,99.99,25.54,cama_mesa_banho,125.53
067d7f81fe42137dd925344dceb47d20,2018-01-25 16:58:18+00:00,ribeirao preto,SP,69.9,13.51,utilidades_domesticas,83.41000000000001
067e0bf1a58a53c58a1e15f5143ae36e,2017-12-13 20:59:46+00:00,sao leopoldo,RS,84.99,15.35,beleza_saude,100.33999999999999
067f4abd68a2b1e0b8b158945a91680b,2018-01-24 21:39:44+00:00,sao luis,MA,69.9,44.34,esporte_lazer,114.24000000000001
067f9d27ecdd6f2af735e17be1b064ea,2018-02-25 14:11:00+00:00,pedro leopoldo,MG,97.9,16.94,eletronicos,114.84
068027bd6fbd44e949cfb70acad89b55,2017-08-14 13:26:46+00:00,guarulhos,SP,179.0,9.45,perfumaria,188.45
0680b3722414028009984ae5c04c5df0,2017-06-06 13:42:46+00:00,sao paulo,SP,219.99,9.73,beleza_saude,229.72
0681602384769af218b41f80e0808278,2018-01-22 12:38:35+00:00,alvares machado,SP,49.9,13.37,ferramentas_jardim,63.269999999999996
068176c8a0550b07cddf7e05c8d55319,2018-01-13 18:13:53+00:00,porto alegre,RS,45.8,16.11,moveis_decoracao,61.91
0681ba84087325819dc1f41d4f79701d,2018-03-26 12:36:24+00:00,joinville,SC,13.65,18.23,eletronicos,31.880000000000003
068254dc0ecdb91d62f52c658b4dd09a,2018-04-04 12:00:37+00:00,imbe,RS,31.0,19.32,moveis_decoracao,50.32
068254dc0ecdb91d62f52c658b4dd09a,2018-04-04 12:00:37+00:00,imbe,RS,39.99,19.32,construcao_ferramentas_iluminacao,59.31
068306f3ae87b774e579eb36d5714ced,2018-02-01 01:04:13+00:00,maringa,PR,120.0,50.71,ferramentas_jardim,170.71
06837ea96cf92f33a18a1f2c84c540c6,2017-11-12 13:38:18+00:00,sao paulo,SP,219.9,18.25,cama_mesa_banho,238.15
0683849d0c0146afc4977ada6e86bc88,2018-02-20 14:41:45+00:00,contagem,MG,19.9,15.1,automotivo,35.0
0683ead91c16a3b8964141bd93ec4edd,2018-04-02 09:28:28+00:00,guarulhos,SP,74.9,12.43,cama_mesa_banho,87.33000000000001
06851487bfc68744f67fbc8ad1934d43,2017-09-24 13:07:56+00:00,santo amaro de campos,RJ,99.0,34.05,ferramentas_jardim,133.05
068687bed88cddd9705b861e5ff18fec,2018-05-08 09:54:55+00:00,vargem grande paulista,SP,89.99,8.98,cool_stuff,98.97
0686d4f89fdf2b3625aa705b7ed7ac95,2018-03-17 10:41:45+00:00,sao paulo,SP,59.9,14.51,brinquedos,74.41
06875ab72c5b9bb2eb303a70031bfeb0,2018-01-11 20:04:57+00:00,sao jose dos campos,SP,39.9,7.78,fashion_bolsas_e_acessorios,47.68
0689012a897b2ac50b37994d77898bc8,2017-03-08 10:44:37+00:00,rolandia,PR,269.9,95.87,moveis_escritorio,365.77
068b0c2c80a022b71db91e7f44f5917a,2017-03-03 19:15:35+00:00,rio de janeiro,RJ,159.99,67.82,utilidades_domesticas,227.81
068b6cedb09dad00249cb7fc310bc067,2018-05-12 23:23:09+00:00,rio de janeiro,RJ,48.9,27.08,utilidades_domesticas,75.97999999999999
068b7fef63e846d22b1080f9c99f2bd4,2018-01-08 10:00:42+00:00,nova friburgo,RJ,130.0,20.15,bebes,150.15
068bd285dca5547429e81de9e95ff9cf,2018-01-14 17:25:11+00:00,socorro,SP,149.9,13.39,esporte_lazer,163.29000000000002
068c0507e1af74b156beee1db2deed7a,2017-06-26 13:23:19+00:00,tangara da serra,MT,64.9,39.44,cool_stuff,104.34
068c06f0ea08ab32e127f87aafaa834d,2017-09-12 17:48:50+00:00,rio de janeiro,RJ,99.9,17.95,cama_mesa_banho,117.85000000000001
068d0d74dbf3b124a2b65bb2aad2387a,2017-08-10 12:36:54+00:00,ribeirao preto,SP,149.9,21.54,utilidades_domesticas,171.44
068d6b1cc2388cb0c5dcff8815760818,2018-07-16 13:14:48+00:00,campo grande,MS,15.9,15.23,utilidades_domesticas,31.130000000000003
068d8eb8e288e07e76b3e86b4a793f31,2017-06-07 23:33:56+00:00,sao jose dos campos,SP,349.9,18.21,perfumaria,368.10999999999996
068ded3b756569845d5ede597fe3b9d6,2017-06-04 17:50:22+00:00,pouso alegre,MG,39.9,12.48,informatica_acessorios,52.379999999999995
068e67bb959e282e8d5a3191c5e130ab,2017-06-03 23:20:59+00:00,rio claro,SP,69.9,16.25,cama_mesa_banho,86.15
068ef03abe39323450b52f486b34bf3d,2018-06-25 19:46:59+00:00,vargem grande paulista,SP,67.0,9.78,moveis_decoracao,76.78
0690b2d9b983cf580f407531575622c5,2018-05-09 08:51:19+00:00,nova friburgo,RJ,44.0,19.32,moveis_decoracao,63.32
06911dcbbf2310bd9da4156fd3abb632,2017-09-27 16:54:54+00:00,santa barbara d'oeste,SP,148.0,14.06,esporte_lazer,162.06
06914a88cb181e922cc58fed3d198c98,2018-08-27 21:28:43+00:00,guarulhos,SP,159.0,16.41,automotivo,175.41
0691811195a83594b0377267a8050e6f,2017-07-02 23:50:22+00:00,sao paulo,SP,89.99,15.38,eletrodomesticos_2,105.36999999999999
0691840826e5dce3ddfb305ab26bcfab,2017-03-10 17:55:31+00:00,barueri,SP,89.18,12.01,moveis_decoracao,101.19000000000001
0692bac30867d1bf96c14aadbff1cf17,2017-09-09 22:29:01+00:00,sao paulo,SP,35.0,8.72,instrumentos_musicais,43.72
0693609f9dc1b3f7d53a9772e54975f2,2017-04-19 20:34:38+00:00,brasilia,DF,65.9,18.7,esporte_lazer,84.60000000000001
069370014d6465fb28770cd9449402c5,2017-11-21 20:32:21+00:00,brasilia,DF,25.27,16.11,brinquedos,41.379999999999995
0693ed674763a4fc34e2c763c7fd25c2,2017-07-03 23:28:14+00:00,nova iguacu,RJ,99.8,10.06,moveis_decoracao,109.86
0693ed674763a4fc34e2c763c7fd25c2,2017-07-03 23:28:14+00:00,nova iguacu,RJ,188.48,22.98,moveis_decoracao,211.45999999999998
069448c08929653f9280f77f9d746ee1,2018-06-29 16:34:07+00:00,itu,SP,69.9,17.62,esporte_lazer,87.52000000000001
0694819ba6eedfe7b88c187ecb440a9c,2018-02-20 12:04:26+00:00,rio de janeiro,RJ,189.9,16.09,utilidades_domesticas,205.99
069514f19868af8a75ebe98f43d33900,2018-03-26 17:30:10+00:00,penedo,AL,61.99,37.12,beleza_saude,99.11
0695bd018cbf6e999fad4c321b32d26d,2018-07-13 17:22:13+00:00,bom sucesso,MG,39.9,20.99,consoles_games,60.89
06970f3ad11e6267192d7d98af40a8f5,2017-11-27 14:18:58+00:00,bauru,SP,89.0,15.37,fashion_bolsas_e_acessorios,104.37
069872f35a2ed2d455f9b64e914dd4bd,2018-03-03 00:44:24+00:00,goiania,GO,49.95,22.67,utilidades_domesticas,72.62
069b0c9fca582b429e998f512a4c898f,2017-11-29 14:47:08+00:00,ipuiuna,MG,169.9,18.44,moveis_decoracao,188.34
069ba523744cdda8bdd148d748540487,2017-06-11 19:53:34+00:00,brasilia,DF,23.2,41.01,fashion_bolsas_e_acessorios,64.21
069ba523744cdda8bdd148d748540487,2017-06-11 19:53:34+00:00,brasilia,DF,23.2,10.25,fashion_bolsas_e_acessorios,33.45
069d3deb0a2f7dec8447aa0140aea178,2017-07-08 21:14:03+00:00,rio de janeiro,RJ,69.9,19.73,cama_mesa_banho,89.63000000000001
069d921a767dfeb76fb4a7f39bc4217c,2018-07-05 15:49:02+00:00,sao paulo,SP,144.9,13.31,moveis_escritorio,158.21
06a02b60d897c8f12fb3287e9de120e3,2018-08-14 18:33:39+00:00,vicosa,MG,65.0,18.56,relogios_presentes,83.56
06a02ea4efeed60e7e8e29a50d4bedaf,2018-01-06 17:31:40+00:00,balneario camboriu,SC,119.99,21.33,moveis_decoracao,141.32
06a05e46d787299f6277bfcb590f2ef5,2018-01-10 23:47:40+00:00,campinas,SP,100.8,58.9,esporte_lazer,159.7
06a07c0ad4e1811f48e86d2c56c7b705,2017-09-10 14:06:28+00:00,jundiai,SP,205.0,14.45,esporte_lazer,219.45
06a10466a6e3befcdcb37637948fea4a,2017-12-07 15:26:51+00:00,natal,RN,34.0,8.27,livros_interesse_geral,42.269999999999996
06a1b81d611c5616272de7c53c41472e,2018-02-11 18:47:36+00:00,sao bernardo do campo,SP,108.9,10.18,construcao_ferramentas_construcao,119.08000000000001
06a1cb50e0911f3b04b4f43fc7beb5a7,2018-08-20 14:16:35+00:00,sao paulo,SP,39.9,19.19,perfumaria,59.09
06a31d324c43e3350e4a83fb663c151a,2018-07-04 10:59:51+00:00,alagoinhas,BA,124.9,27.82,cama_mesa_banho,152.72
06a398a5e672222b10f098541b70da76,2018-08-09 06:54:16+00:00,fortaleza,CE,65.0,27.23,bebes,92.23
06a3bd42be69cdf39cd785d311b54a45,2017-09-19 15:39:10+00:00,campinas,SP,149.9,15.8,fashion_bolsas_e_acessorios,165.70000000000002
06a521049a08d59361b1ae229b3efcc7,2017-07-07 19:25:39+00:00,cachoeira paulista,SP,99.99,13.72,cool_stuff,113.71
06a55b1772ae6b58d1483030c97629ae,2018-03-02 18:09:49+00:00,belo horizonte,MG,69.9,17.74,cama_mesa_banho,87.64
06a63f38cc8f4de325c456f6843c7ff0,2018-03-23 15:44:26+00:00,nova iguacu,RJ,53.99,15.26,informatica_acessorios,69.25
06a6627d9cc91a04e9d146bf65fee0a2,2017-07-16 10:27:45+00:00,mairipora,SP,99.9,13.72,cama_mesa_banho,113.62
06a702a3caf8f33af30200f804d877ec,2018-03-21 10:36:52+00:00,porto alegre,RS,76.9,18.42,esporte_lazer,95.32000000000001
06a77bcbebf5a85ba493f627e03980d6,2017-03-27 19:57:16+00:00,lavras,MG,299.0,24.38,moveis_decoracao,323.38
06a7cc29c9ea73fb0e7d4dc3d9284a76,2017-11-24 22:46:29+00:00,santo andre,SP,39.9,13.37,casa_construcao,53.269999999999996
06a7f7a7fc6a846c853dd6f52a81be06,2017-02-12 21:40:53+00:00,santa fe do sul,SP,14.2,10.96,papelaria,25.16
06a84b737d3839803dfc2e1a7e740d2c,2018-01-31 14:41:00+00:00,pindobacu,BA,79.9,29.6,artigos_de_natal,109.5
06a9ff8c19b2d371a45c48568283929b,2018-02-05 11:19:38+00:00,salvador,BA,32.2,16.92,cama_mesa_banho,49.120000000000005
06aa0aa8c22027ebb953d501c4238512,2018-04-25 19:43:19+00:00,sao paulo,SP,69.9,8.88,cama_mesa_banho,78.78
06ab29b4849c4417bdac17b1e8a6e482,2018-01-09 09:23:33+00:00,piracicaba,SP,97.9,11.89,eletronicos,109.79
06ac7ebfcfa33f6656f031deaaf74a05,2018-03-16 23:01:08+00:00,florida paulista,SP,147.9,13.48,pet_shop,161.38
06ad94997dd34a7c2186b82d8e9be6a5,2017-06-15 16:02:23+00:00,salvador,BA,59.9,16.86,cama_mesa_banho,76.75999999999999
06adc78b559bb5077b7748618fb45c17,2017-08-31 11:56:14+00:00,curitiba,PR,105.99,14.49,consoles_games,120.47999999999999
06addb9b5cc9c47e661a6eed12276418,2018-02-25 13:56:55+00:00,maceio,AL,179.0,81.42,ferramentas_jardim,260.42
06ae350afd844b7e1dc14f9322504baf,2017-07-09 15:41:33+00:00,recife,PE,24.9,25.63,cama_mesa_banho,50.53
06ae7271902bbb087fc093137fee6e81,2018-01-19 21:07:32+00:00,sao goncalo,RJ,79.0,17.8,papelaria,96.8
06aea78197dd41a649372acb8dbc33fb,2017-10-03 10:00:51+00:00,sao paulo,SP,34.2,11.73,utilidades_domesticas,45.93000000000001
06afc1144eb9f51ef2aa90ec9223c7f4,2018-08-15 17:13:07+00:00,sao jose do cedro,SC,129.9,23.71,cama_mesa_banho,153.61
06b0687cad7d69a9dc347dccb3cbe169,2018-02-02 22:10:33+00:00,sao paulo,SP,45.9,15.98,moveis_decoracao,61.879999999999995
06b0e5a0e09e97a92ab2614c36c4bea6,2018-05-03 14:32:27+00:00,rio de janeiro,RJ,125.0,21.95,utilidades_domesticas,146.95
06b196454b51b7191c7e2eb44ea77717,2017-11-24 22:04:26+00:00,balneario gaivota,SC,23.4,15.1,esporte_lazer,38.5
06b29dbcb820a53c15525933a91ada27,2017-10-16 22:33:02+00:00,osasco,SP,96.99,13.7,informatica_acessorios,110.69
06b2c7035561ef12b16045ef4bf459e2,2017-07-05 07:54:14+00:00,forquilhinha,SC,52.9,15.12,utilidades_domesticas,68.02
06b39bf7a5569f632e2ba8b3bb03498f,2017-10-20 09:50:46+00:00,santo anastacio,SP,160.0,18.69,construcao_ferramentas_seguranca,178.69
06b491ece3a9bd260341c1ad36870e8b,2017-06-01 20:38:54+00:00,queimados,RJ,14.9,16.79,eletronicos,31.689999999999998
06b54aee2ec1ca4bd7a460c7d256cce1,2018-04-17 10:16:18+00:00,varginha,MG,29.1,26.43,eletronicos,55.53
06b5d30491b14242caca6d7090f29771,2018-06-07 12:16:23+00:00,rio de janeiro,RJ,14.89,17.06,eletronicos,31.95
06b6cf307813747b1a6aa2c381dbe32f,2018-02-27 13:48:57+00:00,sao paulo,SP,93.49,14.05,esporte_lazer,107.53999999999999
06b709d62777971bc95e6c32886f3ddc,2018-04-20 20:36:31+00:00,rio de janeiro,RJ,159.9,31.77,construcao_ferramentas_construcao,191.67000000000002
06b7229726fb71407516395c69b6172a,2018-07-31 10:19:27+00:00,macae,RJ,65.9,22.39,informatica_acessorios,88.29
06b7df1d1d3dd3e36628fc7078908592,2018-04-28 11:34:46+00:00,sao paulo,SP,191.0,9.63,esporte_lazer,200.63
06b8cdbbc86d64ea69af76036c523827,2018-07-19 04:33:57+00:00,santos,SP,22.9,7.42,eletroportateis,30.32
06b92ba9145c3323e26ec7e27b35375f,2018-01-21 22:29:04+00:00,osasco,SP,83.9,13.61,moveis_decoracao,97.51
06ba77893723a9357f7e681bf336fb2c,2018-07-18 12:13:41+00:00,belem,PA,44.99,19.23,informatica_acessorios,64.22
06ba8c77c2419a72756b5660b04e3188,2018-08-14 09:31:29+00:00,santa helena,MA,179.9,51.98,informatica_acessorios,231.88
06ba91cdc30ac6c7181e933cf2135932,2017-12-04 15:59:52+00:00,niteroi,RJ,206.9,34.81,eletrodomesticos_2,241.71
06bad3a130e91f7b26791dba22abc0f5,2018-02-09 17:21:15+00:00,santa cruz de salinas,MG,165.0,17.63,utilidades_domesticas,182.63
06bafdd8b6d0b5befb44337a7674a1ec,2018-02-10 11:48:42+00:00,artur nogueira,SP,79.0,12.05,esporte_lazer,91.05
06bb67936cfa5ac3f449e4f6733de4b1,2018-06-10 17:36:44+00:00,goiania,GO,69.9,20.22,cama_mesa_banho,90.12
06bc7036f4e52afa8213176211d6ebba,2018-08-07 11:08:37+00:00,brasilia,DF,79.9,15.66,perfumaria,95.56
06bcb1eee2b6edb6351525274d3246f3,2018-01-04 10:19:42+00:00,sao paulo,SP,76.5,12.88,cama_mesa_banho,89.38
06bd462509d378184b5aedc7d5ab4a18,2017-11-15 22:29:03+00:00,campos dos goytacazes,RJ,135.0,18.2,cama_mesa_banho,153.2
06bd4e8d281ae8780eadabe2f8886368,2018-08-15 11:24:01+00:00,coronel vivida,PR,99.0,18.79,eletrodomesticos,117.78999999999999
06be68018b6226b425f2a633f053b282,2018-01-14 10:14:35+00:00,blumenau,SC,159.0,21.6,cama_mesa_banho,180.6
06be8b2c2a6e818814aa5416c3512ca3,2018-07-23 22:05:53+00:00,sao leopoldo,RS,27.99,15.3,telefonia,43.29
06c04e62348d799e4c410955a5b5ac54,2018-05-16 12:50:33+00:00,corinto,MG,79.9,19.53,automotivo,99.43
06c07d5b2696b9631375e2877c955b3b,2017-11-06 18:08:17+00:00,cotia,SP,99.0,33.08,ferramentas_jardim,132.07999999999998
06c0d448cbbe294852cab1310c63ab3b,2018-04-22 20:19:12+00:00,sao jose dos pinhais,PR,149.9,22.27,cama_mesa_banho,172.17000000000002
06c0d448cbbe294852cab1310c63ab3b,2018-04-22 20:19:12+00:00,sao jose dos pinhais,PR,189.9,22.27,cama_mesa_banho,212.17000000000002
06c1184eaca6e3877347f38cfe926100,2017-11-28 19:29:11+00:00,santos,SP,250.0,28.19,moveis_decoracao,278.19
06c17d1278ee3d265f881df4a58f11d3,2018-08-14 13:01:18+00:00,santana do livramento,RS,24.2,56.65,utilidades_domesticas,80.85
06c28b87569a91a7c96e7f62e828827b,2017-07-24 23:21:33+00:00,valinhos,SP,480.0,31.74,moveis_quarto,511.74
06c2f55902daa48386515225a766e7d1,2017-12-08 19:02:53+00:00,franca,SP,99.9,16.46,brinquedos,116.36000000000001
06c31507077733735c9c4593fec6e386,2018-01-08 10:25:53+00:00,sao paulo,SP,79.99,14.31,pet_shop,94.3
06c4d1be000d2b0d30d56ff06dab667d,2018-02-08 21:53:13+00:00,sao paulo,SP,18.95,12.48,utilidades_domesticas,31.43
06c5e0b010707e400bcc627771a27226,2018-03-26 16:53:54+00:00,sumidouro,RJ,119.7,14.78,perfumaria,134.48
06c5eb90406de0ba873e721e9182ecfd,2018-06-12 08:46:10+00:00,londrina,PR,299.0,43.07,cama_mesa_banho,342.07
06c6a92df74580db95364b36aeb8f5b9,2017-05-17 19:12:15+00:00,cacador,SC,34.99,12.6,ferramentas_jardim,47.59
06c7208cefd133b492daeccba355ab99,2018-03-27 15:19:06+00:00,sao paulo,SP,32.99,17.06,automotivo,50.05
06c82be9b8551eb37a9b8e7e05dec631,2017-07-11 14:27:14+00:00,palotina,PR,83.99,16.35,informatica_acessorios,100.34
06c8b01414c769ebb36a9cd0fdb97baf,2018-01-25 22:30:19+00:00,sao paulo,SP,79.9,9.37,brinquedos,89.27000000000001
06c94a45382f44abb2968a87bcee9bcf,2017-12-10 13:55:22+00:00,belo horizonte,MG,122.99,14.61,Unknown,137.6
06c9818464bb97d2f13568dd66e904a9,2018-02-16 13:17:13+00:00,sao paulo,SP,549.0,21.56,agro_industria_e_comercio,570.56
06c9d7fdab61bfa60de3edd9ec99a28b,2018-04-03 14:13:38+00:00,ponta grossa,PR,139.99,23.56,automotivo,163.55
06ca213ef85421d96ee0fe529d0f5885,2017-07-11 16:36:24+00:00,rio de janeiro,RJ,45.0,16.11,brinquedos,61.11
06ca6a54b34081bd1f5b84385021ac78,2017-10-27 11:30:51+00:00,indaiatuba,SP,89.9,11.83,moveis_decoracao,101.73
06caf4b0e55d9bc015a91fa77432a1cb,2017-03-11 11:42:16+00:00,brasilia,DF,25.0,15.65,telefonia,40.65
06cbf106e272a3ec4e936665d4489591,2017-11-29 16:14:04+00:00,sao jose,SC,190.9,16.09,audio,206.99
06cc09320698aa17c751e20ac00ba7af,2018-01-05 16:18:53+00:00,curitiba,PR,61.5,13.58,moveis_escritorio,75.08
06cc5452c0a830d345b93a5385ee310e,2018-07-24 01:06:38+00:00,carapicuiba,SP,7.99,7.39,automotivo,15.379999999999999
06cc571b0a86a28fa19139270e4d3aea,2018-04-11 17:29:35+00:00,vila langaro,RS,13.65,18.23,eletronicos,31.880000000000003
06cd82bdf375dc9782609dad1a1d1d0b,2018-02-21 14:42:21+00:00,jequitiba,MG,197.0,14.4,informatica_acessorios,211.4
06cd9d207dfbdde70cff4074b5b3dfaf,2018-06-04 09:15:35+00:00,nilopolis,RJ,77.1,23.12,malas_acessorios,100.22
06d1315b8f0db57ee04b47b21db6626c,2018-07-15 18:16:31+00:00,ribeirao preto,SP,155.97,13.75,relogios_presentes,169.72
06d4759251d186697714a0c1a3fccb0c,2018-08-16 10:08:22+00:00,itaborai,RJ,199.0,21.66,telefonia,220.66
06d5cbe68295558fd6c48998db3ea397,2018-03-27 14:04:31+00:00,sao paulo,SP,39.0,4.9,utilidades_domesticas,43.9
06d5cbe68295558fd6c48998db3ea397,2018-03-27 14:04:31+00:00,sao paulo,SP,33.0,12.24,utilidades_domesticas,45.24
06d5cbe68295558fd6c48998db3ea397,2018-03-27 14:04:31+00:00,sao paulo,SP,51.0,12.48,alimentos_bebidas,63.480000000000004
06d614f169d6f1a04c85b382d4bd462c,2017-11-24 08:25:10+00:00,juiz de fora,MG,359.9,14.52,perfumaria,374.41999999999996
06d68cf3fe78e8d27c1047fe0346abc4,2017-07-19 14:48:00+00:00,sao paulo,SP,59.9,9.94,cama_mesa_banho,69.84
06d6b5a626ba890f56dae296e1384f75,2018-02-05 19:28:53+00:00,panambi,RS,150.0,15.8,beleza_saude,165.8
06d6f2f9ce499ed49d414ff36f583abf,2018-08-16 13:08:15+00:00,sao paulo,SP,134.99,23.75,esporte_lazer,158.74
06d74ea6a80deeb7e69a3b1d5bfb9585,2017-08-27 11:31:11+00:00,santo andre,SP,99.9,17.95,cama_mesa_banho,117.85000000000001
06d77e4ba21f283252286b6a72fb8fe2,2018-07-06 02:04:02+00:00,caieiras,SP,78.0,18.35,utilidades_domesticas,96.35
06d7e8a85f5cfef576c5303ed7d7f2e5,2016-10-07 12:06:30+00:00,coromandel,MG,49.0,14.72,cool_stuff,63.72
06d7e8cde0488b6d0b67852d2295368e,2017-11-30 20:12:05+00:00,sao paulo,SP,49.9,9.34,utilidades_domesticas,59.239999999999995
06d8cb692ed19b092adaaf5337d01a39,2018-08-03 10:50:18+00:00,belo horizonte,MG,199.9,27.7,cama_mesa_banho,227.6
06d991e11738ba4a916a39cafdc75bff,2018-02-28 12:07:29+00:00,cuiaba,MT,535.9,37.55,beleza_saude,573.4499999999999
06d9e69034388abf6da64378e10737b8,2018-07-30 10:42:40+00:00,ilheus,BA,100.0,23.85,cama_mesa_banho,123.85
06da8e499e3e6c47151b945f8c9eaab3,2017-06-28 18:09:28+00:00,rio de janeiro,RJ,799.95,20.67,climatizacao,820.62
06daa9224cad114ece451ff00c20d49f,2018-08-19 17:11:58+00:00,sao paulo,SP,80.9,8.73,alimentos,89.63000000000001
06db57a9e774a7fbdb7c8ee188baef65,2017-10-17 14:02:53+00:00,jaragua do sul,SC,56.99,15.15,perfumaria,72.14
06dc4c865466794eb744032dc81b2c3f,2017-04-24 00:15:05+00:00,miguel pereira,RJ,99.99,14.87,consoles_games,114.86
06de165212eea16e848d38f4392d5c11,2017-06-19 16:11:57+00:00,luziania,GO,19.9,15.1,informatica_acessorios,35.0
06debbd4d40f6d36dc28c4f7dc647c1b,2018-04-03 21:16:27+00:00,sao bernardo do campo,SP,129.9,18.49,brinquedos,148.39000000000001
06dec2690e0cd75d327646a81fdba74d,2017-01-29 14:30:57+00:00,registro,SP,309.9,18.0,perfumaria,327.9
06e084d4ca3391eeec0a110051d0cb29,2017-10-17 22:17:02+00:00,recife,PE,79.9,27.1,cool_stuff,107.0
06e15cff14f4bc72fac07dd6e6518113,2017-12-21 00:13:17+00:00,ribeirao preto,SP,39.0,12.69,utilidades_domesticas,51.69
06e168d9ebbe911b7113e44536929f11,2018-01-03 20:29:39+00:00,rio de janeiro,RJ,125.0,49.4,papelaria,174.4
06e30282882c8f52575603b55ed877ce,2018-05-18 00:35:17+00:00,sao paulo,SP,79.9,19.53,utilidades_domesticas,99.43
06e4e324b83309e575442446e34377d7,2017-06-21 22:40:33+00:00,piracicaba,SP,99.9,22.7,malas_acessorios,122.60000000000001
06e72b5b111756079f63cf67445db61a,2017-06-18 20:37:30+00:00,paulinia,SP,39.9,8.72,Unknown,48.62
06e83e2884ecfcff09067ddaef752b49,2017-11-27 19:23:26+00:00,gravatai,RS,109.9,17.02,bebes,126.92
06e93d3bf0469b969d3eb95a8d55d68f,2018-02-19 10:52:32+00:00,sao paulo,SP,115.0,9.62,cama_mesa_banho,124.62
06eb87385425e5797a1a5c2cdb1b6559,2017-09-01 18:53:08+00:00,brasilia,DF,199.9,26.24,cama_mesa_banho,226.14000000000001
06ebe0964f3c6ad099d9117fb1e66980,2017-10-16 23:09:52+00:00,patos de minas,MG,239.99,22.17,cool_stuff,262.16
06ec25371486403c9aa7249f067fc5aa,2018-03-16 00:00:33+00:00,vassouras,RJ,119.99,26.92,brinquedos,146.91
06ecfa8dfae87263e05d953aa561603d,2018-08-15 14:01:47+00:00,sao bento do sul,SC,107.9,23.56,automotivo,131.46
06ed17679c8b0ff15675069ab6217783,2017-05-28 09:37:43+00:00,sao paulo,SP,169.0,8.44,perfumaria,177.44
06eda05597492635e3b91e00aa434332,2017-05-22 23:20:39+00:00,brasilia,DF,199.99,16.15,esporte_lazer,216.14000000000001
06eed67b7a87cac349143f3319c2b9fe,2018-08-10 09:09:10+00:00,caldas brandao,PB,139.0,53.32,automotivo,192.32
06ef029fb5e8d178fae15f909432ccc7,2018-05-11 11:03:37+00:00,niteroi,RJ,19.5,15.23,moveis_decoracao,34.730000000000004
06ef1c484cc535575da1724b5c6b913a,2018-04-07 14:16:38+00:00,rio de janeiro,RJ,18.45,18.23,eletrodomesticos,36.68
06efe66e043ee5d43f8d6edcba44d653,2018-02-04 08:59:46+00:00,porto alegre,RS,50.0,14.1,utilidades_domesticas,64.1
06f0522e3c0dd8f8ea7a738176844f04,2018-06-22 15:12:55+00:00,maua,SP,58.9,14.72,automotivo,73.62
06f0ad130c4b691011f1a12a33649a2b,2018-03-24 15:13:30+00:00,sao paulo,SP,89.9,7.49,brinquedos,97.39
06f157e2c7fe91f2e7ae8d344c6fd456,2017-08-26 22:27:16+00:00,itapevi,SP,179.0,14.27,papelaria,193.27
06f2e7e5aa8764a77b596c6eb6d56fd6,2017-10-11 15:17:38+00:00,bonito de minas,MG,99.99,15.45,esporte_lazer,115.44
06f3401b97e4d89032cbd5ac7670247c,2018-04-26 23:10:33+00:00,brodowski,SP,148.0,23.62,moveis_decoracao,171.62
06f38dfd220e723c33a775d36f5d2756,2018-07-02 11:01:16+00:00,petropolis,RJ,299.99,29.05,moveis_decoracao,329.04
06f39c67a9d68f76a8bfdb092852829f,2018-07-04 18:14:57+00:00,acaiaca,MG,135.0,27.9,esporte_lazer,162.9
06f40352396b73ac65b6a2059d70441c,2018-02-12 17:21:08+00:00,sao paulo,SP,95.15,12.8,informatica_acessorios,107.95
06f4b63a078dd3d2ca46e379c2ab419e,2017-06-23 17:36:41+00:00,sumare,SP,49.9,8.27,informatica_acessorios,58.17
06f4be78b76ba6a42605efa4ce7544d7,2017-02-07 16:34:29+00:00,nova iguacu,RJ,136.97,31.7,moveis_escritorio,168.67
06f539e73d3a46feae1fa4667cc82f98,2018-01-27 16:04:30+00:00,piracicaba,SP,49.0,7.78,relogios_presentes,56.78
06f544e5c7afe6215b9e2a26b4f08442,2018-04-12 10:23:19+00:00,aparecida de goiania,GO,117.3,21.73,automotivo,139.03
06f5f6139b33f53defc64643f1252d53,2017-01-17 14:50:19+00:00,blumenau,SC,44.9,15.56,perfumaria,60.46
06f66faa834248ccd67fa52058285d27,2018-08-08 21:39:41+00:00,itu,SP,29.9,18.31,fashion_bolsas_e_acessorios,48.209999999999994
06f69fec6e098f6350cefea19ca51ff4,2018-07-05 11:52:08+00:00,brasilia,DF,79.9,23.36,cama_mesa_banho,103.26
06f8ee6a5ff26786c382b4fcf5b8ebe7,2018-01-31 01:28:37+00:00,rio de janeiro,RJ,121.97,17.1,cama_mesa_banho,139.07
06f9b3a828a976a2fca71a4ebf55b1b2,2017-12-04 13:31:13+00:00,niteroi,RJ,39.99,14.1,telefonia,54.09
06fa245bf2ac2f602be83224fc55ae39,2017-06-15 19:44:13+00:00,conselheiro pena,MG,65.9,16.22,ferramentas_jardim,82.12
06fa97ae36cda18a1e8ea370f3f2edf7,2017-12-07 18:49:28+00:00,belo horizonte,MG,49.9,14.1,esporte_lazer,64.0
06fc554a38ed6385ac2b121049b5cad5,2018-06-26 13:30:57+00:00,atibaia,SP,35.0,8.41,utilidades_domesticas,43.41
06fec3f6e9e72edb698e63c30a8f027f,2018-06-14 14:55:23+00:00,maceio,AL,79.9,57.33,cama_mesa_banho,137.23000000000002
06fef28288938378d269904800db589f,2018-08-22 14:30:15+00:00,bauru,SP,99.99,44.5,ferramentas_jardim,144.49
06fef7fd666bfeff415e544f1648a7de,2018-01-25 12:13:46+00:00,brasilia,DF,29.99,14.1,telefonia,44.089999999999996
06ff6cb289c9f1d1ccacc6764874e3c2,2017-08-15 22:42:16+00:00,socorro,SP,42.79,15.1,informatica_acessorios,57.89
06ff862a85c2402aa52dc9edf150bf30,2017-11-30 13:31:08+00:00,fortaleza,CE,41.9,17.63,informatica_acessorios,59.53
06ffc260a153bba52d82a18f91e8f760,2018-01-16 08:57:33+00:00,brasilia,DF,150.0,15.8,beleza_saude,165.8
0700a8e0947d76a90800538ff87da453,2018-04-22 11:26:58+00:00,aracruz,ES,15.0,18.23,eletronicos,33.230000000000004
0700ebb6d2f93a025b6ba09074cb57c2,2017-04-12 13:07:44+00:00,rio de janeiro,RJ,329.9,33.05,moveis_sala,362.95
07015ec9fa46c951514edc46a108d719,2017-12-30 18:25:34+00:00,duque de caxias,RJ,49.9,18.0,ferramentas_jardim,67.9
070162e1ae6ad420c0766af516a31a5b,2018-06-21 17:43:57+00:00,brasilia,DF,69.9,26.79,esporte_lazer,96.69
070492c570207c7d9207ed0eb2254ec7,2018-05-03 10:16:09+00:00,tupa,SP,138.0,18.85,relogios_presentes,156.85
07055a132b3dcf9a44b88259dea3e3b5,2017-10-27 13:19:24+00:00,rio de janeiro,RJ,44.9,14.1,brinquedos,59.0
0705d1148d3c3d342f1a8c8ad33e5d3f,2017-11-26 22:34:08+00:00,rio de janeiro,RJ,99.9,17.95,cama_mesa_banho,117.85000000000001
070678021e2517b12a66622b99dca958,2017-09-05 18:51:14+00:00,fortaleza,CE,25.99,17.63,telefonia,43.62
07068f92ceede34d93d6dd0b5117feef,2017-04-09 23:37:46+00:00,angra dos reis,RJ,42.99,14.52,brinquedos,57.510000000000005
0707e2f91c707859b79e711d852150c8,2017-03-24 00:40:13+00:00,brasilia,DF,36.9,16.05,informatica_acessorios,52.95
07083f97580544bb7ba3372759150f49,2018-03-27 16:11:29+00:00,brumadinho,MG,18.75,17.06,moveis_decoracao,35.81
0708e6a0b38282fbfed40eccdaa4a597,2018-05-09 14:37:05+00:00,guariba,SP,39.9,18.23,fashion_bolsas_e_acessorios,58.129999999999995
070a5949c100efc1ad56b852f5a278d0,2018-01-19 17:30:52+00:00,itajai,SC,135.9,18.2,papelaria,154.1
070a62ae87136bfbe6ef6d0e2883cda5,2018-06-23 19:34:03+00:00,cuiaba,MT,299.0,44.37,cool_stuff,343.37
070a76f4c338fe3cda93745a22e51270,2017-12-31 23:29:31+00:00,erechim,RS,49.0,15.1,relogios_presentes,64.1
070a8baa5e3a99e5eff94da597b78fa1,2018-06-11 23:16:52+00:00,sao paulo,SP,69.9,18.29,cama_mesa_banho,88.19
070b4a621a6d06dcff9122e5c04b353a,2017-09-10 09:30:28+00:00,franco da rocha,SP,219.99,22.34,telefonia,242.33
070b9bc7d401021bcb0d4d7413bb233a,2018-08-08 12:03:37+00:00,belo horizonte,MG,148.0,17.97,esporte_lazer,165.97
070c8ff950e077ba4948ef4db4733b74,2018-03-30 12:57:00+00:00,campo belo,MG,18.9,18.23,eletronicos,37.129999999999995
070cc53897ed4829689c415f99d37c3e,2018-05-16 16:00:21+00:00,sao paulo,SP,19.9,16.32,ferramentas_jardim,36.22
070d0196420dc138bcfaa72cb10eea02,2017-11-25 13:10:33+00:00,suzano,SP,144.99,12.22,cool_stuff,157.21
070d0ddec60c0e00d7df9483988d55e2,2017-02-27 09:49:06+00:00,palmas,PR,259.99,24.46,cama_mesa_banho,284.45
070d6fe21e7d454b11f1cb27ca2c15c0,2017-08-05 09:08:55+00:00,vila velha,ES,99.0,19.23,cool_stuff,118.23
070f532c26f2505352210937089dfc79,2017-09-14 07:12:52+00:00,tatui,SP,119.9,28.22,esporte_lazer,148.12
070f721954fa2416856b2b30e3c3c341,2018-04-02 14:44:51+00:00,aurora,SC,94.0,20.42,informatica_acessorios,114.42
070f721954fa2416856b2b30e3c3c341,2018-04-02 14:44:51+00:00,aurora,SC,88.0,16.61,informatica_acessorios,104.61
070fcffce3b0a655482d4f5f11607599,2018-07-19 04:16:59+00:00,dourados,MS,140.0,23.78,bebes,163.78
0710ec94ade6724b0816df78ee4e689f,2018-06-28 08:56:40+00:00,guarulhos,SP,14.0,7.39,esporte_lazer,21.39
0711187b308dcd4265872d4d1b565b06,2018-02-25 19:25:59+00:00,brasilia,DF,99.9,21.1,ferramentas_jardim,121.0
0711b9c575a5235790c3f863179c3267,2018-06-01 08:21:03+00:00,sao joao nepomuceno,MG,130.0,23.49,utilidades_domesticas,153.49
07120a6d39e99f6aec742cfa39ab4cac,2018-01-19 07:27:23+00:00,santa rosa de lima,SC,104.9,16.49,esporte_lazer,121.39
071251fe3b3493294536f03737a8a679,2017-10-26 12:26:44+00:00,campinas,SP,12.49,15.1,ferramentas_jardim,27.59
0712d5a2573948df98ba556ab362ef06,2018-08-22 16:52:17+00:00,chapada do norte,MG,104.0,18.83,relogios_presentes,122.83
0713892246596f649555ebebe57a9a7b,2017-11-03 19:23:19+00:00,vargem grande do sul,SP,89.9,13.65,casa_conforto,103.55000000000001
0713f1dd3cdb0f62e71d9a1f01c2bc0b,2017-08-01 07:31:32+00:00,cascavel,PR,349.9,15.47,beleza_saude,365.37
071429b44ba39c70ea22550070670c00,2017-10-25 11:21:01+00:00,teofilo otoni,MG,105.0,28.11,informatica_acessorios,133.11
07144524b0b12343da7f0e7227dcb28d,2017-12-11 13:49:08+00:00,sao jose,SC,84.99,15.35,beleza_saude,100.33999999999999
0714c5e5a4887535cbf5a60cbab73fe4,2018-03-24 18:20:15+00:00,sao paulo,SP,29.9,7.71,beleza_saude,37.61
071516a72b8a838c15842568d1b995f9,2018-06-11 18:43:32+00:00,cafelandia,PR,135.0,16.02,esporte_lazer,151.02
07156fa55794dec196d72e6d8b07339a,2018-08-18 13:32:36+00:00,santos,SP,120.49,13.14,beleza_saude,133.63
07159640598ab46b708279254ec3be0f,2018-06-26 08:06:50+00:00,sao paulo,SP,23.9,7.43,beleza_saude,31.33
0715dfcf2383aa72c181d8b47f6cb589,2018-02-14 11:43:41+00:00,marau,RS,76.0,21.02,industria_comercio_e_negocios,97.02
07161bfb5748163ca6d0478bda1b0a5a,2017-03-31 21:18:25+00:00,mariana,MG,17.99,14.52,telefonia,32.51
07166782eef2ad2a57e415ec606fa7c3,2018-05-06 23:00:21+00:00,maua,SP,19.99,7.39,informatica_acessorios,27.38
0716d86faf8bd36dcb5bdaee6777b272,2017-05-20 11:37:34+00:00,sao paulo,SP,32.8,14.1,esporte_lazer,46.9
07172761566bda50929a3b449eae02ee,2018-03-17 17:22:42+00:00,presidente prudente,SP,56.97,12.8,alimentos,69.77
071773cf1c4d6c91cce83af65b9f8fff,2018-07-28 10:25:00+00:00,sao paulo,SP,53.9,9.13,perfumaria,63.03
07182ece031138fc6c7f81b60b1eb329,2018-04-16 01:48:45+00:00,araraquara,SP,43.8,14.44,cama_mesa_banho,58.239999999999995
0718634f87a84ae0468224ecca3584d1,2018-08-20 17:33:26+00:00,miguelopolis,SP,139.0,18.1,cama_mesa_banho,157.1
0718c5bbf159e96715ef033576c56316,2017-08-06 14:01:30+00:00,salvador,BA,93.99,35.18,moveis_decoracao,129.17
0719c4577b69cf807be736608c144bc8,2018-01-20 20:10:56+00:00,florianopolis,SC,59.99,22.74,moveis_sala,82.73
071a4b7cb627e6acfcbde9c7ec233893,2017-06-07 16:32:26+00:00,rio de janeiro,RJ,49.59,16.6,Unknown,66.19
071b93a866ff2f7302f456e6bba8c9c7,2018-04-24 22:53:20+00:00,farroupilha,RS,77.0,23.12,agro_industria_e_comercio,100.12
071be1c98f3a6f467d8e472d94350db8,2018-08-07 01:19:24+00:00,pitangui,MG,199.9,50.36,papelaria,250.26
071be1c98f3a6f467d8e472d94350db8,2018-08-07 01:19:24+00:00,pitangui,MG,158.26,24.18,malas_acessorios,182.44
071cf21dda000c6ce3b50a56374b1b89,2018-06-12 09:46:19+00:00,pelotas,RS,149.9,60.28,bebes,210.18
071d4951a2505f0880cf9db3a48e21f6,2017-09-12 22:25:24+00:00,sao joao de meriti,RJ,34.99,14.1,beleza_saude,49.09
071d86b8fc66cad2d0bb93775be89392,2017-12-28 20:45:13+00:00,uaua,BA,84.99,18.16,beleza_saude,103.14999999999999
071deb193a4682621c819936d21ae127,2017-11-21 13:22:00+00:00,guarulhos,SP,69.99,2.66,cool_stuff,72.64999999999999
071deb193a4682621c819936d21ae127,2017-11-21 13:22:00+00:00,guarulhos,SP,42.99,17.73,telefonia,60.72
071f0c6c7702218addddcbef0d46f76a,2018-05-22 22:17:10+00:00,barueri,SP,49.9,13.71,cama_mesa_banho,63.61
071ff3583bbaab9f38f020af7006a3d4,2017-04-05 17:58:31+00:00,catanduva,SP,29.6,11.74,cama_mesa_banho,41.34
0721528eb05d8e5bd84d8220c5d4de19,2018-04-05 22:48:51+00:00,sao paulo,SP,87.67,14.4,relogios_presentes,102.07000000000001
07220c39eb26068368e675009154d635,2018-03-18 23:08:34+00:00,niteroi,RJ,136.0,18.83,perfumaria,154.82999999999998
07242ddf6ad8487cbbb700fd9ca45906,2018-02-25 19:54:16+00:00,salvador,BA,28.49,16.79,automotivo,45.28
07242eb6740fc0feb5044eda405a4782,2018-06-08 09:59:30+00:00,sao jose dos campos,SP,110.32,7.96,beleza_saude,118.27999999999999
0724cc371750e7fdfe769d2a8bdd5b92,2018-01-19 15:14:29+00:00,sao paulo,SP,159.0,25.95,informatica_acessorios,184.95
0724f5287d69b7a3fbcf9ab02054ca4a,2017-12-02 13:51:42+00:00,manaus,AM,45.0,27.2,pet_shop,72.2
072500f428180f8c177181dd1e027d5b,2018-02-22 14:14:10+00:00,rio de janeiro,RJ,70.0,17.77,bebes,87.77
0725532304d0cfa92301860fe3075a28,2018-08-02 12:05:30+00:00,sao paulo,SP,35.0,8.41,artigos_de_natal,43.41
072577283d9ec2718f05c37d141d65de,2017-09-22 09:01:26+00:00,sao paulo,SP,75.0,7.78,brinquedos,82.78
0725ad25260ef550bc00be1179252efe,2018-06-08 09:34:48+00:00,sao paulo,SP,12.9,12.79,casa_conforto_2,25.689999999999998
07261a56ea5f8537a7bc47d5155d2f40,2017-03-24 14:40:58+00:00,cariacica,ES,59.0,16.11,fashion_bolsas_e_acessorios,75.11
0726665518da3a4e1b9efff4de0089fc,2017-06-01 10:41:56+00:00,sao paulo,SP,44.5,7.78,utilidades_domesticas,52.28
07279e06272270e7cb604d1901a4f374,2018-07-11 00:47:20+00:00,urbano santos,MA,90.0,51.35,pet_shop,141.35
072916d00b6a53edec9ccdb3eba1bdf4,2017-09-14 16:21:19+00:00,alcantara,MA,212.4,20.03,telefonia,232.43
07294ed0ece67bb004a4813c77dfc3e3,2018-07-17 20:20:46+00:00,indaial,SC,45.97,19.51,construcao_ferramentas_construcao,65.48
072a8923b88a4247c16f4c0bca2f3177,2018-01-09 20:47:36+00:00,sao paulo,SP,29.49,7.78,beleza_saude,37.269999999999996
072b97d5244a16a4573ad547ea7d15b4,2018-04-22 20:07:53+00:00,taubate,SP,49.99,23.07,utilidades_domesticas,73.06
072d14a6096a0b4e29e3e2d6f11f58fa,2018-04-04 22:00:19+00:00,rio de janeiro,RJ,29.9,7.55,fashion_bolsas_e_acessorios,37.449999999999996
072d46cbc49c2ee26ddde8f25d22f617,2017-09-12 21:58:21+00:00,hortolandia,SP,129.0,36.98,ferramentas_jardim,165.98
072de9a4bbfba5f480706c24d61d25d2,2018-05-18 17:12:45+00:00,itapira,SP,120.0,13.28,informatica_acessorios,133.28
072e34b42ad90d7472e9a798f19a6bdb,2017-01-31 16:13:48+00:00,santa rita do sapucai,MG,69.9,15.7,cama_mesa_banho,85.60000000000001
073049331da5458f61598e5d221f4928,2018-05-15 09:39:35+00:00,ijui,RS,89.0,19.59,cama_mesa_banho,108.59
0731519818400f39a85714db501f1781,2018-01-21 00:05:02+00:00,roca sales,RS,99.9,17.95,ferramentas_jardim,117.85000000000001
073180167c8aee312e8be08892989244,2018-05-01 10:48:46+00:00,sao paulo,SP,15.0,8.29,utilidades_domesticas,23.29
07320b1c77905dc3d2e11126b143221e,2017-07-17 12:39:23+00:00,santo antonio de jesus,BA,130.0,17.35,esporte_lazer,147.35
0733aab1e972ab531705cf45a1e77281,2018-04-27 13:55:56+00:00,belo horizonte,MG,61.9,14.51,utilidades_domesticas,76.41
07357a6641ec997dc95d17a571f9ce5f,2018-03-25 11:51:37+00:00,sao jose dos campos,SP,37.9,8.88,perfumaria,46.78
0735913c4b3a961b5988041799a7543e,2018-03-01 18:41:05+00:00,sao paulo,SP,14.99,7.78,telefonia,22.77
0735a85a187bf67cfe490862c0e72bb0,2018-04-04 10:36:31+00:00,sao paulo,SP,99.99,7.56,informatica_acessorios,107.55
073632ef894dcb45601e326b8d97cd11,2018-06-16 23:28:34+00:00,tres rios,RJ,135.0,22.88,informatica_acessorios,157.88
0736d2c28616a3c87bb2f53f71c94575,2018-05-18 18:32:07+00:00,sao paulo,SP,47.9,8.88,cama_mesa_banho,56.78
0739104e30e20de6c0956c0889a9b9dc,2018-08-17 19:00:16+00:00,sao paulo,SP,369.9,24.41,climatizacao,394.31
073c1615e55e3c047b8254b49d3503df,2017-08-09 13:08:42+00:00,lencois paulista,SP,182.0,14.29,cama_mesa_banho,196.29
073d1fe6e4e8956db691e04a1656ee9f,2017-09-20 14:44:41+00:00,hortolandia,SP,79.8,12.69,informatica_acessorios,92.49
073df773abf715c8e62c999668a9cc49,2018-01-14 19:55:00+00:00,nova iguacu,RJ,399.9,17.56,cool_stuff,417.46
073f64b0ac2c4ba51efd4327faca2d39,2017-08-05 17:47:16+00:00,bage,RS,139.9,16.74,esporte_lazer,156.64000000000001
073fa4be4665f397a289842b1053229c,2018-01-12 16:19:27+00:00,taubate,SP,250.0,35.02,moveis_decoracao,285.02
07402f8be1c291f1c5da3edeaf5cb8b1,2018-01-09 19:28:30+00:00,brasilia,DF,25.9,15.11,Unknown,41.01
074054ad3d2e5ee3fc6f098d06f321f9,2018-01-23 23:24:25+00:00,campinas,SP,97.9,12.19,beleza_saude,110.09
0741ee0ba3cb46d86325be2879e18706,2018-02-21 08:52:11+00:00,cruz alta,RS,659.0,53.14,automotivo,712.14
07420892c4caddea9908f3e55218a5ba,2017-11-14 14:17:00+00:00,sao paulo,SP,71.9,25.04,informatica_acessorios,96.94
07420892c4caddea9908f3e55218a5ba,2017-11-14 14:17:00+00:00,sao paulo,SP,84.95,0.31,informatica_acessorios,85.26
074241ce500ccb810dc2a36222167798,2017-11-24 14:41:59+00:00,rio de janeiro,RJ,49.0,17.67,ferramentas_jardim,66.67
07424cae1deed4169c2b56d1d150acf8,2017-12-05 00:26:38+00:00,rio de janeiro,RJ,139.99,13.81,brinquedos,153.8
07429f7601b56a66d1854c79a2f5c9e5,2017-07-11 09:36:46+00:00,trindade,GO,99.97,16.14,cama_mesa_banho,116.11
0743b54da8ffd8f7f9fe79fcaf006000,2017-06-22 19:51:20+00:00,rio grande,RS,115.0,15.56,livros_interesse_geral,130.56
0743d4433cd56bbd7b36287a05f94e10,2017-06-07 21:55:57+00:00,sao paulo,SP,109.9,13.32,utilidades_domesticas,123.22
07440dff5293ea24c5fac25a473c2eef,2018-03-29 22:53:27+00:00,poco verde,SE,75.0,51.03,automotivo,126.03
07441f525824bc6b31d4dc19c5d49fc9,2018-04-21 13:07:41+00:00,rio de janeiro,RJ,106.9,0.0,relogios_presentes,106.9
0744ce655e97e70eb03a99cf52385502,2017-08-08 13:24:36+00:00,fazenda nova,GO,69.9,16.25,esporte_lazer,86.15
0744f9056deb109779f1b309822c0d02,2017-11-01 22:42:19+00:00,pinheiros,ES,369.9,18.35,perfumaria,388.25
0745201fea5d6f4aabd42e92a7d3b3b6,2017-08-21 11:19:48+00:00,niteroi,RJ,179.0,18.5,papelaria,197.5
0745fd0c5e5bd55f752798a152b1d04b,2018-08-17 15:45:42+00:00,duque de caxias,RJ,83.9,19.78,portateis_cozinha_e_preparadores_de_alimentos,103.68
07460d5693ce1f6577ebd04b4ad091eb,2017-09-25 07:46:47+00:00,sorocaba,SP,159.9,12.62,relogios_presentes,172.52
0749426d1c48fe5943cbdf1316ace0aa,2018-01-13 13:22:10+00:00,sao paulo,SP,69.9,17.74,beleza_saude,87.64
0749bdde40245b5fb3b375dadfd4ebe3,2018-02-20 21:32:10+00:00,camacari,BA,19.9,15.79,eletronicos,35.69
0749c0c521a53f4a99f4c7be0d92df95,2018-02-28 12:44:18+00:00,nova luzitania,SP,22.9,11.85,audio,34.75
0749c820395dd586556efd230c9d1bb9,2018-07-04 13:12:48+00:00,nova odessa,SP,85.9,15.9,utilidades_domesticas,101.80000000000001
074a6843b445107d87cbfaa88e2e642f,2018-07-22 14:13:44+00:00,valparaiso,SP,28.9,12.86,utilidades_domesticas,41.76
074c1cfd061914778c545332b9c8cc5b,2018-03-22 10:33:01+00:00,londrina,PR,97.0,19.65,utilidades_domesticas,116.65
074d6aba62abd52ad27529d3fb746260,2017-06-08 18:26:09+00:00,belo horizonte,MG,94.9,16.91,utilidades_domesticas,111.81
074e803978094c38b91ddd375ee6ca69,2017-11-06 23:16:19+00:00,sao paulo,SP,86.9,12.11,beleza_saude,99.01
074eb2398def4038d7fc4fb8a5aeb0bf,2017-12-03 01:35:22+00:00,guarulhos,SP,143.8,14.68,automotivo,158.48000000000002
074eb2398def4038d7fc4fb8a5aeb0bf,2017-12-03 01:35:22+00:00,guarulhos,SP,229.04,21.34,automotivo,250.38
074eec999695249a1f80e3c7ea1aab01,2018-03-05 10:51:11+00:00,sao paulo,SP,167.68,14.92,esporte_lazer,182.6
074fe9591f975471a7aad1d0d6ff6db0,2017-08-31 00:46:38+00:00,serra,ES,179.9,16.01,relogios_presentes,195.91
075024c4910bd35a5d251813d59009cd,2018-03-25 14:00:57+00:00,nossa senhora do remedio,SP,69.0,19.45,malas_acessorios,88.45
0752235c99010e0a475e14cebb1baf81,2018-08-08 18:04:56+00:00,jijoca de jericoacoara,CE,229.9,38.52,automotivo,268.42
07528311766b5aa54d193747c66663df,2018-02-27 21:49:09+00:00,nova iguacu,RJ,175.0,15.98,audio,190.98
0753581dc10ba07cdb8302d6c7a40924,2017-08-30 20:34:51+00:00,brasilia,DF,174.0,18.5,telefonia,192.5
0753ba0519dd531e78e0abdedb16be35,2018-05-19 16:24:06+00:00,sao luis,MA,49.0,22.85,relogios_presentes,71.85
075434afaadfb0809ecf3f095a372340,2017-11-24 11:05:50+00:00,sao paulo,SP,42.99,9.34,cama_mesa_banho,52.33
0754d33c0d259d6851e811948048324a,2018-08-15 17:15:46+00:00,barueri,SP,110.0,13.07,papelaria,123.07
0755976647cbb58f1c4aeabeed997490,2017-07-10 20:00:48+00:00,castanheiras,RO,42.9,37.9,informatica_acessorios,80.8
0755fe651d86dd2feb3c6fff952d81e8,2018-07-19 18:01:16+00:00,tres lagoas,MS,129.99,19.01,alimentos,149.0
0756c3213eb9155bc1209caced66eb82,2017-12-21 23:01:24+00:00,nilopolis,RJ,89.99,45.09,ferramentas_jardim,135.07999999999998
0756f4ba0fd88d3e50c7ae0d66edfb4c,2018-03-02 11:52:35+00:00,carangola,MG,325.0,17.02,beleza_saude,342.02
0756fac8c4aef0446002871923cc6b8f,2017-05-08 17:27:02+00:00,rio de janeiro,RJ,23.9,14.1,utilidades_domesticas,38.0
0757cb4ec76f9d0456800e40957db304,2017-07-04 19:37:00+00:00,limeira,SP,15.99,11.85,telefonia,27.84
0757cf1c2a32b4597b8192f2c4912adf,2017-07-17 18:44:08+00:00,sao paulo,SP,29.9,14.22,moveis_decoracao,44.12
0757cf1c2a32b4597b8192f2c4912adf,2017-07-17 18:44:08+00:00,sao paulo,SP,29.9,7.11,moveis_decoracao,37.01
0758015124a0c9af755d31a7bf0efedc,2017-09-16 14:51:37+00:00,malacacheta,MG,32.99,9.37,cama_mesa_banho,42.36
0758015124a0c9af755d31a7bf0efedc,2017-09-16 14:51:37+00:00,malacacheta,MG,109.9,9.37,cama_mesa_banho,119.27000000000001
0758015124a0c9af755d31a7bf0efedc,2017-09-16 14:51:37+00:00,malacacheta,MG,99.9,112.44,cama_mesa_banho,212.34
075867c84468363ed47de8b38d904253,2018-06-06 15:33:06+00:00,sao paulo,SP,189.9,29.36,moveis_escritorio,219.26
0758aeea44cefb9c7f59333c7c691714,2018-02-07 08:53:42+00:00,taboao da serra,SP,349.9,34.05,moveis_escritorio,383.95
0758eac62489b47a99c64b7d67c5ff18,2017-12-09 21:05:10+00:00,castilho,SP,21.9,18.47,eletronicos,40.37
0758eac62489b47a99c64b7d67c5ff18,2017-12-09 21:05:10+00:00,castilho,SP,25.9,1.85,eletronicos,27.75
0759ac0ac1a0c11ab13fc66564f4e112,2018-04-05 11:16:09+00:00,ribeirao das neves,MG,169.0,25.31,esporte_lazer,194.31
0759c200a1d9ec728ba380676bccb583,2018-07-31 23:19:17+00:00,gravatai,RS,59.9,16.61,moveis_decoracao,76.50999999999999
075a1f22c075396feebed8c71f5ccdb2,2018-01-29 21:35:35+00:00,sao paulo,SP,169.9,17.44,esporte_lazer,187.34
075a544c5f4ed4bb75f82b160465fe76,2018-02-22 15:17:38+00:00,sao paulo,SP,197.8,22.22,moveis_decoracao,220.02
075b7434a196cea1b664c1446bee2ff7,2017-10-11 13:36:30+00:00,brasilia,DF,22.9,17.61,cama_mesa_banho,40.51
075b7434a196cea1b664c1446bee2ff7,2017-10-11 13:36:30+00:00,brasilia,DF,12.9,12.58,cama_mesa_banho,25.48
075d1d2a3ac6d55e925dda5e2ad0c6fe,2018-03-18 17:31:21+00:00,novo hamburgo,RS,69.9,20.06,moveis_decoracao,89.96000000000001
075e94be744f3e28a18d6ea444785f45,2018-07-19 10:49:19+00:00,itanhaem,SP,151.4,23.86,utilidades_domesticas,175.26
076008aa37f0393fff972b8b0121fd94,2018-06-08 19:05:44+00:00,sao paulo,SP,249.49,8.61,perfumaria,258.1
0760a852e4e9d89eb77bf631eaaf1c84,2018-08-03 17:44:42+00:00,santo amaro da imperatriz,SC,35.0,15.35,artigos_de_natal,50.35
0760c994a2f88f9ba4f19c5622906609,2018-05-08 11:13:54+00:00,sao paulo,SP,119.99,7.7,eletronicos,127.69
076203a3df21fb25c8b59f881f2b37c9,2017-07-08 10:08:30+00:00,duque de caxias,RJ,79.9,15.31,informatica_acessorios,95.21000000000001
076204e886f6d81145cf693a72794765,2018-07-23 09:45:44+00:00,belem,PA,95.0,19.58,relogios_presentes,114.58
076291ccc60bbd19ff77babbb78324d5,2018-08-15 17:51:11+00:00,sao paulo,SP,232.9,37.71,bebes,270.61
07629443859f99dfac4443b102f31ead,2018-08-20 18:55:21+00:00,alfredo wagner,SC,759.9,32.27,brinquedos,792.17
0762fe35b71987563f8771eb6d14938f,2018-01-24 18:07:59+00:00,sao bernardo do campo,SP,75.0,12.03,informatica_acessorios,87.03
0764f8b9a45b0305b75e1bbd614ffaaa,2017-09-16 21:00:06+00:00,sao jose dos campos,SP,89.97,21.28,esporte_lazer,111.25
076594c6ae7f8e1157b7321c148efa86,2017-07-01 09:43:49+00:00,ipatinga,MG,159.99,38.96,moveis_escritorio,198.95000000000002
07664da4fa93862f7f2f3fd353b99e73,2018-01-09 08:45:00+00:00,mata de sao joao,BA,129.0,20.14,papelaria,149.14
0766586a37a3ceaf9623fdedcb51240f,2018-04-26 00:39:22+00:00,brasilia,DF,189.9,23.87,automotivo,213.77
07677527dea7bbe02d91875f7764c6cd,2017-06-05 09:11:38+00:00,campo grande,MS,59.9,16.79,moveis_decoracao,76.69
0767f7b9a6d2c7db242000b27ca8e063,2018-01-02 15:38:10+00:00,taubate,SP,9.0,11.85,eletronicos,20.85
07680abcc9878ad415215bf0945baf7a,2017-06-12 15:06:54+00:00,belem,PA,56.99,17.68,perfumaria,74.67
07684a430f124ffa76c3415f04fb2ed5,2017-07-27 10:29:11+00:00,bauru,SP,59.9,12.55,esporte_lazer,72.45
076a94fba0a6b3a82345423e9f1bd3dc,2018-02-14 17:28:57+00:00,toropi,RS,79.9,17.81,moveis_decoracao,97.71000000000001
076ae5516316ecf9f17dc3cc78437eac,2018-02-15 19:28:04+00:00,salvador,BA,27.9,16.79,automotivo,44.69
076b2c2ebef1ce8600aec810d3bf6286,2018-02-06 13:50:32+00:00,buique,PE,235.0,18.09,telefonia,253.09
076c344fa6fb7b7284fe98fbcb257ab1,2017-06-03 15:01:17+00:00,campos dos goytacazes,RJ,129.99,18.16,cool_stuff,148.15
076d0f6917a8b9325bd7de62ef6c8c73,2018-08-23 14:33:11+00:00,santos dumont,MG,99.0,19.88,papelaria,118.88
076d1555fb53a89b0ef4d529e527a0f6,2018-07-30 10:04:21+00:00,maringa,PR,2338.08,375.28,utilidades_domesticas,2713.3599999999997
076d3284be23e6c6ed0267f87775b62f,2018-02-07 06:05:06+00:00,osasco,SP,33.89,15.79,ferramentas_jardim,49.68
076d71b244e240e104ffe5bf5985faa2,2017-05-26 15:14:25+00:00,betim,MG,69.9,19.03,bebes,88.93
076d991923ee938761994a4255f5c5da,2017-12-11 09:13:27+00:00,barbacena,MG,76.9,17.79,casa_conforto,94.69
076dc4ca874b482e0fed6263b1ff1b5f,2018-08-05 18:03:44+00:00,feira de santana,BA,16.99,22.06,telefonia_fixa,39.05
076e07cd8d9c8b47dfc2fbb22c58e895,2017-10-18 09:29:12+00:00,campina grande,PB,799.0,57.95,instrumentos_musicais,856.95
076e78b027f88320defc1d6ab23d6793,2018-07-08 13:37:07+00:00,sao bernardo do campo,SP,66.99,27.75,beleza_saude,94.74
076f1fe978468db6b826f40f714da65f,2018-06-05 11:41:02+00:00,lauro de freitas,BA,149.9,18.98,informatica_acessorios,168.88
076ff98c0f285dcbbf7a2d5ad9146322,2018-03-27 19:42:13+00:00,itabira,MG,139.0,23.83,informatica_acessorios,162.82999999999998
0770d6621e5900694909ea4a6236da14,2018-03-11 17:43:41+00:00,ilha solteira,SP,122.99,13.3,Unknown,136.29
07711b948fc93b9294d8b5832d0f0a83,2018-02-15 12:21:20+00:00,sao paulo,SP,100.0,12.83,informatica_acessorios,112.83
0771233ce445ab49cb2542af0243618e,2017-09-06 07:52:36+00:00,ribeirao preto,SP,27.92,12.69,livros_interesse_geral,40.61
0771dcbed01969791b77f20d05573b89,2017-06-30 17:47:14+00:00,nova londrina,PR,53.9,13.4,livros_interesse_geral,67.3
07723291efda5721921a779f58cd3946,2018-02-17 09:47:32+00:00,sorocaba,SP,18.75,15.1,moveis_decoracao,33.85
07732c37b9e8ad65b02e545a3343f361,2018-04-18 09:22:28+00:00,barbacena,MG,39.99,16.95,cama_mesa_banho,56.94
07758ed400d130462900b1f68d042ee7,2018-07-15 16:45:24+00:00,nilopolis,RJ,230.0,42.59,cama_mesa_banho,272.59000000000003
0775e96080c552251cd76472d32e0c83,2017-09-06 01:29:21+00:00,sao paulo,SP,59.9,12.55,esporte_lazer,72.45
077700dcf4e3bb4128459fc825a4056c,2017-11-20 11:46:39+00:00,belo horizonte,MG,199.9,15.15,relogios_presentes,215.05
0777357b31babc84dc93894f0a58b942,2018-02-09 10:35:28+00:00,sao jose do rio preto,SP,399.0,14.29,relogios_presentes,413.29
077743f9ba8964fff85ace5b958e5284,2017-12-12 21:30:05+00:00,itapecerica da serra,SP,124.0,13.89,Unknown,137.89
0777a9060e11a166516210320a84d38c,2018-02-14 22:23:42+00:00,itapevi,SP,56.9,8.72,utilidades_domesticas,65.62
0777f4238fa29d5c69367c8847a2f6ec,2018-07-22 18:49:33+00:00,sumare,SP,149.0,44.84,cama_mesa_banho,193.84
0778921b814304f85cb9188625e50625,2017-10-29 13:46:57+00:00,ananindeua,PA,101.9,44.56,consoles_games,146.46
0778b810e2b38affa71607aa32043365,2017-11-24 08:51:18+00:00,cabeceira grande,MG,27.99,15.1,telefonia,43.089999999999996
0778ca929f32b5357008bd57489a1272,2017-08-22 16:50:10+00:00,arraial do cabo,RJ,44.1,16.11,cama_mesa_banho,60.21
077934ed5527f66c12ae98ad498190e1,2017-05-23 23:52:30+00:00,sao paulo,SP,89.0,34.99,ferramentas_jardim,123.99000000000001
077a6d2bd20a77531ca2dcf84f5c5d0e,2018-06-12 00:17:26+00:00,porto velho,RO,29.9,27.49,papelaria,57.39
077a77e315e3b317121a0af9962e122b,2018-05-11 10:35:33+00:00,sao paulo,SP,56.8,12.84,beleza_saude,69.64
077abb7d4f87719b0a5cce22295eb775,2017-11-05 13:10:25+00:00,rio de janeiro,RJ,45.9,15.11,cama_mesa_banho,61.01
077b4b3a3d03fcdfce6a94e53ccdb3a9,2017-11-26 21:00:43+00:00,itaquaquecetuba,SP,39.0,7.78,relogios_presentes,46.78
077ba6845168434024e83698d3f8fcae,2018-03-03 14:00:36+00:00,rio de janeiro,RJ,238.0,19.91,cool_stuff,257.91
077c116b10b1c482b78d24fad9fa14a3,2017-03-21 19:42:03+00:00,guarulhos,SP,45.49,10.96,eletronicos,56.45
077c51e0b25a9c8393b39a3f8c4a8cfe,2017-11-27 14:49:59+00:00,mogi das cruzes,SP,335.0,10.91,automotivo,345.91
077d6b93c4e88d06b124cf24fb67a28e,2017-06-17 17:11:05+00:00,niteroi,RJ,89.0,15.37,informatica_acessorios,104.37
078012a290408a687e5802ac7ad6c0aa,2017-05-17 15:44:53+00:00,sao paulo,SP,126.0,15.63,beleza_saude,141.63
07808f3f87407774955a7ceb2f4fe5d2,2018-08-01 18:54:32+00:00,belo horizonte,MG,85.9,18.4,cama_mesa_banho,104.30000000000001
078095c153e500cfcdd068f00b8d2e98,2017-08-24 11:36:36+00:00,queimados,RJ,89.99,14.38,beleza_saude,104.36999999999999
0782e07a7692b86e29c3fcec805b3bfc,2018-07-03 21:25:43+00:00,sao paulo,SP,359.0,29.45,portateis_casa_forno_e_cafe,388.45
0782e07a7692b86e29c3fcec805b3bfc,2018-07-03 21:25:43+00:00,sao paulo,SP,595.0,29.45,portateis_casa_forno_e_cafe,624.45
0784e3f6a8f38d4ce8ecbf36ddc57c78,2018-01-11 10:56:40+00:00,joinville,SC,129.9,17.35,perfumaria,147.25
0785459f4688c430590e9ef6eff2fecb,2018-08-27 20:03:07+00:00,sao paulo,SP,29.99,7.47,telefonia,37.46
07860da7c16265a28de8c2b2e9f4552b,2018-05-26 10:54:41+00:00,nova londrina,PR,78.0,9.77,relogios_presentes,87.77
078631b9a61981e46492905d792730c2,2018-01-29 12:54:22+00:00,cuiaba,MT,36.99,21.15,beleza_saude,58.14
0786c4c0e6cac26fe4f5c558b232e392,2017-08-17 13:19:30+00:00,aracatuba,SP,62.0,16.06,cama_mesa_banho,78.06
0787c233e9c027ebb134e0339cdc1ef2,2017-08-20 15:32:41+00:00,porto ferreira,SP,79.9,12.69,informatica_acessorios,92.59
07883af69dfb22686ef985505006f9af,2018-01-22 13:01:26+00:00,araras,SP,88.34,16.25,moveis_decoracao,104.59
07883f86dff5e5622fe054225f176aa7,2018-05-18 20:27:58+00:00,teresopolis,RJ,96.0,15.52,cama_mesa_banho,111.52
07884a0d48bbdae5f9a1d8582b57e09b,2017-11-03 09:49:14+00:00,sarandi,PR,29.99,15.1,telefonia,45.089999999999996
078c2d9bb7e5905e870838448db0d3b3,2018-03-25 11:28:16+00:00,belo horizonte,MG,68.0,18.69,cama_mesa_banho,86.69
078c2d9bb7e5905e870838448db0d3b3,2018-03-25 11:28:16+00:00,belo horizonte,MG,29.9,18.69,cama_mesa_banho,48.59
078c97da8566e6052ff4f0925dadcbb4,2018-01-27 10:45:45+00:00,salvador,BA,37.99,15.79,telefonia,53.78
078c9d6d720f254fc10c5a162169197f,2018-05-29 20:59:27+00:00,sao paulo,SP,89.9,13.99,cama_mesa_banho,103.89
078d2f79c229fd2c2759339ac97242f4,2018-07-26 07:47:36+00:00,uba,MG,199.9,27.7,cama_mesa_banho,227.6
078db7c551c5b6a107ba6d586a13f14d,2018-05-21 19:22:22+00:00,sao paulo,SP,39.0,7.39,relogios_presentes,46.39
078e048ccc8dc8b449dedc064b860b0f,2017-06-22 19:29:40+00:00,sao paulo,SP,59.9,14.13,utilidades_domesticas,74.03
078f6e79012194cd9eb77b10f6753d77,2018-08-05 15:07:09+00:00,belo horizonte,MG,69.99,15.59,pet_shop,85.58
07900b3f0c35328917b0bec1c06cd28b,2018-05-18 12:17:56+00:00,veranopolis,RS,75.9,19.5,sinalizacao_e_seguranca,95.4
079034c04662f3d7dce287df9e4e5489,2018-07-24 17:17:48+00:00,natal,RN,24.99,22.9,informatica_acessorios,47.89
0791c9a8e89bfcc422ab718dd43f2dca,2017-07-02 18:08:33+00:00,resende,RJ,34.99,15.1,moveis_decoracao,50.09
07926fd3755c862341b7c7a15ef40b30,2018-04-15 23:09:04+00:00,guaruja,SP,29.99,14.43,bebes,44.42
07946e40cd8c6b2ab27f0fe14f21f7dd,2018-06-22 19:57:24+00:00,joinville,SC,160.0,23.05,beleza_saude,183.05
0794929f95ad2d3371bf525e22a2603f,2017-11-06 12:28:08+00:00,natal,RN,134.0,47.47,informatica_acessorios,181.47
0796436a57062ff1b4a95616fdf3f2fa,2018-08-19 18:34:21+00:00,campinas,SP,349.9,17.55,beleza_saude,367.45
07983cb4fc401b8663874432b9b14124,2018-03-06 20:38:34+00:00,sao jose dos pinhais,PR,69.9,23.07,cama_mesa_banho,92.97
0799a27b55977a0aedea205def0a6297,2017-11-28 12:00:04+00:00,rio de janeiro,RJ,189.9,15.08,cool_stuff,204.98000000000002
0799d89dedaf5ef08f3a90b967cb2ccd,2018-02-22 17:58:21+00:00,rio de janeiro,RJ,219.0,17.97,telefonia,236.97
079aa97bd14929502e11d87d14790792,2018-08-14 17:11:29+00:00,macae,RJ,145.0,19.12,relogios_presentes,164.12
079ad290e98bc46b5d7e0ce9fc15af1b,2018-04-04 20:49:44+00:00,niteroi,RJ,54.9,22.96,brinquedos,77.86
079ade008533bd5cb246826aceace87d,2018-01-22 01:24:25+00:00,carapicuiba,SP,40.0,8.72,moveis_escritorio,48.72
079b09f210081037c1f444e2eaca1e38,2018-04-27 12:54:04+00:00,jacobina,BA,58.99,22.12,beleza_saude,81.11
079b79bacc6e0a0c7ed93cd6e3624f6e,2017-07-30 19:36:43+00:00,caninde,CE,51.4,25.64,brinquedos,77.03999999999999
079c9f53e6c3253320db701a645b0b9a,2018-08-09 20:33:45+00:00,belo horizonte,MG,84.3,13.93,beleza_saude,98.22999999999999
079f102825b0dc326dd6cb10f33eeb21,2018-02-23 09:39:36+00:00,niteroi,RJ,759.9,20.08,relogios_presentes,779.98
079f16689c29acb6cab92978e6af2137,2018-05-09 18:01:29+00:00,porto alegre,RS,69.9,0.0,moveis_decoracao,69.9
079f35f555387ba548cf2a98cca8c43e,2018-04-13 01:07:11+00:00,sao paulo,SP,129.9,15.79,beleza_saude,145.69
07a038893865b59b24c46892652be2b7,2018-07-10 20:06:29+00:00,gongogi,BA,29.99,22.14,telefonia,52.129999999999995
07a0bc58f3b841724c5b8c649da441d5,2018-01-17 16:44:42+00:00,dores de campos,MG,138.0,28.35,cama_mesa_banho,166.35
07a26b88cc90e93f5c9401de11a60793,2018-08-22 12:19:45+00:00,sao paulo,SP,12.9,7.39,bebes,20.29
07a394899e1b5de598df8ff3ea5edf37,2018-08-09 19:37:47+00:00,itanhandu,MG,8.9,18.23,sinalizacao_e_seguranca,27.130000000000003
07a3ecc544326f0c462c5423eaca1812,2017-08-07 15:15:48+00:00,belem,PA,165.0,18.43,papelaria,183.43
07a4d91148af619890def9a1ac3de73f,2018-06-04 19:59:56+00:00,rio de janeiro,RJ,139.99,15.86,utilidades_domesticas,155.85000000000002
07a4d93bf559c596edf3f808c5af4720,2017-04-28 13:49:39+00:00,traipu,AL,42.99,20.8,brinquedos,63.790000000000006
07a75ef36022ad882d61416543b23c54,2018-05-15 15:06:32+00:00,belo horizonte,MG,130.0,10.58,relogios_presentes,140.58
07a78584049fe9dca82ae7bf5717d8b9,2018-08-02 14:24:50+00:00,carapicuiba,SP,265.0,24.57,cool_stuff,289.57
07a8cc4e00c23ade7ccb29786d3de771,2018-02-26 18:12:34+00:00,petropolis,RJ,124.0,15.62,ferramentas_jardim,139.62
07a95f982477a213f498dba6bd405372,2018-05-11 10:18:31+00:00,campinas,SP,60.0,8.88,moveis_decoracao,68.88
07a97e5f41dfa29925b661eee8e73c26,2017-08-16 10:11:06+00:00,araguaina,TO,59.0,25.69,informatica_acessorios,84.69
07ac486a7e139e73d66011849fa5779d,2018-07-28 15:34:10+00:00,contagem,MG,44.9,18.41,cama_mesa_banho,63.31
07ac5d2775e382ce0fa8132f74330cb2,2017-11-27 23:45:14+00:00,recife,PE,159.94,40.39,moveis_escritorio,200.32999999999998
07acf8d0ac910602fc85e7355a386ba0,2018-01-16 14:14:41+00:00,mogi das cruzes,SP,120.0,45.3,ferramentas_jardim,165.3
07ad2a87dfce684f0b6a23886db925c9,2017-04-27 08:26:54+00:00,indaial,SC,22.0,14.52,informatica_acessorios,36.519999999999996
07adb4d17fca01935d0590d775e9569f,2017-05-21 08:00:01+00:00,ponta grossa,PR,69.9,19.73,Unknown,89.63000000000001
07adbbb19edf0b09473e75febe708354,2017-04-26 17:09:51+00:00,itaguai,RJ,19.99,14.52,beleza_saude,34.51
07ae1be141672315e599bc7ebf23c5f5,2017-10-05 01:47:35+00:00,piracicaba,SP,239.9,9.26,relogios_presentes,249.16
07b0c48ffce8f9ad9878efed80bb428d,2018-08-16 23:34:39+00:00,guaranta,SP,122.99,63.11,beleza_saude,186.1
07b1682544dc5cbc0eb87fb56e1374b5,2018-08-09 23:44:30+00:00,sao paulo,SP,89.7,18.73,pet_shop,108.43
07b1810af93ee79a38977779e7a410d0,2018-08-08 17:27:07+00:00,vitoria,ES,11.87,15.23,telefonia,27.1
07b21e603088925f04bb9034954fe5fa,2018-05-09 08:56:03+00:00,primavera do leste,MT,94.9,31.31,moveis_escritorio,126.21000000000001
07b3fa22681348d67c91811d31b60e69,2018-01-09 09:01:03+00:00,guarulhos,SP,49.9,8.72,moveis_decoracao,58.62
07b4d304ff7e33edf1f9e8a63768204b,2017-12-05 13:28:58+00:00,teresina,PI,26.99,21.15,telefonia,48.14
07b4f186d84795c78fcd70a18b36c256,2018-08-09 11:51:59+00:00,porto alegre,RS,49.98,15.45,beleza_saude,65.42999999999999
07b56b1c06dbdc14a4031c21261a7fec,2017-04-12 10:59:59+00:00,rio de janeiro,RJ,279.0,18.79,automotivo,297.79
07b632a4645a2dba01074abfe4f34c4b,2017-09-18 11:33:17+00:00,praia grande,SP,79.9,11.76,cama_mesa_banho,91.66000000000001
07b683def65270f286578e5208c5adc0,2018-05-11 21:06:40+00:00,atibaia,SP,149.99,8.81,esporte_lazer,158.8
07b6b194d5b1f0c26bbc794748048aeb,2017-10-18 23:38:10+00:00,santo andre,SP,229.0,12.81,esporte_lazer,241.81
07b6fba80722b4ba2988ef68f8e20c9f,2018-02-17 20:02:02+00:00,rio de janeiro,RJ,99.9,13.53,beleza_saude,113.43
07b76b6fdc57b96ed6406457e05ddecb,2017-08-03 11:47:07+00:00,sao paulo,SP,75.0,13.08,moveis_decoracao,88.08
07b79f0a3ce4734c9f80f8f932ffd4ab,2018-05-21 08:55:06+00:00,curitiba,PR,174.97,23.76,utilidades_domesticas,198.73
07b8c9805a09c2feacc0864c00ec244e,2017-09-04 15:27:05+00:00,limeira,SP,143.54,16.63,cama_mesa_banho,160.17
07b9098123333f897ad332b7c9c3820d,2017-08-24 19:16:50+00:00,sao paulo,SP,9.99,11.73,bebes,21.72
07b9210fa8f57b996c79cb931e817393,2018-01-25 03:24:05+00:00,maracanau,CE,30.5,17.63,brinquedos,48.129999999999995
07b93986d3989da936b0f9dfc9ab8972,2018-04-05 05:11:57+00:00,viana,ES,120.0,15.72,esporte_lazer,135.72
07b9e5abd7254b1a85eb14ad3a1117e5,2017-10-09 08:10:30+00:00,sorocaba,SP,135.0,58.9,utilidades_domesticas,193.9
07ba523a0c48b0ae0920551684e13ab9,2017-08-08 20:29:44+00:00,palmas,TO,109.0,21.16,automotivo,130.16
07bca5c8ae457c75c959c5e26fc04e3f,2018-05-13 14:40:33+00:00,cabo frio,RJ,349.9,19.52,relogios_presentes,369.41999999999996
07bca5c8ae457c75c959c5e26fc04e3f,2018-05-13 14:40:33+00:00,cabo frio,RJ,119.9,19.52,relogios_presentes,139.42000000000002
07bcb0695fd4e3121e2fae21fbef3d28,2018-07-25 14:38:30+00:00,belo horizonte,MG,125.9,16.19,utilidades_domesticas,142.09
07bd0c7e13ac7c3a408dd3bc8f18fc78,2018-01-30 15:18:07+00:00,guarulhos,SP,276.9,19.19,informatica_acessorios,296.09
07bdb6811431a929abbd2ada5c891dc5,2017-08-03 18:07:28+00:00,santo andre,SP,76.9,12.04,casa_conforto,88.94
07be9bc8241fb542df3e10f395d5b412,2018-01-29 12:27:32+00:00,santos,SP,899.0,67.48,bebes,966.48
07bebda8aee4b9a600d9c2c1a73f93a5,2017-10-26 16:52:36+00:00,cuiaba,MT,65.0,15.89,esporte_lazer,80.89
07bebe0626c8053ad425381fe0882655,2017-09-22 11:16:39+00:00,ponta grossa,PR,59.9,17.67,ferramentas_jardim,77.57
07bec24c128f1f4047bfc582732c1d9d,2017-12-11 08:40:19+00:00,sao paulo,SP,79.9,7.81,brinquedos,87.71000000000001
07bf5c685616f41e3e2ec06b6f5623ff,2018-02-26 09:47:20+00:00,sao joaquim da barra,SP,82.8,15.33,informatica_acessorios,98.13
07bfea8893b7262f7d61cfb2068b12c3,2018-03-07 09:55:02+00:00,miguel pereira,RJ,29.98,18.23,telefonia,48.21
07c03f32b0199526169eecbbe8c029d8,2017-07-20 16:33:41+00:00,curitiba,PR,782.25,20.23,eletrodomesticos,802.48
07c04599729da94f8aeb0974035ac307,2017-09-30 16:53:45+00:00,sao jose dos campos,SP,13.9,11.85,moveis_decoracao,25.75
07c066e1f4929584a77a8be911a0997f,2017-08-07 11:53:47+00:00,sao paulo,SP,59.9,13.44,ferramentas_jardim,73.34
07c09839b4951ac37863cf9f0f79dedf,2018-05-04 00:15:49+00:00,porto alegre,RS,54.9,15.26,esporte_lazer,70.16
07c25d3d928865cf442fac10a30163c0,2018-01-12 10:40:17+00:00,aracati,CE,39.9,15.1,informatica_acessorios,55.0
07c33a9470d0df2a30cc8a8ebd0288d1,2018-05-16 18:29:24+00:00,sao paulo,SP,83.99,11.21,dvds_blu_ray,95.19999999999999
07c60b22ef2c61750215fd44cf67f928,2018-08-05 21:07:49+00:00,sao paulo,SP,105.9,11.76,papelaria,117.66000000000001
07c670122da5df034ba8618528ed9bc8,2017-08-16 19:23:50+00:00,rio de janeiro,RJ,69.9,17.74,eletrodomesticos,87.64
07c7fa36b89dfaf7267abe05818b2322,2017-05-27 09:09:36+00:00,marilia,SP,94.99,16.29,Unknown,111.28
07c81434b5f46c9c3eacd48e60d50747,2018-05-09 13:23:16+00:00,itapevi,SP,18.9,13.47,eletronicos,32.37
07c86971c5f40e822bd71ab44f684fad,2017-07-13 00:19:43+00:00,cotia,SP,245.9,48.43,cama_mesa_banho,294.33
07c8d74971a3302f6e7d2b0017ffb295,2017-12-04 16:48:04+00:00,florianopolis,SC,37.8,37.87,esporte_lazer,75.66999999999999
07ca34c2d97b99d913debf2866805373,2017-09-23 00:09:48+00:00,rio de janeiro,RJ,110.0,21.26,cama_mesa_banho,131.26
07ca60831e2821d9443f1a0dccecf9ca,2017-08-13 12:48:09+00:00,montes claros,MG,118.99,18.08,cool_stuff,137.07
07cacf10cc226618237904718bfb96c2,2017-06-19 11:03:16+00:00,brasilia,DF,79.99,17.81,moveis_decoracao,97.8
07cba3be3e87c6b1acd31377b79122b1,2017-06-26 15:12:03+00:00,corupa,SC,124.9,15.62,relogios_presentes,140.52
07cbb7b6d1c67566a892673386b5bb9b,2018-08-19 12:18:47+00:00,comendador levy gasparian,RJ,199.0,28.34,cool_stuff,227.34
07cbd6088d2dc5108e16680fa00b7045,2017-10-11 15:40:06+00:00,sao paulo,SP,69.99,8.11,pet_shop,78.1
07ce92f08ada3b994983794188b7a902,2018-03-19 12:35:10+00:00,santa quiteria,CE,129.8,82.76,moveis_decoracao,212.56
07d08b17b3bcb01de09f8306ee0c32ca,2018-03-17 18:48:10+00:00,nova iguacu,RJ,58.99,16.73,beleza_saude,75.72
07d13d352c85dfbfa60dc56dea818335,2017-01-22 23:07:15+00:00,sao paulo,SP,23.9,8.72,beleza_saude,32.62
07d15c4a386205b033ba176848387b08,2018-03-28 14:31:55+00:00,indaiatuba,SP,53.9,13.46,ferramentas_jardim,67.36
07d23ebd900562c310938c158c23d6be,2018-04-21 18:07:17+00:00,ribeirao preto,SP,29.9,11.89,beleza_saude,41.79
07d2babcd3c3d273aee2781512cc5904,2017-12-20 23:34:29+00:00,presidente prudente,SP,69.9,18.38,artigos_de_natal,88.28
07d35f516238db3cf2e71da57744922d,2018-02-04 12:11:39+00:00,sao paulo,SP,10.9,11.85,moveis_decoracao,22.75
07d393eec6ab2c8c4a90dd4344b6abf9,2018-03-03 14:42:08+00:00,mairipora,SP,209.0,43.66,brinquedos,252.66
07d395244b58ce72bbecdafbb1b60ace,2018-07-02 19:41:29+00:00,campo alegre de minas,MG,119.0,18.93,informatica_acessorios,137.93
07d3db06b53989748df4ae194f6b0fde,2017-06-17 21:01:39+00:00,juiz de fora,MG,379.99,18.42,relogios_presentes,398.41
07d3edf3fa2d24ebc102315c95ec89f4,2018-08-01 16:08:42+00:00,fartura,SP,12.99,12.79,informatica_acessorios,25.78
07d4b24a68e2180d4bc5aaf5384fa78b,2017-12-30 21:44:05+00:00,joao monlevade,MG,49.0,15.13,fashion_bolsas_e_acessorios,64.13
07d4b24a68e2180d4bc5aaf5384fa78b,2017-12-30 21:44:05+00:00,joao monlevade,MG,59.0,15.13,fashion_bolsas_e_acessorios,74.13
07d5adada619115cf4c03f49fc8c5e74,2018-04-30 12:23:27+00:00,jatai,GO,399.0,21.76,informatica_acessorios,420.76
07d60a76803db63f0ca6708011e8cf9b,2018-04-13 13:45:45+00:00,contagem,MG,168.8,16.06,pet_shop,184.86
07d731b81475104eea3237055f7c0c39,2017-11-26 12:03:44+00:00,resende,RJ,49.0,17.64,ferramentas_jardim,66.64
07d9d11b0175952638ddd53d7855f8a7,2017-11-22 16:40:23+00:00,sao paulo,SP,34.78,8.72,utilidades_domesticas,43.5
07da7d9fe6a7a8388af1f996b3bb0472,2017-12-18 21:18:04+00:00,garibaldi,RS,13.3,15.1,eletronicos,28.4
07da984520cb8c0de39f0b96b92c08f6,2018-03-26 17:56:37+00:00,curitiba,PR,49.99,16.32,malas_acessorios,66.31
07dacc7fe07040f20aac7d9510950eff,2017-11-26 18:23:03+00:00,itapolis,SP,72.62,12.85,esporte_lazer,85.47
07dba073c2b18c2c748f28ed51c87ee8,2018-02-08 21:14:22+00:00,capivari de baixo,SC,101.0,46.01,ferramentas_jardim,147.01
07dc1dc61c5ee9a1387069fec64b6663,2018-08-03 08:26:22+00:00,araxa,MG,45.9,13.66,brinquedos,59.56
07dcf38560b8c50e101b3281edda6112,2017-10-03 15:04:22+00:00,itapeva,SP,45.9,11.85,informatica_acessorios,57.75
07ddc871675f337ce763af5edb521194,2017-11-01 14:50:41+00:00,barra velha,SC,229.9,18.86,esporte_lazer,248.76
07dedb9d22cef1af1540ab753c537c4c,2017-09-13 10:19:09+00:00,rio de janeiro,RJ,99.0,34.05,ferramentas_jardim,133.05
07dee0f0916a444098de4beea749c5e5,2018-02-02 13:58:20+00:00,mirassol,SP,119.9,31.87,cama_mesa_banho,151.77
07df21cf38c17b4fef05f15d23e3cce7,2018-03-05 18:12:48+00:00,sao paulo,SP,169.0,8.92,papelaria,177.92
07df89d2b7c5f2d12c3eb2a3ebbe66af,2018-05-05 22:53:18+00:00,nova odessa,SP,24.99,7.39,telefonia,32.379999999999995
07e2767fa261c1d690924d6d3baa379f,2018-02-23 15:44:22+00:00,sao jose do rio preto,SP,699.0,33.68,eletrodomesticos,732.68
07e2a9d486a8394f2700230396e8d5f0,2018-02-17 22:29:16+00:00,sao luis,MA,209.9,61.93,ferramentas_jardim,271.83
07e43f12d5d3bd569e03916b9482a8d5,2017-08-04 10:33:07+00:00,governador lindenberg,ES,12.97,15.1,telefonia,28.07
07e481567db300783aa22d7cd202f1b8,2017-05-22 11:04:34+00:00,sao paulo,SP,415.99,11.11,eletronicos,427.1
07e4ea9fe9fcc49b673d7d3197b5da23,2017-05-09 10:45:54+00:00,rio de janeiro,RJ,129.6,14.66,moveis_escritorio,144.26
07e5349fe32847b4bc266836cda0705c,2017-11-27 16:44:36+00:00,itapecerica da serra,SP,69.0,18.72,beleza_saude,87.72
07e59229a9b5b12c82297cc571bd8281,2017-03-04 19:28:46+00:00,nova iguacu,RJ,25.0,17.78,bebes,42.78
07e5d726cba4eb976dc6c2db2ceae28f,2018-02-07 14:23:13+00:00,braganca paulista,SP,59.9,15.17,beleza_saude,75.07
07e68b7ed834c392f26a154d8997115b,2018-08-04 09:56:18+00:00,monte carmelo,MG,179.9,19.36,telefonia,199.26
07e74b39ce62a7c6f7063b3168748191,2018-08-01 15:46:14+00:00,sao paulo,SP,56.9,11.42,beleza_saude,68.32
07e85d403be2aca377eebdf6581323fc,2018-08-11 19:14:29+00:00,braganca paulista,SP,415.9,104.12,moveis_sala,520.02
07e8a98c9affe8a0d02edf6229912b90,2017-07-17 18:17:48+00:00,salvador,BA,150.0,17.62,eletronicos,167.62
07e8c8c7545c3cf6386eaf464b1e8365,2018-08-08 12:51:29+00:00,juiz de fora,MG,280.0,76.76,pet_shop,356.76
07ea296aee6d3fc7e722d3d2716448c9,2018-05-01 12:57:12+00:00,sao paulo,SP,23.0,7.39,brinquedos,30.39
07edcfe51903bc7e23501f6b87f2bc46,2018-05-30 14:08:09+00:00,salvador,BA,179.0,26.99,utilidades_domesticas,205.99
07efb6b65a21feb31a7567eb0dbd2476,2017-07-13 09:45:31+00:00,sao luis,MA,56.99,21.2,perfumaria,78.19
07f18be24ff2d6a39b166d2fce1bc2b3,2018-05-12 21:43:21+00:00,salvador,BA,129.99,19.6,pet_shop,149.59
07f267d3cb28221009ef6852101d70c7,2018-01-26 11:38:23+00:00,carapicuiba,SP,29.9,8.11,beleza_saude,38.01
07f2e5679e13d0e45de9da85bb833558,2018-07-11 13:48:12+00:00,sao paulo,SP,23.9,7.43,relogios_presentes,31.33
07f375fa02d74b14cf7562276d6932f1,2017-11-28 10:22:52+00:00,igarape-acu,PA,69.0,25.76,relogios_presentes,94.76
07f37be24f36255553680d16336b6d1a,2017-04-23 18:00:10+00:00,franca,SP,89.9,11.24,cama_mesa_banho,101.14
07f400658513d45866ee381bace93793,2017-04-20 22:31:37+00:00,guarulhos,SP,113.0,13.37,esporte_lazer,126.37
07f56da421233e467768e579872a0a9b,2018-06-25 17:08:24+00:00,santos,SP,12.25,7.39,eletronicos,19.64
07f57d42b535756c6e83baa0a5bcb322,2018-05-09 16:45:20+00:00,osorio,RS,29.99,12.76,telefonia,42.75
07f593272eee0c411250e23e84846787,2017-11-14 13:58:30+00:00,salvador,BA,38.9,19.59,cama_mesa_banho,58.489999999999995
07f5b36b83b8a405657140cc50c0a1f9,2018-04-11 12:14:12+00:00,sao paulo,SP,79.9,18.44,brinquedos,98.34
07f5bb6759aecb6dd999fea544057758,2018-02-05 19:25:43+00:00,paraipaba,CE,89.99,27.17,beleza_saude,117.16
07f6947cb721727031402e0cd6d6e5e9,2018-08-07 21:34:23+00:00,mogi-guacu,SP,19.83,12.8,artigos_de_natal,32.629999999999995
07f6b1ad9ba4f7a4d2326adf7b8f517f,2017-08-23 16:15:30+00:00,piracaia,SP,93.24,13.67,cama_mesa_banho,106.91
07f6c3baf9ac86865b60f640c4f923c6,2018-03-02 17:47:40+00:00,niteroi,RJ,34.3,15.1,fashion_bolsas_e_acessorios,49.4
07f6d8849f66cadda64c15cea9a6c321,2017-08-31 19:51:00+00:00,gramado,RS,24.99,15.1,telefonia,40.089999999999996
07f770114a6de1a65f865bf22d8bb20a,2018-08-06 09:17:53+00:00,cruzeiro,SP,62.9,14.02,beleza_saude,76.92
07f83d154c11676890dc6275328ba6c1,2018-06-17 20:51:05+00:00,rubiataba,GO,249.0,20.93,relogios_presentes,269.93
07f970754e737efe221e6349eeb5a8e7,2018-06-18 08:58:54+00:00,bocaina,PI,114.9,83.72,beleza_saude,198.62
07f9acd4e59411df700a59f89d4da8ed,2018-08-02 21:54:37+00:00,mafra,SC,66.0,19.65,utilidades_domesticas,85.65
07fa03f414c1129ccd4a8fb44f441f13,2018-01-25 23:16:38+00:00,sao paulo,SP,69.9,11.99,cama_mesa_banho,81.89
07fa3b6d7ec7fa27de9d00bdc93d36cf,2018-07-21 17:22:06+00:00,sao paulo,SP,59.9,15.52,eletronicos,75.42
07fac8f9cadb792264f2985ef93eaa13,2017-04-26 08:25:51+00:00,sao jose dos campos,SP,17.89,10.96,telefonia,28.85
07fbc4f433fc8754c492bc6dfb0b1c52,2017-07-05 08:49:56+00:00,rio das ostras,RJ,94.98,21.15,ferramentas_jardim,116.13
07fc346abda30b632be799f5b4be2bd8,2017-07-17 14:04:47+00:00,caieiras,SP,199.97,31.7,moveis_escritorio,231.67
07fcf4ec8cadbea34c5b508e35e716c0,2018-04-17 16:34:04+00:00,sao jose do rio preto,SP,143.8,19.93,automotivo,163.73000000000002
07fda4bada645831fb11a20eaf52c2ef,2017-12-18 18:43:26+00:00,sao paulo,SP,65.0,9.94,cds_dvds_musicais,74.94
07fe18147d98a22e8f8f5e43fc09d831,2018-04-17 16:56:15+00:00,rio de janeiro,RJ,86.99,18.19,esporte_lazer,105.17999999999999
07ff1545b26c5800dc2d25ab88055082,2018-03-05 18:12:13+00:00,florianopolis,SC,70.0,20.6,industria_comercio_e_negocios,90.6
07ffab4def2a95548ff6ef1b9d7e0f5a,2018-03-19 22:08:42+00:00,sao jose do rio pardo,SP,35.0,17.26,cool_stuff,52.260000000000005
07fff3bc2afa0d164257d4f64c4c5116,2018-04-28 18:08:18+00:00,curitiba,PR,99.9,21.78,esporte_lazer,121.68
0800193c2810da8b955ec8cae2b82e11,2018-01-25 16:32:37+00:00,belo horizonte,MG,99.0,25.73,brinquedos,124.73
08003b4e485e934387afc41448692e0a,2017-07-23 19:52:46+00:00,carapicuiba,SP,39.9,14.1,Unknown,54.0
0801f0d06dea3e577f48276a2a225597,2017-10-18 20:26:36+00:00,tabira,PE,29.99,25.63,fashion_bolsas_e_acessorios,55.62
08030370edeb35f2f91b73f09f76a49b,2018-04-11 11:34:51+00:00,luziania,GO,319.0,28.31,automotivo,347.31
0803296b40e2392a6d35771832ca1d7a,2017-03-09 10:36:58+00:00,teofilo otoni,MG,42.0,14.52,casa_conforto,56.519999999999996
080353b05fa842120b49deabe1613a37,2017-07-03 15:48:48+00:00,recife,PE,90.99,17.92,eletronicos,108.91
0804701eb9f74ec349c0b1dce5a83df7,2018-08-09 18:55:30+00:00,franco da rocha,SP,40.0,14.58,informatica_acessorios,54.58
080480ad9ab2cde9dd7f580cc063ecc9,2018-05-22 21:58:57+00:00,florianopolis,SC,69.9,18.07,informatica_acessorios,87.97
0805644614eb4e79eb6e5948057e2f1b,2018-02-14 15:08:42+00:00,agua boa,MT,398.0,60.58,automotivo,458.58
0805ef7875f007ad8ae7f5179c939667,2018-03-26 11:24:53+00:00,redencao,PA,92.9,43.79,cama_mesa_banho,136.69
08061d4bd888415d50ba941cbd4324da,2017-02-28 17:10:24+00:00,mongagua,SP,199.9,12.01,relogios_presentes,211.91
0806cf8565810770735ccbff09d9d4c5,2017-12-06 21:09:23+00:00,natal,RN,49.9,24.9,brinquedos,74.8
0807b732c1e7621078473cec87389c8d,2018-04-18 09:36:08+00:00,porto alegre,RS,39.0,15.23,papelaria,54.230000000000004
0807b732c1e7621078473cec87389c8d,2018-04-18 09:36:08+00:00,porto alegre,RS,44.0,15.23,papelaria,59.230000000000004
0807e3831ca17d1d980903674c61d019,2018-05-30 19:55:32+00:00,sao paulo,SP,264.5,10.21,perfumaria,274.71
0807ef98d4c6786b58238e6dfb2d2a9c,2018-01-24 15:55:19+00:00,treze tilias,SC,45.9,15.1,automotivo,61.0
08090fccbb124a320054723db6201076,2017-11-26 19:13:20+00:00,itauna,MG,19.9,15.1,informatica_acessorios,35.0
080a96bd106fabe8c9a74df5cb5d8d26,2017-07-03 00:09:17+00:00,sao paulo,SP,149.0,14.06,brinquedos,163.06
080c5db822472f28f4193dc902b9be32,2018-07-30 18:55:02+00:00,sao paulo,SP,49.99,9.1,moveis_decoracao,59.09
080d1460c228aebf236ed5800edce044,2017-12-22 12:38:56+00:00,londrina,PR,99.9,15.45,beleza_saude,115.35000000000001
081081d7c1bab4679737b9254c3e992a,2018-01-05 10:23:18+00:00,sorocaba,SP,129.9,12.61,cama_mesa_banho,142.51
0810ae0fa88d7880bf3d2fa5fa172f60,2018-01-21 20:43:26+00:00,trajano de moraes,RJ,159.0,18.36,cama_mesa_banho,177.36
08119452a05228b9c7e379abf9622dab,2018-06-07 21:35:52+00:00,sao paulo,SP,149.9,24.91,bebes,174.81
0812b411edea2fcc36b4bc1f8e4e36aa,2018-01-13 13:18:10+00:00,sao vicente,SP,109.99,106.63,esporte_lazer,216.62
0812eb902a67711a1cb742b3cdaa65ae,2017-02-12 20:37:36+00:00,campo grande,MS,6735.0,194.31,utilidades_domesticas,6929.31
081409ec388a7be098904b884d149db0,2017-06-14 15:27:11+00:00,sao jose do rio preto,SP,115.9,29.6,pet_shop,145.5
0814daa4d12a646aeb73c429d5852f4d,2018-07-28 13:14:37+00:00,pirapora,MG,49.97,23.34,moveis_decoracao,73.31
08158c9f50214fc5872aba47814160e7,2017-03-15 14:37:37+00:00,bento goncalves,RS,219.9,89.87,informatica_acessorios,309.77
0815bb5a3a3289fdf7ac65a426cb553a,2018-06-19 21:36:37+00:00,sao paulo,SP,99.9,12.19,cama_mesa_banho,112.09
0817ec0f9c1ec6a3ae2826349129d4a7,2017-08-25 17:04:19+00:00,erechim,RS,89.9,17.88,cama_mesa_banho,107.78
081820c2ad1ad7f6c452c1e845529fe8,2018-08-15 23:42:25+00:00,sao pedro da aldeia,RJ,119.0,41.81,papelaria,160.81
081857a1fe99545a55e83b3b1e8a8ce0,2018-04-19 23:10:25+00:00,resplendor,MG,42.5,19.95,construcao_ferramentas_construcao,62.45
0818699476819463109688475b808343,2018-06-01 09:57:51+00:00,olimpia,SP,849.0,20.03,eletroportateis,869.03
081aa4722ec9005a164bb9e2c2090911,2018-06-19 12:42:57+00:00,sao paulo,SP,110.32,8.03,beleza_saude,118.35
081acb555a1113c7c97b5c19a34852a1,2017-07-16 20:38:03+00:00,rio de janeiro,RJ,16.9,17.63,dvds_blu_ray,34.53
081bfb811c30ac2ba75d0013a7fc1d65,2017-07-14 14:35:26+00:00,nova friburgo,RJ,89.99,15.38,beleza_saude,105.36999999999999
081c75b9982020f01f5672792408d728,2018-05-06 22:35:41+00:00,santa helena de goias,GO,28.0,19.32,instrumentos_musicais,47.32
081d8e7957ea9756d18875b8505c2886,2017-12-28 18:48:01+00:00,luzilandia,PI,21.9,34.15,eletronicos,56.05
081dff6255d4b75937a72577339b2728,2018-03-13 14:21:08+00:00,mogi mirim,SP,17.8,8.64,bebes,26.44
081e5884f403fbe66f3bce77c72c9230,2017-10-31 15:09:11+00:00,sao paulo,SP,30.21,13.37,informatica_acessorios,43.58
081f94ba9d60353dcfa2200cf9bf42cc,2017-12-22 01:08:40+00:00,belem,PA,119.99,21.24,brinquedos,141.23
08202fbf5047a2f85a0983ac291a69fb,2017-04-05 08:38:19+00:00,guarulhos,SP,119.99,21.29,telefonia,141.28
08204559bebd39e09ee52dcb56d8faa2,2018-01-14 07:36:54+00:00,nova iguacu,RJ,87.9,15.38,malas_acessorios,103.28
0820ec4a663815afde264b1f4cbfeccd,2017-12-27 13:12:11+00:00,presidente prudente,SP,139.0,13.31,automotivo,152.31
08213e46524c11c2501c5d0a59ff8b7a,2018-04-21 17:55:05+00:00,rio de janeiro,RJ,75.0,38.82,moveis_sala,113.82
082143e4f5f63e4e768aa4d5c70d0d02,2017-06-14 20:34:06+00:00,colombo,PR,61.8,16.68,beleza_saude,78.47999999999999
0822275bffed889280029c0c32b003e6,2018-02-05 13:12:47+00:00,rio de janeiro,RJ,21.9,14.1,eletronicos,36.0
08225af20bcc4b379e2019b723e44a45,2018-02-04 23:21:11+00:00,joacaba,SC,27.99,15.1,telefonia,43.089999999999996
0822bcde10bb5d023755a71bc8f7797f,2018-05-07 23:29:24+00:00,sao paulo,SP,990.0,321.46,construcao_ferramentas_construcao,1311.46
082388d7ce9557ef064199ef978a8f3e,2018-07-29 21:02:36+00:00,mogi das cruzes,SP,14.9,8.29,telefonia,23.189999999999998
082390c0275d73d20f55fec91903bbd7,2018-05-11 14:39:15+00:00,valenca,BA,82.0,19.12,perfumaria,101.12
082390c0275d73d20f55fec91903bbd7,2018-05-11 14:39:15+00:00,valenca,BA,109.9,19.12,esporte_lazer,129.02
0823dcbe6114c3aab2fc53d98117d916,2017-09-14 08:56:38+00:00,jaboatao dos guararapes,PE,89.49,25.91,esporte_lazer,115.39999999999999
0825a0aa574e4d49396e37335aa640f1,2017-10-12 13:03:52+00:00,mossoro,RN,149.9,43.08,cool_stuff,192.98000000000002
082730bdb06cc2b755fbb33becd6ccec,2018-07-24 23:00:55+00:00,caratinga,MG,30.0,18.31,portateis_casa_forno_e_cafe,48.31
08273b57741a2ee2f20725323393b0a2,2018-04-08 21:10:37+00:00,sao paulo,SP,219.9,32.93,utilidades_domesticas,252.83
08288e829c6b9a810a4392bbc30545dc,2017-11-26 16:31:13+00:00,sao paulo,SP,18.9,12.48,eletronicos,31.38
0828ce181ff4d87d201f07043986d0d2,2018-07-15 15:09:05+00:00,porto alegre,RS,59.9,46.72,instrumentos_musicais,106.62
0828f00051736863b477ea7277ddda6f,2017-09-29 00:47:51+00:00,joinville,SC,72.9,13.66,esporte_lazer,86.56
0829f68cdf3850bb5977ac321e0fb8d5,2017-10-18 08:41:11+00:00,presidente venceslau,SP,13.65,15.98,esporte_lazer,29.630000000000003
082a40b17edc8dee91ba95b20b555815,2017-10-07 21:50:31+00:00,bananeiras,PB,99.99,38.25,cool_stuff,138.24
082b1b681e5c80c5334f290e6d5a5405,2017-11-22 14:37:39+00:00,sao paulo,SP,19.99,7.78,informatica_acessorios,27.77
082b39e89779891345c6ebc6def4822d,2018-01-29 17:54:40+00:00,sao paulo,SP,144.99,12.22,cool_stuff,157.21
082c2f05e569e5d095ac086461bef733,2018-01-21 11:29:19+00:00,goiania,GO,179.9,16.02,beleza_saude,195.92000000000002
082c30f193b1a499078fafbfa3a2d6a7,2017-11-13 20:10:29+00:00,guapimirim,RJ,270.0,16.64,fashion_bolsas_e_acessorios,286.64
082c7986084072affce4f8c0a20a39df,2018-02-28 13:15:20+00:00,lavras,MG,42.79,12.48,informatica_acessorios,55.269999999999996
082d1a4833001c9e4d9a97109ea180d6,2017-10-18 08:45:41+00:00,ribeirao preto,SP,249.9,14.77,beleza_saude,264.67
082d9e610509b115a17045c97c207811,2018-06-08 16:11:27+00:00,bom jesus do itabapoana,RJ,197.5,39.43,informatica_acessorios,236.93
082da800c206687336a039aa7269d303,2018-05-02 13:10:10+00:00,lencois paulista,SP,159.9,19.0,relogios_presentes,178.9
082e1d9362de402518ac4c47b4d82dd0,2017-07-28 22:34:21+00:00,valinhos,SP,49.9,8.27,informatica_acessorios,58.17
0830f0655920234ddca71663beb629cb,2018-05-23 11:23:55+00:00,campos dos goytacazes,RJ,112.99,34.33,informatica_acessorios,147.32
0830fb3429c4807bd185a32fe5241b8a,2017-12-12 20:21:26+00:00,campinas,SP,51.49,9.94,bebidas,61.43
08320dbc54cab8156a9a9f7c74a8b078,2017-07-20 14:53:16+00:00,rio de janeiro,RJ,120.0,34.2,ferramentas_jardim,154.2
08322b6d209359f491acb1e5f89cb371,2018-08-22 20:16:37+00:00,carmo do rio claro,MG,238.0,68.72,artes_e_artesanato,306.72
083556b25c9ff2ecef87ad43b8d265cc,2018-05-31 02:31:42+00:00,sao paulo,SP,119.59,9.19,audio,128.78
083606af9191f3c3119ed90e616df1ca,2017-09-05 11:59:59+00:00,camocim de sao felix,PE,174.0,17.66,telefonia,191.66
083715659baf44018ac67f7914b85cdb,2018-05-19 12:27:20+00:00,mineiros do tiete,SP,79.9,13.0,fashion_bolsas_e_acessorios,92.9
0838c36e9894cf5d929f58210d5b5bb0,2017-06-13 11:22:36+00:00,belem,PA,79.9,25.01,market_place,104.91000000000001
083a0434b4fe46096d27412266b29d36,2018-03-29 10:47:24+00:00,tubarao,SC,69.8,19.46,utilidades_domesticas,89.25999999999999
083a4afaefd6690e5cf5918275c4e413,2017-09-13 05:53:17+00:00,brasilia,DF,299.0,26.54,moveis_decoracao,325.54
083ade26303c53b4aa1c779b67d44485,2018-06-07 20:38:06+00:00,rio de janeiro,RJ,61.0,15.31,esporte_lazer,76.31
083b812dd46ddf24d9ae0b6429139c9f,2018-07-13 07:47:48+00:00,belo horizonte,MG,14.9,15.23,brinquedos,30.130000000000003
083c350532e95d46b3c25b7c41b1ad63,2018-05-28 18:20:49+00:00,franco da rocha,SP,79.0,13.46,utilidades_domesticas,92.46000000000001
083c3a567b005b0f7261c9c0c76fe151,2017-02-12 15:45:27+00:00,sao domingos,MG,59.9,17.16,moveis_decoracao,77.06
083dcb43c3410ea112ed46dc5e8f6674,2017-12-01 20:51:43+00:00,sidrolandia,MS,228.0,18.04,relogios_presentes,246.04
083dcf8ec0ff8aedc0d7ad8063baad80,2018-04-19 12:06:09+00:00,petropolis,RJ,119.0,17.6,informatica_acessorios,136.6
083f267075b03a6cd837f4faa2c7b881,2018-07-04 08:04:13+00:00,recife,PE,122.99,21.13,beleza_saude,144.12
083fa2fb9d3de18eabbb3427045a1a1f,2018-07-03 10:24:56+00:00,rio de janeiro,RJ,119.0,18.93,relogios_presentes,137.93
084051935208c688c8cd5fae3d15810d,2017-02-24 15:46:49+00:00,porto seguro,BA,44.9,17.78,automotivo,62.68
084080266521db39cd371403f8534271,2018-03-23 01:42:47+00:00,palhoca,SC,89.0,19.59,brinquedos,108.59
08427834d148946950a3fe92a596e1e4,2017-11-29 14:14:58+00:00,bage,RS,54.9,26.92,malas_acessorios,81.82
08432abcf785878edf1221a0611960ea,2017-01-26 20:37:39+00:00,porto alegre,RS,29.99,17.19,esporte_lazer,47.18
084408fe97c377238b5ee3e8bed4c99d,2017-11-25 05:12:26+00:00,dias d'avila,BA,148.9,43.45,cama_mesa_banho,192.35000000000002
084420ecc28fd09f04b4d0c5fa9929e1,2017-05-23 13:53:50+00:00,teixeira de freitas,BA,219.99,17.98,perfumaria,237.97
08445c33aae15e7639ae685a2763bf58,2017-10-07 23:33:15+00:00,sao paulo,SP,121.9,13.87,beleza_saude,135.77
08448f27d81d804598569621e1fb1d8e,2017-11-30 09:48:57+00:00,sao paulo,SP,56.99,8.72,perfumaria,65.71000000000001
08451f484ac3dba5140399d0b7e0a829,2018-01-02 10:32:22+00:00,petrolandia,PE,65.0,25.73,cool_stuff,90.73
0846185a9dfd578106358936887eb8a5,2018-01-02 12:29:58+00:00,natal,RN,180.49,35.06,esporte_lazer,215.55
084644a489ac88b4ca68d2aa3dc91292,2018-08-20 22:36:17+00:00,caxias do sul,RS,87.9,18.72,livros_interesse_geral,106.62
0847671e74f36253e410d74921dff936,2017-11-25 22:11:45+00:00,praia grande,SP,49.9,8.72,perfumaria,58.62
0847b01cece36c36c9c439bd502babe5,2018-04-13 06:35:04+00:00,teresina,PI,96.0,24.8,moveis_decoracao,120.8
0847e79b172a265faa7bd23222c56222,2018-06-14 20:48:50+00:00,rio de janeiro,RJ,44.99,18.45,moveis_decoracao,63.44
0848fc09700c8afc1c372a4b2b7be70a,2017-12-13 11:03:02+00:00,osvaldo cruz,SP,32.0,11.85,construcao_ferramentas_construcao,43.85
0849024969adbd058756b6d843f3c1c5,2017-12-17 20:04:57+00:00,belo horizonte,MG,51.49,16.12,bebidas,67.61
0849ccbfff0e8fd7168be6a62ca74a0d,2018-05-08 14:38:21+00:00,cordeiro,RJ,99.9,0.0,relogios_presentes,99.9
0849eaf857ddbba0d7a97887503f9795,2017-12-01 11:50:46+00:00,brasilia,DF,85.0,21.43,utilidades_domesticas,106.43
084ac56b13107e32ab92934f70638bc9,2017-11-25 13:47:05+00:00,patos de minas,MG,1141.0,130.98,esporte_lazer,1271.98
084ac8d010dca0cb81b1bd4f375a047e,2018-02-13 14:37:04+00:00,rio de janeiro,RJ,59.0,16.17,moveis_decoracao,75.17
084aeb6e79318fd38a5129da7db217d2,2018-03-05 12:28:59+00:00,aracruz,ES,129.0,44.98,informatica_acessorios,173.98
084ba79e5ae4e7d7ff0221c538c38832,2018-04-26 16:56:49+00:00,rio de janeiro,RJ,24.89,17.06,eletronicos,41.95
084ba8afde2ae7dcc7610239f97b7d43,2018-03-12 14:56:44+00:00,sao jose dos campos,SP,435.19,20.93,construcao_ferramentas_seguranca,456.12
084ce670827e3ebb5f585818b985bc25,2018-07-03 21:05:39+00:00,marica,RJ,98.89,25.04,esporte_lazer,123.93
084dc35511ef0934cbe4f52d6b1e17ed,2018-05-16 22:07:12+00:00,sao jose dos campos,SP,13.99,7.39,perfumaria,21.38
084ded1a75b230fac5331c786694ab7f,2018-01-03 21:00:21+00:00,sao jose dos campos,SP,69.9,13.08,moveis_decoracao,82.98
084e6aea84bfcc0627bf4da8d657938e,2018-01-12 10:09:49+00:00,bauru,SP,136.99,43.19,moveis_escritorio,180.18
084eed5f31d7cd5291671a544852e5d4,2017-09-28 18:59:53+00:00,fortaleza,CE,55.0,21.19,relogios_presentes,76.19
084f5caa157d28601e72b588e656e3ec,2017-07-01 16:43:58+00:00,varginha,MG,629.0,67.08,cool_stuff,696.08
08504a0dce0a3cd13b3f7971d29fb991,2017-11-05 15:24:14+00:00,santo andre,SP,29.0,7.78,relogios_presentes,36.78
0850d4915a0e1d284feb7aeee9f88573,2018-08-09 13:36:40+00:00,sao paulo,SP,48.9,9.09,bebes,57.989999999999995
08523d94685d7c7efc1381136873cab3,2017-11-17 00:49:51+00:00,camboriu,SC,75.0,21.02,moveis_decoracao,96.02
0852d26c3b55f84aca9d256f91a44bea,2017-08-18 15:44:29+00:00,pato branco,PR,18.99,15.1,telefonia,34.089999999999996
0852e5a61869a064200caa569e5291a5,2017-10-17 09:27:04+00:00,itapema,SC,169.9,15.94,cool_stuff,185.84
085364fbac51681978eace38694d4683,2018-04-19 18:12:15+00:00,vitoria,ES,191.0,19.22,esporte_lazer,210.22
0853e0536bc0b71240beedd97501bd7b,2018-07-15 07:05:30+00:00,rio de janeiro,RJ,478.0,20.28,fashion_bolsas_e_acessorios,498.28
0854ba21ce30d4c823d2822a698f5bf9,2018-06-16 16:57:02+00:00,governador valadares,MG,234.0,42.62,casa_construcao,276.62
085505e898297808653c70305ae11f47,2018-01-24 12:33:01+00:00,lins,SP,210.0,30.97,cama_mesa_banho,240.97
085505e898297808653c70305ae11f47,2018-01-24 12:33:01+00:00,lins,SP,260.0,30.96,cama_mesa_banho,290.96
085505e898297808653c70305ae11f47,2018-01-24 12:33:01+00:00,lins,SP,34.9,30.96,cama_mesa_banho,65.86
0855f6a946e8c4bef27d0ac24e524554,2018-02-25 16:48:27+00:00,itaborai,RJ,56.0,15.14,beleza_saude,71.14
0858bbf6d922af574797281c8df8de5c,2018-08-10 14:02:07+00:00,sao paulo,SP,39.9,7.54,fashion_bolsas_e_acessorios,47.44
0858c9b11272c041d6de2fdcdbc392f1,2017-04-08 19:28:28+00:00,registro,SP,169.0,18.47,automotivo,187.47
08597f2b3cec1c223f1b7950bda0a9fc,2017-10-23 13:31:12+00:00,uberlandia,MG,29.9,15.1,perfumaria,45.0
085b1f163267ab9db88bb6b4145e0df7,2018-01-19 08:13:59+00:00,caraguatatuba,SP,249.99,16.5,cool_stuff,266.49
085bc46be56c7b3c4d5d805843d02e5e,2017-07-04 18:48:46+00:00,sao paulo,SP,29.9,16.11,cool_stuff,46.01
085c1b501f2aed6dc60955055e9567bd,2018-03-23 20:43:35+00:00,riachao das neves,BA,27.99,22.06,telefonia,50.05
085c76ec2a854d66417d0dddc622adb0,2017-05-09 22:29:06+00:00,muriae,MG,40.99,15.1,informatica_acessorios,56.09
085dc4386ef92b335b19c17b1ab7876a,2017-12-14 12:45:50+00:00,sao paulo,SP,85.5,12.1,brinquedos,97.6
08613505c6d1fa61ec5908afbb99fe84,2018-02-13 23:29:56+00:00,varginha,MG,193.9,35.88,esporte_lazer,229.78
08632fe0bc1f85190f242268f3410561,2017-07-12 09:56:39+00:00,salvador,BA,205.0,24.81,cama_mesa_banho,229.81
086336eee2f5956e2a6a18369abd023d,2017-07-30 03:10:40+00:00,sao paulo,SP,180.5,10.08,papelaria,190.58
08636a3fcd5c2b3e957b9b8c6ac8ecd9,2017-08-12 10:05:35+00:00,niteroi,RJ,89.9,17.88,casa_conforto,107.78
08652363092b158440e2422e7c3ccaf4,2017-12-04 18:26:12+00:00,rolandia,PR,64.89,17.7,bebes,82.59
08659a24c131a7a894f45544a4ab4751,2018-02-16 19:32:22+00:00,cururupu,MA,320.36,51.9,informatica_acessorios,372.26
0865bf48f1aecd458a5a2ff3211dee8c,2018-06-17 10:20:03+00:00,sao paulo,SP,109.0,8.92,telefonia,117.92
0866001f9f2ff47df177b77ce6abecd4,2018-07-12 05:34:34+00:00,angatuba,SP,51.89,13.02,beleza_saude,64.91
0866d83668146dad766bf1a583207b19,2018-06-25 09:22:58+00:00,maceio,AL,29.0,22.92,beleza_saude,51.92
0866fdb0c7de244fd6acbf00a2cbade7,2018-03-06 12:27:11+00:00,maua,SP,29.45,14.43,instrumentos_musicais,43.879999999999995
086700af881b71e5ef67cfc7ecf4a7a9,2018-06-05 15:09:58+00:00,caieiras,SP,129.0,18.78,cama_mesa_banho,147.78
086731f4ad521c4094b1eda75986b88e,2017-10-25 20:36:00+00:00,garrafao do norte,PA,466.0,40.4,esporte_lazer,506.4
08688e50bd932bdbd480bb25e55c70de,2017-11-09 22:27:49+00:00,toledo,PR,28.99,15.1,telefonia,44.089999999999996
086928951ba74a6682919fc942c458d0,2017-09-15 03:48:04+00:00,rio de janeiro,RJ,26.18,16.6,utilidades_domesticas,42.78
086961934db99fd12a25cfeef96ff2cd,2017-05-16 21:59:35+00:00,londrina,PR,129.99,15.66,cool_stuff,145.65
086986d3fe34c0417a41f76b14114fec,2018-08-04 21:48:53+00:00,suzano,SP,229.9,14.91,papelaria,244.81
0869a3c8a1dd07c13e4847627fcc704f,2017-11-24 16:09:01+00:00,belo horizonte,MG,16.9,15.1,automotivo,32.0
086c6d64a23359add6c0488fbca20ccb,2018-07-07 15:31:11+00:00,rio de janeiro,RJ,115.0,37.72,automotivo,152.72
086cb9cd0cf7067d77fe09f31620a52b,2018-06-20 09:09:04+00:00,extrema,MG,181.01,23.2,informatica_acessorios,204.20999999999998
086ce45c7045b3c6a4b503bd3ec73413,2017-11-24 13:48:39+00:00,araguaina,TO,48.3,25.63,fashion_bolsas_e_acessorios,73.92999999999999
086d49a75db554056a171c0c706a7e18,2017-11-06 15:04:33+00:00,sao paulo,SP,149.94,25.56,moveis_escritorio,175.5
086d8c0d2740866ee3d4730987640d4c,2018-04-04 13:50:43+00:00,taboao da serra,SP,49.95,12.79,cama_mesa_banho,62.74
086da3118e7ada3cfb7cce476954af52,2018-05-22 09:51:07+00:00,alfredo chaves,ES,189.9,24.26,cool_stuff,214.16
086e718f4bcff72026c18edaf8d572c5,2017-09-05 21:50:25+00:00,campinas,SP,183.37,16.72,beleza_saude,200.09
086f617d66181efa193629791e0a9076,2018-08-10 12:48:28+00:00,petropolis,RJ,92.9,18.75,eletrodomesticos,111.65
086f8f18f98299e22931d762c63db2b8,2017-11-16 17:02:25+00:00,taquara,RS,2029.0,121.22,ferramentas_jardim,2150.22
086fbd1d738c8b0bf972f0757bc57e9c,2018-01-15 11:54:26+00:00,mogi das cruzes,SP,44.99,15.1,informatica_acessorios,60.09
0870bb57b1b24052c8ac2cd8df433553,2018-08-07 08:17:03+00:00,salto,SP,28.99,7.46,alimentos,36.449999999999996
0870d202dc3234340a499505dc36c7a4,2017-11-19 18:05:24+00:00,sao paulo,SP,37.5,9.34,papelaria,46.84
0870e65cf1b3551a87735b85ee9dd147,2018-05-23 23:17:40+00:00,sao bernardo do campo,SP,62.9,8.88,automotivo,71.78
0870ee292ce510fc7bf1ccd86a6d28c7,2017-06-28 08:32:54+00:00,duque de caxias,RJ,49.9,34.15,consoles_games,84.05
0871bd17337f3c779b6ce501af36a4cd,2018-04-16 11:36:50+00:00,francisco beltrao,PR,129.05,14.98,moveis_decoracao,144.03
08724b06f2204993989fa6c331dfa3d6,2018-05-29 18:02:38+00:00,sao goncalo,RJ,60.99,15.31,construcao_ferramentas_construcao,76.3
0872d0faafe0cb56e6f2c594cca1522c,2017-09-26 12:10:26+00:00,lavras,MG,109.9,18.02,cama_mesa_banho,127.92
0872f22df707596feed1639609f6eba7,2018-01-30 09:00:45+00:00,florianopolis,SC,84.9,15.34,informatica_acessorios,100.24000000000001
08733fad8b29896d4920d381cd3f7cf1,2018-01-20 13:23:02+00:00,sao luis,MA,36.9,33.24,informatica_acessorios,70.14
08748bafebfe3d00f17771505f3df1e4,2018-03-16 19:44:04+00:00,bage,RS,39.9,18.23,moveis_decoracao,58.129999999999995
0874cc8e3901cd3d61e47bd8041c2e8d,2017-08-18 18:55:02+00:00,bom jesus do itabapoana,RJ,198.89,18.64,cama_mesa_banho,217.52999999999997
08763574782690116475ea62ffdecadb,2017-11-28 07:50:35+00:00,rio de janeiro,RJ,69.99,15.25,brinquedos,85.24
087692f9f84c65ed1560e4a3b97d5c21,2017-05-27 23:26:40+00:00,rio de janeiro,RJ,1672.0,25.45,relogios_presentes,1697.45
0877034e4780ed6345f93f2c0e0d48ec,2018-05-14 09:11:00+00:00,porto alegre,RS,96.0,13.38,relogios_presentes,109.38
0877e8db9d779712c1c299b5bd8daa11,2017-11-25 13:39:56+00:00,fortaleza,CE,27.99,17.63,telefonia,45.62
08783e3047d2cdfcccfcb9ee5b45772f,2018-03-02 19:38:26+00:00,tres rios,RJ,69.9,12.49,perfumaria,82.39
087889e1fca3301cc56532907bfe811c,2017-11-28 09:26:02+00:00,coribe,BA,59.9,16.86,cama_mesa_banho,76.75999999999999
08791ec24b12af5af099ce45bdf3a396,2018-04-17 08:38:41+00:00,ararangua,SC,412.0,33.87,agro_industria_e_comercio,445.87
08796d7a1fa345c5bce8f3f53435e21c,2018-08-16 12:17:18+00:00,santana de parnaiba,SP,79.99,8.72,informatica_acessorios,88.71
087a1c1dfd41b68ab6a6cd8551147bb2,2018-07-30 14:06:15+00:00,sao paulo,SP,27.9,7.46,alimentos,35.36
087a471c766adfaa11fd61670213b4c3,2017-04-20 13:39:50+00:00,itapevi,SP,119.9,12.23,cama_mesa_banho,132.13
087a5caa838085de4baa54e02f8f2878,2018-06-09 01:13:30+00:00,sao paulo,SP,69.0,36.4,industria_comercio_e_negocios,105.4
087b7573e7bda014f7f61b472a7cf555,2017-02-22 13:08:03+00:00,varginha,MG,34.99,14.52,moveis_decoracao,49.510000000000005
087b902fe8df6660b295f28f1d8f7c30,2018-03-08 18:50:11+00:00,sao vicente,SP,29.9,11.15,pet_shop,41.05
087b9476284aab4d762f05d8c0181aab,2018-08-12 20:52:56+00:00,cunha pora,SC,100.0,53.05,bebes,153.05
087c44ddc65697d4a3a2af9234c5a22b,2018-04-08 20:12:30+00:00,caxias do sul,RS,49.3,16.95,informatica_acessorios,66.25
087cd9d85fb88c6b0a229b508311377e,2018-03-05 21:10:00+00:00,venturosa,PE,378.9,39.34,relogios_presentes,418.24
087e4c8f6ced94c453d434e9b2490e69,2018-03-08 09:29:43+00:00,serra do salitre,MG,49.99,22.06,informatica_acessorios,72.05
087f003cb486254f7454eead9265e992,2018-06-22 11:58:33+00:00,serra,ES,298.5,17.76,consoles_games,316.26
087f3b4c583de715fda96594b3a03b65,2018-02-07 14:55:48+00:00,piumhii,MG,79.0,17.8,eletronicos,96.8
0880410ce1538dfc180e260708256fcb,2017-02-25 09:21:20+00:00,pilar do sul,SP,39.9,10.96,ferramentas_jardim,50.86
08804ff605210017ad305e46cbd4e3c8,2018-08-06 12:26:08+00:00,campinas,SP,169.9,12.21,beleza_saude,182.11
088217fa841fd3da3004a1a7e1d525f8,2017-09-20 19:08:10+00:00,rio branco,AC,148.0,38.83,cama_mesa_banho,186.82999999999998
0882461df7b87e99ede0ca735cf32e00,2018-02-20 17:30:50+00:00,maceio,AL,449.99,27.7,automotivo,477.69
088683f795a3d30bfd61152c4fabdfb2,2017-07-13 10:02:47+00:00,varzea grande,MT,29.9,16.92,pet_shop,46.82
08869d221628341d81a9dd18a07f625a,2018-05-06 22:31:38+00:00,iturama,MG,99.99,14.78,beleza_saude,114.77
0886b681f437971243d241ece6cf21d9,2017-11-04 12:02:41+00:00,comercinho,MG,129.0,15.65,relogios_presentes,144.65
0886e32a3289fc38b0deaddb26655a7e,2018-02-15 16:18:31+00:00,foz do iguacu,PR,120.0,50.71,ferramentas_jardim,170.71
0886f12bc4f3770e8660c836cd58abbd,2017-08-14 14:05:00+00:00,santa maria,RS,209.9,26.31,utilidades_domesticas,236.21
088833da9e3a3578817cee729d4e0a97,2017-12-26 14:14:14+00:00,sao paulo,SP,76.9,13.56,moveis_decoracao,90.46000000000001
088858a852d62de0c175c9cc4bc0ddb6,2018-05-13 13:35:03+00:00,ajuricaba,RS,97.0,14.76,utilidades_domesticas,111.76
0888cf8a7f975f34f13e851049b35dd6,2018-02-28 21:17:37+00:00,rio de janeiro,RJ,53.99,14.13,perfumaria,68.12
088a21dbb29d74a07738fb93a96b507a,2017-11-16 13:40:01+00:00,salvador,BA,89.99,50.5,ferramentas_jardim,140.49
088a5d99caf7f8345f08892b9c900bee,2018-04-08 20:44:42+00:00,salvador,BA,290.0,27.32,bebes,317.32
088cbb32185a7be453138d87370d1fea,2018-05-08 21:50:22+00:00,sao paulo,SP,144.9,10.88,informatica_acessorios,155.78
088ed3ea83b658f4974b48fbbb26a795,2017-04-19 15:29:11+00:00,rio de janeiro,RJ,29.99,14.11,moveis_decoracao,44.099999999999994
088f428b537f8a80e52118e3e409ed50,2017-08-27 21:04:23+00:00,guarulhos,SP,65.0,15.2,esporte_lazer,80.2
088f6cd16a7a4bb22e9ab6dc417739c3,2018-03-25 17:13:44+00:00,sao jose do rio preto,SP,519.0,16.99,relogios_presentes,535.99
0890110313bd12b08169c1b6bd56bf4d,2017-12-03 18:12:23+00:00,barueri,SP,85.0,36.69,moveis_colchao_e_estofado,121.69
0890337bc4f93f0370ccdd9a0c8b1f55,2018-07-20 14:49:22+00:00,campo grande,MS,60.0,16.61,automotivo,76.61
08904f6557108c451821501ca9e6aa4a,2017-11-25 17:11:40+00:00,unai,MG,79.9,19.8,cama_mesa_banho,99.7
08906bb784f60b396fdf8fb1773c5e47,2017-11-07 18:03:01+00:00,coromandel,MG,59.9,12.55,fashion_bolsas_e_acessorios,72.45
089099bac717ea03540251a8c02858b6,2018-05-09 20:44:52+00:00,sao paulo,SP,79.0,14.64,papelaria,93.64
08915d73ff742886f0b4c9429af3c959,2018-04-22 21:23:13+00:00,sao paulo,SP,89.18,8.98,utilidades_domesticas,98.16000000000001
08915f902759876fcac1ccf9bbc966cf,2017-08-18 20:41:08+00:00,belem,PA,26.9,26.89,utilidades_domesticas,53.79
0891b66cbcc48cf64f31ae9cae3d08d8,2016-10-09 13:57:42+00:00,siqueira campos,PR,299.99,17.91,moveis_decoracao,317.90000000000003
08920300c97e9c4ef7728df49f6317b3,2017-11-24 15:51:42+00:00,belo horizonte,MG,115.0,14.56,moveis_decoracao,129.56
08921fc98ee1dc54454ae8af90493c44,2018-04-19 01:10:02+00:00,carapicuiba,SP,69.9,12.43,moveis_decoracao,82.33000000000001
08933455a78346ec6d1d170ddd9bdb3c,2017-07-13 14:43:09+00:00,maua,SP,29.99,7.78,moveis_decoracao,37.769999999999996
08935d5052c6414b1960eb67796d01f5,2017-08-25 23:51:38+00:00,resende,RJ,79.0,38.39,construcao_ferramentas_construcao,117.39
0893ae2dd572c400965d60fa77f45076,2018-07-18 10:23:33+00:00,andradina,SP,99.9,27.0,cool_stuff,126.9
0893d3e08dffcc94ba62238512c798b6,2017-10-09 07:58:39+00:00,sao jose dos campos,SP,59.9,14.13,utilidades_domesticas,74.03
089692eb75f455bcb86e1a21ace6abad,2017-11-12 17:58:23+00:00,rio de janeiro,RJ,13.99,14.1,perfumaria,28.09
0896d006da3ad8dc1b39b408ea428eb0,2017-09-12 11:15:53+00:00,esperantina,PI,99.0,34.49,relogios_presentes,133.49
0896eccb8187d6b1738ce4a3a1add1b3,2018-08-13 12:16:56+00:00,sao paulo,SP,89.99,15.7,beleza_saude,105.69
0897cfdc3612d0942f33b22a3dd9cd8c,2018-07-13 22:05:44+00:00,barra mansa,RJ,389.0,21.91,esporte_lazer,410.91
089842dfdfa1f3826df7d96896c49653,2017-12-12 13:21:01+00:00,ituiutaba,MG,199.99,16.15,automotivo,216.14000000000001
089896265e5395ee8335f9f417a7f6c0,2018-05-30 16:15:51+00:00,catalao,GO,151.8,18.94,casa_construcao,170.74
0899b756a6357ed330e0620ad548d70d,2017-08-30 01:51:30+00:00,sao bernardo do campo,SP,117.99,9.64,automotivo,127.63
089a371eeab2f86ebe76b23a4c99d3b1,2018-02-21 15:35:42+00:00,palhoca,SC,209.99,20.96,cool_stuff,230.95000000000002
089b005e56c360e749ff7185aa4814af,2017-04-08 14:43:24+00:00,barra velha,SC,105.0,19.01,cama_mesa_banho,124.01
089b6875058f8f72ecbe2f5afe317910,2018-04-10 21:07:35+00:00,sao paulo,SP,79.9,7.42,fashion_bolsas_e_acessorios,87.32000000000001
089e38da3f1d828e95e2117ba84af02d,2018-02-28 14:23:31+00:00,pocos de caldas,MG,149.9,20.29,esporte_lazer,170.19
089f9bfea8386f4b212e2145f7ad563b,2018-05-29 07:39:45+00:00,sao paulo,SP,119.99,7.7,eletronicos,127.69
089fd8829f0bd7f98a1b98614c835dec,2017-05-25 03:26:40+00:00,taubate,SP,69.9,17.74,automotivo,87.64
08a0229449937f03d05a335929cc455f,2017-09-19 20:17:54+00:00,tanhacu,BA,248.99,18.18,informatica_acessorios,267.17
08a14ebab7440e5f7bfd8ca0b37fc613,2018-03-19 21:26:45+00:00,ourinhos,SP,68.99,12.92,esporte_lazer,81.91
08a19256bfef2a2b1f0fc654723a9c71,2018-07-01 22:41:26+00:00,porto velho,RO,89.19,51.34,eletrodomesticos,140.53
08a1ae3618b37c278906f99c6a97fe1d,2017-11-02 00:19:30+00:00,sumare,SP,117.3,14.43,automotivo,131.73
08a2535facf687274c238d2c9f59b7ce,2018-01-12 09:15:42+00:00,catalao,GO,623.0,23.6,esporte_lazer,646.6
08a2bc9386ffb58b6637add8a8e7d4fc,2017-11-12 18:48:42+00:00,santo andre,SP,9.9,8.27,esporte_lazer,18.17
08a4c77d9546c8928c3dd4b20da1b773,2018-04-01 10:00:08+00:00,brasilia,DF,69.9,19.46,brinquedos,89.36000000000001
08a5453387460507541a8dc95bd67856,2017-12-11 07:58:26+00:00,belo horizonte,MG,262.0,24.15,informatica_acessorios,286.15
08a547386e268879b689fca252e6a334,2017-11-12 18:23:06+00:00,natal,RN,99.99,43.11,cama_mesa_banho,143.1
08a5a57f90304e3e736623cdd8eb0166,2018-06-05 10:26:59+00:00,diadema,SP,49.9,17.26,ferramentas_jardim,67.16
08a72c88fa7ee3652a339070245b9f1e,2017-11-04 18:50:58+00:00,rio de janeiro,RJ,249.9,69.22,cool_stuff,319.12
08a79aa47b2dc809df77206f0660fe5b,2018-05-01 13:17:07+00:00,mage,RJ,64.99,27.51,beleza_saude,92.5
08a8150915627e46099f01a220ed8efd,2018-03-19 21:17:53+00:00,florianopolis,SC,47.49,19.32,bebidas,66.81
08a893d69f0279b78939b77cffeaebaa,2018-01-06 16:41:41+00:00,canoas,RS,64.99,22.77,informatica_acessorios,87.75999999999999
08a8e10798c6955302701d17eb84fdc0,2017-03-15 12:19:23+00:00,tapiratiba,SP,152.0,12.45,cool_stuff,164.45
08a9634db941b72179ed30feeaac2541,2017-02-27 15:07:11+00:00,sao paulo,SP,42.0,11.73,eletronicos,53.730000000000004
08a9de4f4b0ea83738478f16caae7bea,2018-02-20 13:02:25+00:00,nova friburgo,RJ,149.9,27.59,informatica_acessorios,177.49
08ab4cd4d921b31bd7719eec989aee97,2018-02-24 18:22:14+00:00,sao paulo,SP,324.5,61.18,ferramentas_jardim,385.68
08ac0336730e831f16eeadf576564ff3,2018-07-31 11:36:54+00:00,curitiba,PR,26.0,18.28,eletrodomesticos,44.28
08acb70a4f06f300068802d8776fefaa,2017-07-28 10:29:15+00:00,santa isabel,SP,45.33,9.94,esporte_lazer,55.269999999999996
08accb1f1ce9ae08483229dd246b8911,2017-07-01 20:08:46+00:00,araucaria,PR,19.99,14.1,beleza_saude,34.089999999999996
08ad3a94339e1bddb2167b3c51faa4ac,2017-08-06 09:42:09+00:00,americana,SP,49.9,16.11,cama_mesa_banho,66.00999999999999
08adcddad19d3acf37d1fa01cb9ded1e,2018-06-27 11:16:44+00:00,uberlandia,MG,149.97,16.12,utilidades_domesticas,166.09
08ade2fc02096cf490d463016e5ee02e,2018-01-04 22:43:33+00:00,apiaca,ES,10.6,15.1,perfumaria,25.7
08ae4b03138c7c51262c05f8f6e58b74,2018-05-14 20:42:43+00:00,altinopolis,SP,64.8,12.89,automotivo,77.69
08af87fbe33eeebc7840433d94718046,2017-04-20 13:01:53+00:00,balneario camboriu,SC,139.9,28.23,moveis_decoracao,168.13
08af87fbe33eeebc7840433d94718046,2017-04-20 13:01:53+00:00,balneario camboriu,SC,52.3,12.0,moveis_decoracao,64.3
08b04eb82fbd41d6a4a779d822d57a08,2017-03-13 14:20:10+00:00,buritizeiro,MG,99.9,20.78,beleza_saude,120.68
08b090ef007b191a5f9c454f1068be24,2018-03-07 19:03:14+00:00,sao paulo,SP,151.9,17.97,relogios_presentes,169.87
08b0cc275164eab92e5797432fa89770,2018-07-16 08:50:17+00:00,juazeiro,BA,36.2,22.18,consoles_games,58.38
08b1c04da876c66dc6f09acfd8d12f4d,2018-02-20 15:54:32+00:00,casimiro de abreu,RJ,23.99,15.1,telefonia,39.089999999999996
08b1d58f92c4e0dabb12dfa3d57f3b41,2018-05-22 11:40:39+00:00,lorena,SP,53.9,20.8,ferramentas_jardim,74.7
08b3dc9205759c9df94d231f6257b344,2018-02-04 17:11:02+00:00,sao paulo,SP,339.0,15.98,instrumentos_musicais,354.98
08b3f1bd357ed38db6e89e3e0f3899be,2017-11-14 07:51:51+00:00,sao paulo,SP,29.0,7.78,relogios_presentes,36.78
08b450b388221bfe5472ed23887a7564,2017-11-01 01:48:36+00:00,palhoca,SC,145.9,21.51,esporte_lazer,167.41
08b46ab06eaf71cf043929ebf277e280,2017-05-27 15:21:27+00:00,sao geraldo,MG,40.0,17.6,cama_mesa_banho,57.6
08b47d41b0e91577b2d62e070628b2dc,2017-03-03 20:01:50+00:00,limeira,SP,40.0,14.52,moveis_decoracao,54.519999999999996
08b4c64d698b84d3446b4198b9f27ef2,2018-05-15 12:19:39+00:00,rio de janeiro,RJ,139.99,18.34,moveis_escritorio,158.33
08b4c8a8808af1f771bd9602e193f9b6,2018-01-10 14:04:29+00:00,santa clara d'oeste,SP,99.99,15.45,beleza_saude,115.44
08b54ba8454bed7d08802bc62e33fbc4,2018-06-12 19:14:55+00:00,itapevi,SP,24.9,11.17,beleza_saude,36.07
08b57d9de8bb87cfd045a7bc735ba831,2017-05-23 19:52:27+00:00,sao paulo,SP,779.0,14.27,relogios_presentes,793.27
08b7104ed7002c5ada9a6751b7a464da,2018-03-20 17:25:54+00:00,sao paulo,SP,19.5,8.29,agro_industria_e_comercio,27.79
08b74b3a8bd41e7de2ac99b200eec62d,2018-05-09 13:48:11+00:00,cabo frio,RJ,34.9,19.32,relogios_presentes,54.22
08b7dbdd744f8be921b6e7f7fac199b7,2018-06-17 14:13:41+00:00,sorocaba,SP,194.99,13.67,esporte_lazer,208.66
08b986f813ffdc9e5872992aaabf796f,2017-05-07 17:16:27+00:00,petrolina,PE,1899.12,45.74,instrumentos_musicais,1944.86
08b9d47b3be61595c61eddc50b42ee02,2017-07-28 10:24:45+00:00,sao paulo,SP,89.99,19.87,informatica_acessorios,109.86
08ba140da4dd8ad477f0f3e9793edcec,2018-04-23 16:04:18+00:00,sorocaba,SP,89.0,13.06,cama_mesa_banho,102.06
08bb21f621b955cf27343f29059d2696,2018-04-16 12:35:30+00:00,juiz de fora,MG,120.0,18.72,construcao_ferramentas_iluminacao,138.72
08bb3532c9b969bb6a46f98fc5507510,2018-02-18 21:05:38+00:00,vitoria,ES,699.99,73.26,automotivo,773.25
08bc3c916f77ec2affe03716dd076af2,2018-06-26 20:58:27+00:00,santa maria,RS,24.99,18.28,telefonia,43.269999999999996
08bc5baa3da6ce0746413cd9cf227e9e,2017-10-17 15:37:59+00:00,sao paulo,SP,155.0,10.5,informatica_acessorios,165.5
08bd4784e35a8be0fa12c4f4f91799ac,2018-08-14 12:01:09+00:00,brasilia,DF,66.99,23.19,beleza_saude,90.17999999999999
08bdb086a562d4a730e238d0ba09be26,2018-02-08 07:57:06+00:00,contagem,MG,59.9,14.17,esporte_lazer,74.07
08bdbdeaf1626720051193300f93806e,2017-03-09 16:43:40+00:00,cassilandia,MS,99.0,19.28,esporte_lazer,118.28
08be29a19a75ae2f62a0f1250c4f67c6,2017-05-01 23:34:00+00:00,guarulhos,SP,99.99,13.28,moveis_decoracao,113.27
08beae16754b76c55e9f49c7d4d138dd,2018-03-04 18:26:22+00:00,taubate,SP,89.9,12.13,malas_acessorios,102.03
08bf2c1104a4d1382d651ad4e921b4a6,2017-08-30 13:53:29+00:00,ubatuba,SP,69.0,15.23,informatica_acessorios,84.23
08bf457a7ecf8ba28efb48f0add11cca,2018-08-06 12:03:34+00:00,belo horizonte,MG,74.0,23.32,cama_mesa_banho,97.32
08bf75dcf867b9f13026785053e87052,2017-08-15 07:55:36+00:00,sao paulo,SP,45.95,11.85,cama_mesa_banho,57.800000000000004
08c01d43e93f5c485f48758550d41eb9,2017-05-13 22:22:03+00:00,sao paulo,SP,12.99,7.78,moveis_decoracao,20.77
08c182b2e7095965cdf8fb5be1cd5b3f,2017-12-19 20:49:45+00:00,salvador,BA,47.5,17.63,papelaria,65.13
08c21d8b98beec294f0dceb8b54cdfd5,2018-04-18 11:33:24+00:00,santo angelo,RS,34.9,18.23,brinquedos,53.129999999999995
08c30c203ecbdda69311c1dba85abfa6,2018-02-05 18:54:26+00:00,cabo frio,RJ,59.9,15.17,moveis_decoracao,75.07
08c3c0d49b3cb66764234e0fa980e850,2017-12-05 13:29:49+00:00,rio de janeiro,RJ,179.99,45.72,ferramentas_jardim,225.71
08c3d8da1ee7ffc88a41cd145a4675ba,2018-05-07 10:48:57+00:00,pau dos ferros,RN,69.9,0.0,moveis_decoracao,69.9
08c50a01a3260630c82c21826c0061e4,2017-10-10 14:41:43+00:00,codo,MA,102.0,36.03,beleza_saude,138.03
08c6860a0281fefc591da60249d5fa76,2017-04-17 20:12:02+00:00,nova friburgo,RJ,129.9,17.75,esporte_lazer,147.65
08c6e1a2fd34f15d601cd3e006378da1,2018-04-18 23:28:58+00:00,toledo,PR,24.9,18.23,livros_interesse_geral,43.129999999999995
08c72944eaad657c973c51fba479d655,2018-06-06 14:22:34+00:00,santos,SP,59.9,14.5,esporte_lazer,74.4
08c79f0b250cc3b309a69dcbd0debdc7,2017-11-25 11:48:45+00:00,sao luis,MA,79.99,38.11,moveis_decoracao,118.1
08c7ad853a45735072fee2be62052da3,2018-06-20 22:51:17+00:00,sao paulo,SP,78.0,7.67,relogios_presentes,85.67
08c7ad853a45735072fee2be62052da3,2018-06-20 22:51:17+00:00,sao paulo,SP,39.0,7.67,relogios_presentes,46.67
08c7b46d1dfd29f3200c439119cfe4ac,2018-02-25 12:28:13+00:00,mesquita,RJ,57.9,16.85,utilidades_domesticas,74.75
08c7d364923b6238c246df0fab24d907,2018-07-26 19:02:24+00:00,lencois paulista,SP,139.9,23.78,esporte_lazer,163.68
08c839f6091875ffd1a1d876dd48de40,2018-02-16 10:31:45+00:00,itaquaquecetuba,SP,59.0,7.78,relogios_presentes,66.78
08c8efb673039f24977bee37cb4ce21f,2017-05-10 15:24:48+00:00,porto ferreira,SP,44.9,12.69,informatica_acessorios,57.589999999999996
08c94cca559ddccd243fc551e088b856,2018-07-19 10:17:21+00:00,itabuna,BA,18.0,22.06,pet_shop,40.06
08c9aa0c0fc860ffc3ae1fbd1da5bea5,2018-05-08 17:45:49+00:00,rio de janeiro,RJ,410.0,18.83,agro_industria_e_comercio,428.83
08cae26133a5501cdf7b13db6bcf39e6,2018-01-30 14:58:10+00:00,sao paulo,SP,67.0,14.22,informatica_acessorios,81.22
08cb000ba1516a67d8d9fbbe5f9a1091,2018-05-05 10:47:29+00:00,cuiaba,MT,109.9,27.5,cama_mesa_banho,137.4
08cbb1d4cd574b126569b208fd4b26ea,2017-10-15 19:25:02+00:00,contagem,MG,1437.0,34.51,pcs,1471.51
08cc8c614786867bb0a845cd117d349b,2017-08-30 21:00:01+00:00,aracaju,SE,1300.0,28.59,pcs,1328.59
08cce5e2a4a4d08e17cef053da98254b,2018-06-20 16:32:06+00:00,porto alegre,RS,39.9,18.38,beleza_saude,58.28
08ccf73c206d15fd2668cdb6f32b5e04,2018-01-15 12:50:15+00:00,belo horizonte,MG,18.9,16.79,eletronicos,35.69
08cd10d946b1fabbe08d3ec8dcab8777,2017-08-11 13:44:54+00:00,curitiba,PR,34.9,14.1,telefonia,49.0
08cd76ff1d27c6e6c522bbaead822fd7,2018-07-25 12:47:28+00:00,votorantim,SP,150.0,16.35,moveis_decoracao,166.35
08cd96d5c09ad751d2c4ffd556f96c31,2018-03-30 11:05:19+00:00,rio de janeiro,RJ,9.14,15.23,utilidades_domesticas,24.37
08cdab6e94bb86120c0041ba5ce8697a,2017-10-02 11:22:04+00:00,itinga,MG,94.9,14.39,esporte_lazer,109.29
08ce9cd3e783fce12327d4071e041fc1,2018-04-16 22:37:00+00:00,sao paulo,SP,109.0,13.81,papelaria,122.81
08ceaa7aeb0f28f7f44988d179b5452b,2017-08-16 08:10:31+00:00,sao paulo,SP,46.9,11.73,informatica_acessorios,58.629999999999995
08cede37de35a7af6d659a2ea4b17707,2017-07-07 21:59:57+00:00,curitiba,PR,12.9,12.48,eletronicos,25.380000000000003
08cef746691fa27e23fe2c32a02c0e21,2018-02-26 14:09:33+00:00,olinda,PE,349.9,31.98,beleza_saude,381.88
08cf63d17d15433573bf10ae778045ab,2018-02-09 09:53:17+00:00,santo antonio de padua,RJ,65.0,15.2,bebes,80.2
08d0b596c492f5a5041d003063f18320,2017-09-10 22:34:32+00:00,mesquita,RJ,169.0,15.93,cama_mesa_banho,184.93
08d0d3587fdedecc31be9c29c74b819b,2017-10-24 07:09:48+00:00,sao paulo,SP,167.9,13.31,pet_shop,181.21
08d138a502fa05af63ac4005311484f9,2017-07-18 02:00:48+00:00,aracaju,SE,49.0,21.15,fashion_bolsas_e_acessorios,70.15
08d19d4c103470970b2f830e48e2d3a2,2017-12-04 15:33:38+00:00,florianopolis,SC,499.99,58.78,automotivo,558.77
08d1ac9ae1dcec96c3422ade2005fe94,2017-09-06 09:44:50+00:00,belo horizonte,MG,199.9,17.16,cama_mesa_banho,217.06
08d2474dd3622ba4e0992955a950810f,2018-01-27 11:13:28+00:00,sao paulo,SP,47.49,9.94,bebidas,57.43
08d27643b4ade2434f167dc1ba237b4b,2018-02-10 20:50:32+00:00,colina,SP,81.4,12.91,cama_mesa_banho,94.31
08d2ae79008d5da4528a04f28c72f839,2018-02-27 19:44:11+00:00,sao carlos,SP,135.0,18.2,fashion_bolsas_e_acessorios,153.2
08d3b6ee17b7cb32e530f4488c3f6abf,2018-07-27 14:32:05+00:00,marilia,SP,36.99,14.57,pet_shop,51.56
08d48caf3c6278c63213deae0000975a,2017-09-18 10:44:44+00:00,ananindeua,PA,213.0,21.89,bebes,234.89
08d4e83325f02f000d2ba37961c0b8b3,2018-06-18 15:57:14+00:00,contagem,MG,110.32,15.87,beleza_saude,126.19
08d551ca6776789b820288466888bc3a,2018-08-19 18:23:33+00:00,rio de janeiro,RJ,43.99,19.5,cama_mesa_banho,63.49
08d55c0e173bdfa5770a50a253b1810f,2017-06-27 10:44:47+00:00,nilopolis,RJ,99.0,32.02,ferramentas_jardim,131.02
08d55e35f34806d85f4d99b62297e578,2017-05-16 12:02:02+00:00,jequia da praia,AL,211.91,36.8,relogios_presentes,248.70999999999998
08d61eb463e165c095e7de595a773d90,2018-03-05 18:12:32+00:00,piracicaba,SP,149.9,14.17,informatica_acessorios,164.07
08d70627d548cd883ac394cc5da92d87,2018-02-14 17:35:53+00:00,gravatai,RS,40.49,14.1,esporte_lazer,54.59
08d7ec7381dc51d41a0e4d86314b7a98,2017-01-10 17:18:09+00:00,rio de janeiro,RJ,699.17,20.59,relogios_presentes,719.76
08d820f39b00e575ea55d845ac9a13c2,2018-08-18 13:27:21+00:00,ribeirao pires,SP,29.0,7.46,relogios_presentes,36.46
08d84fb0470993741ba4f7db2b3ac601,2017-06-18 11:20:28+00:00,santos,SP,19.99,7.78,beleza_saude,27.77
08d862895d238cb8405dffe9b981df25,2018-06-01 19:57:06+00:00,volta redonda,RJ,105.0,23.31,moveis_decoracao,128.31
08d8b17740615b3cbe884f58173de3c1,2017-06-28 16:51:19+00:00,ubaitaba,BA,59.9,27.8,utilidades_domesticas,87.7
08d8f90d77d9280c2e00ee3d749c22ae,2018-04-27 07:43:53+00:00,santa barbara d'oeste,SP,59.9,16.39,perfumaria,76.28999999999999
08d9736edf0d305e722fce35c395b8f6,2017-08-15 12:10:27+00:00,belem,PA,89.9,17.91,brinquedos,107.81
08dae4aaedc034ee67385e739d42d0a8,2017-10-01 17:19:18+00:00,santo andre,SP,85.0,7.85,relogios_presentes,92.85
08db2dff56f31598b313e96bd2b04520,2018-01-04 14:44:50+00:00,sao paulo,SP,69.9,13.08,moveis_decoracao,82.98
08db644c231a8d55a618af8c9f1280f0,2018-08-15 16:55:14+00:00,sao paulo,SP,22.99,12.82,cama_mesa_banho,35.81
08dd1de0a5ebe393a3beb05a4cd4894f,2017-05-01 19:40:06+00:00,barueri,SP,59.99,13.0,bebes,72.99000000000001
08dd64e78f26024b266515d5262be17f,2017-05-07 22:18:47+00:00,jaguaribe,CE,13.98,25.63,telefonia,39.61
08dd806c9344c87a3f061a6540a65041,2018-05-22 19:25:04+00:00,curitibanos,SC,79.9,18.44,informatica_acessorios,98.34
08dfcccb31a3a2b6f527d245ebd3310b,2017-10-03 09:53:38+00:00,rio de janeiro,RJ,99.0,38.53,ferramentas_jardim,137.53
08e33dc1bf04d3cbc2fb5e93fbfcd6c2,2018-06-24 21:20:11+00:00,porto alegre,RS,67.9,37.85,eletronicos,105.75
08e386991831b9e99662928af783c0ed,2018-05-15 21:50:09+00:00,sao paulo,SP,122.5,13.3,automotivo,135.8
08e4b9181951f803229ff26c157f5045,2017-03-07 14:10:57+00:00,carapicuiba,SP,68.9,20.8,moveis_sala,89.7
08e4ca5f437f69407fb01cabd2d7a0b8,2018-03-29 11:14:04+00:00,sao caetano do sul,SP,86.99,11.23,esporte_lazer,98.22
08e4ccc1239f87c9220cd6a87996d455,2017-08-21 16:14:39+00:00,rio de janeiro,RJ,29.9,22.16,fashion_calcados,52.06
08e4ccc1239f87c9220cd6a87996d455,2017-08-21 16:14:39+00:00,rio de janeiro,RJ,27.9,12.46,fashion_calcados,40.36
08e4ccc1239f87c9220cd6a87996d455,2017-08-21 16:14:39+00:00,rio de janeiro,RJ,27.9,9.69,fashion_calcados,37.589999999999996
08e4ccc1239f87c9220cd6a87996d455,2017-08-21 16:14:39+00:00,rio de janeiro,RJ,27.9,12.47,fashion_calcados,40.37
08e5962f7b156426e52078f8504e9b9e,2017-06-02 17:12:42+00:00,louveira,SP,300.0,26.94,esporte_lazer,326.94
08e617c0a81895c4d5f6ab1e4a20fad0,2017-01-27 14:01:20+00:00,tatui,SP,29.99,4.5,informatica_acessorios,34.489999999999995
08e678b21510aad65dccc928f6599921,2018-06-26 09:25:30+00:00,sao goncalo,RJ,149.9,21.32,informatica_acessorios,171.22
08e68e2142974e562f504a105edbba76,2017-06-19 16:23:25+00:00,vitoria,ES,89.9,16.88,brinquedos,106.78
08e744bae85a55aa0143f7b41878a45d,2018-06-12 15:02:02+00:00,brasilia,DF,99.18,16.88,utilidades_domesticas,116.06
08e83756399f8394bef75d0441b17b57,2018-04-29 19:42:48+00:00,maraba,PA,269.9,48.33,cool_stuff,318.22999999999996
08e8db59cdb3cd620eda092781cf84ad,2017-11-24 20:35:14+00:00,bage,RS,137.8,25.8,cama_mesa_banho,163.60000000000002
08e92ad91f0ce4572b374d35637140ec,2018-03-12 14:56:48+00:00,sao vicente,SP,42.99,19.32,automotivo,62.31
08e9e443708079a97897e24456987f83,2017-11-26 05:14:06+00:00,sao paulo,SP,59.9,9.03,esporte_lazer,68.92999999999999
08e9e443708079a97897e24456987f83,2017-11-26 05:14:06+00:00,sao paulo,SP,49.9,9.03,utilidades_domesticas,58.93
08ea06da9974b971f8fad4929380e24b,2017-11-24 18:30:10+00:00,duque de caxias,RJ,116.9,16.58,cama_mesa_banho,133.48000000000002
08ea0cc26c8036f1c6c510e72f468000,2018-04-26 14:31:15+00:00,sorocaba,SP,27.9,7.39,alimentos,35.29
08ea1bc252569389d95f453e057ff092,2017-12-10 22:58:21+00:00,osasco,SP,329.9,67.4,brinquedos,397.29999999999995
08eb6a0ddc93b1cf16dd629389dc691b,2018-03-09 23:10:40+00:00,mineiros,GO,133.0,23.51,esporte_lazer,156.51
08ec1f862c4cca80515d39b2787601f4,2017-11-05 01:06:20+00:00,castanhal,PA,29.0,25.63,relogios_presentes,54.629999999999995
08ed4f84b1a078202e8da80c8d96dc77,2018-02-28 17:06:27+00:00,sao paulo,SP,18.6,5.67,informatica_acessorios,24.270000000000003
08ede61c43aa112b05a8207ec1847298,2017-06-15 13:24:29+00:00,sao paulo,SP,78.99,16.18,cama_mesa_banho,95.16999999999999
08edeac38b68f66bf2e8c3701badde1c,2018-04-26 10:24:58+00:00,antonio prado de minas,MG,148.0,15.92,cool_stuff,163.92
08edff712f0cd04883215bdb5b0d7c7f,2016-10-08 13:54:03+00:00,campinas,SP,69.99,12.09,ferramentas_jardim,82.08
08ee999a47fad7aab826e8604eff09a1,2017-05-28 20:07:57+00:00,lambari,MG,159.9,27.66,bebes,187.56
08eef0ee40e395cb547563fc31ab1bd7,2017-11-25 02:00:46+00:00,salvador,BA,69.9,28.89,beleza_saude,98.79
08f016204423b6b70f37abfa64ecbc64,2017-05-27 01:55:51+00:00,itanhaem,SP,176.9,19.13,automotivo,196.03
08f037463ef8a43a35237ad2029f316b,2018-05-22 21:30:02+00:00,sao jose do rio preto,SP,32.99,14.44,pet_shop,47.43
08f09d9ef3e4f3cdfa18431097f40682,2017-09-08 05:17:36+00:00,sao paulo,SP,139.9,20.89,moveis_sala,160.79000000000002
08f20d527e3a4331f254f4063920c6e4,2017-07-12 16:01:51+00:00,amargosa,BA,54.99,16.82,cama_mesa_banho,71.81
08f27a5ffb706cb79c10365101fe6791,2018-06-24 17:35:50+00:00,feira de santana,BA,129.9,51.78,bebes,181.68
08f33b9700f597f74ec8fc4f1d56eda7,2018-06-22 10:43:09+00:00,sao paulo,SP,69.9,37.4,automotivo,107.30000000000001
08f41db8292c5a8be5d68f0a18492781,2017-07-18 10:22:32+00:00,goiania,GO,59.9,17.67,ferramentas_jardim,77.57
08f47d708b29e500be7ee1576343f2f9,2017-10-17 10:30:04+00:00,cajamar,SP,44.5,7.78,utilidades_domesticas,52.28
08f5487befe25744feabb3203a4dc09b,2018-02-27 18:26:39+00:00,itajai,SC,31.9,16.79,informatica_acessorios,48.69
08f616b964002ad1bc12de1069f82edd,2017-11-09 21:37:39+00:00,vassouras,RJ,39.0,17.6,utilidades_domesticas,56.6
08f6cddc0499702a4dbbd26f2b04b986,2018-07-23 16:16:37+00:00,belo horizonte,MG,169.9,23.12,malas_acessorios,193.02
08f70652fecc748f3ab45ccaac355cb1,2017-10-09 22:08:45+00:00,lambari,MG,56.99,15.15,perfumaria,72.14
08f77a9d173ce275845e91e81500838c,2018-07-02 12:05:51+00:00,niteroi,RJ,69.9,9.18,beleza_saude,79.08000000000001
08f95199562a41bb3a899717810c7af2,2018-04-13 20:55:30+00:00,brasilia,DF,109.49,37.46,papelaria,146.95
08f982d8b8d8de12b00d35edefe5d26a,2017-11-05 11:56:00+00:00,recife,PE,180.3,27.8,consoles_games,208.10000000000002
08fa07327488ff39829511ce36ed3e32,2018-01-04 14:46:20+00:00,uberlandia,MG,69.9,17.74,beleza_saude,87.64
08fa8b49ff198d1332df4668087150ed,2018-06-02 13:50:53+00:00,sao paulo,SP,49.9,17.26,ferramentas_jardim,67.16
08fa939ba176d6eb8430ef2990a68245,2018-07-03 19:21:21+00:00,suzano,SP,35.9,9.0,utilidades_domesticas,44.9
08fb515ec54c34ca06b1e2268acc429c,2018-01-13 14:27:17+00:00,anapolis,GO,64.49,16.21,esporte_lazer,80.69999999999999
08fb5d31021fb887ce4ab33b8cdb804e,2018-08-16 01:53:48+00:00,alfenas,MG,50.75,13.02,beleza_saude,63.769999999999996
08fc1aa23fef732befd3559729544a6a,2018-04-30 12:44:31+00:00,hortolandia,SP,108.0,15.64,perfumaria,123.64
08fc40afed49b10079c4c6a31ffc093b,2017-10-08 19:18:20+00:00,rio de janeiro,RJ,139.0,17.22,automotivo,156.22
08fcde049d3ee404c83e486f4822a78e,2018-05-16 09:57:02+00:00,belo horizonte,MG,94.9,14.74,pet_shop,109.64
08fd8d3e4e30f796d703584db2e27e1a,2018-03-05 07:59:17+00:00,niteroi,RJ,70.0,16.93,informatica_acessorios,86.93
08fe21124b36efe247030b7939603f1b,2018-05-04 11:07:13+00:00,salto,SP,19.9,7.39,bebes,27.29
08fe747a18955f4657172a09f1660620,2017-09-30 10:25:07+00:00,caraguatatuba,SP,89.9,17.88,perfumaria,107.78
08fec9b7a19902c2485f6f104e547f52,2017-12-06 02:23:38+00:00,salto,SP,19.9,7.78,beleza_saude,27.68
08ff2ba0393c3492409f044754015f74,2018-04-27 10:42:14+00:00,sao paulo,SP,11.0,7.87,bebidas,18.87
0900f1b09f4249e09ce4735618757707,2018-06-20 16:47:24+00:00,florianopolis,SC,110.32,15.87,beleza_saude,126.19
0901941512e5bef7c9fb39452262234d,2017-10-11 20:55:59+00:00,vila velha,ES,69.9,20.98,esporte_lazer,90.88000000000001
0901f97cdb91762c043d2330c81919a4,2017-11-29 11:10:29+00:00,sao paulo,SP,399.0,11.61,relogios_presentes,410.61
09023a853a37b3ccb3ca46372068748b,2018-01-30 15:40:06+00:00,merces,MG,49.9,15.1,papelaria,65.0
09026ebcef956ddfbc9af4af7c46d377,2017-09-19 14:01:19+00:00,colombo,PR,59.9,17.67,ferramentas_jardim,77.57
0902d364e14a1dc0b156a550d070cbb6,2018-03-19 22:57:09+00:00,caruaru,PE,219.0,38.22,relogios_presentes,257.22
090342fe317c0444e8220e4d902579cf,2018-05-03 20:48:47+00:00,sao paulo,SP,29.6,8.88,utilidades_domesticas,38.480000000000004
090353bbd0b20f65c374b389aa15dcf4,2018-07-24 19:26:30+00:00,esmeraldas,MG,97.5,23.48,ferramentas_jardim,120.98
0903715a744e53db0a04d441d50d22cb,2017-05-08 20:30:33+00:00,santo andre,SP,178.0,15.0,relogios_presentes,193.0
090395e4f947097290d8bde7125fe883,2018-02-04 10:27:10+00:00,sao fidelis,RJ,21.99,15.1,bebes,37.089999999999996
0903e0b7f189735c47cae28e5e5766f5,2017-08-28 21:35:08+00:00,divinopolis,MG,49.99,12.48,consoles_games,62.47
09045ce363fa81cd9f206c86b989e2ba,2017-11-23 16:23:50+00:00,altamira,PA,72.99,33.12,utilidades_domesticas,106.10999999999999
0904fb2c91a18099a0b7315f1ac9501b,2018-02-13 20:10:23+00:00,brasilia,DF,385.0,21.23,perfumaria,406.23
0905da36ee109b78ec1a3c9e089148a0,2018-04-24 23:24:26+00:00,ariquemes,RO,1999.0,115.63,portateis_casa_forno_e_cafe,2114.63
0905f7137e1f4f12a50086594c3a3eba,2018-01-31 19:34:44+00:00,matao,SP,215.0,17.14,cool_stuff,232.14
0909121693cdb66d170b212e65c2bf59,2018-06-26 15:35:11+00:00,barreiras,BA,164.9,23.08,cool_stuff,187.98000000000002
090967205f5215e5d3053cefdbce5aac,2017-03-28 08:46:48+00:00,belem,PA,359.0,87.81,automotivo,446.81
090c0cc3d47ff02fedac32aa0a7cab97,2017-11-22 09:17:04+00:00,feira de santana,BA,59.9,19.66,ferramentas_jardim,79.56
090c44686a2c4ac5320b757784023c4b,2018-02-16 16:20:37+00:00,sao paulo,SP,107.0,12.25,esporte_lazer,119.25
090c6fd239a12ac8f6a825897ee15d6d,2018-07-17 11:57:27+00:00,rio de janeiro,RJ,114.9,23.6,cama_mesa_banho,138.5
090c8122737bb94ca7fcbbf412be42d0,2018-02-05 00:38:46+00:00,aruja,SP,119.9,14.59,brinquedos,134.49
090cb921c3319702919eabe80bc9f5ff,2017-04-19 12:38:31+00:00,sao paulo,SP,29.5,8.72,eletronicos,38.22
090d23542dd542b9a9e25fa9d5d9e528,2018-06-01 14:31:54+00:00,regeneracao,PI,349.97,59.0,perfumaria,408.97
090d3784ef3038b64220941aa370584b,2017-09-20 19:29:18+00:00,rio de janeiro,RJ,74.8,17.77,brinquedos,92.57
090df55d4945ec96f88731875465407d,2017-07-17 20:15:39+00:00,sao paulo,SP,59.9,13.44,ferramentas_jardim,73.34
090e9f5faaeef6a858eb1663e67c0838,2017-02-04 16:31:24+00:00,bauru,SP,176.9,18.53,automotivo,195.43
090ece27665c1cc89eda287f8e834e11,2017-10-30 18:25:17+00:00,sao paulo,SP,11.64,1.98,artigos_de_natal,13.620000000000001
090eeebdb88e50484b9d37e863df829b,2017-07-20 08:31:59+00:00,uberaba,MG,59.9,13.44,ferramentas_jardim,73.34
0910cddfc72928e063254f00c73e8d5a,2017-06-27 11:38:25+00:00,sao paulo,SP,35.9,14.1,fashion_calcados,50.0
091119d8eee03ee2736786df622f1e81,2018-03-07 19:17:58+00:00,almirante tamandare,PR,23.99,15.23,beleza_saude,39.22
0911316604300fefa8aef39f81380c66,2018-07-05 11:41:36+00:00,sao paulo,SP,27.9,7.94,alimentos,35.839999999999996
09115b2d7c4d9d65a35b13be42e668e7,2017-12-12 20:35:50+00:00,curitiba,PR,99.9,17.95,cama_mesa_banho,117.85000000000001
0911bde30c594a8d02279916da2ece61,2017-10-25 14:38:14+00:00,casimiro de abreu,RJ,64.99,15.2,bebes,80.19
0911e1a17247955a0d55f29f3199272b,2018-02-22 20:29:58+00:00,rio de janeiro,RJ,29.9,16.79,automotivo,46.69
0912c75b2f7561be5da7aee13e0150a2,2017-09-15 13:29:16+00:00,jundiai,SP,37.49,9.27,esporte_lazer,46.760000000000005
09138fb3bbda7e400f9aac03c238385c,2018-03-17 18:33:39+00:00,paulista,PE,29.0,19.04,relogios_presentes,48.04
0913c46b1cafecb52e5a9a55b6c0e0fc,2018-08-23 10:56:52+00:00,ouro branco,MG,128.0,19.0,pet_shop,147.0
09143df8420b4ae4770ea14dc443b487,2018-04-05 09:58:33+00:00,sao bernardo do campo,SP,78.0,13.45,industria_comercio_e_negocios,91.45
0914478fdcadbaa5c8c8b3442b4f28d2,2017-08-09 21:32:08+00:00,sorocaba,SP,49.0,7.78,fashion_bolsas_e_acessorios,56.78
0916594b6973230f69379f83d3bac036,2017-05-21 19:07:46+00:00,ipatinga,MG,13.99,15.1,Unknown,29.09
0917636d789ce3b3eac37895935af5c2,2017-11-24 22:09:42+00:00,serra,ES,69.9,15.24,tablets_impressao_imagem,85.14
09179a93a7f4f710051cefde1d2f7ceb,2017-11-09 19:43:34+00:00,baturite,CE,185.99,27.84,relogios_presentes,213.83
0918b01313c67da779fa4b5356537024,2018-04-11 10:46:53+00:00,joao pessoa,PB,586.56,86.69,eletroportateis,673.25
0918eb0a00743c2cfeb69cce4fe4fe1e,2018-07-10 10:33:17+00:00,paulinia,SP,37.0,7.52,cama_mesa_banho,44.519999999999996
0919371859b3150228068cde3b07c122,2018-06-04 20:59:42+00:00,londrina,PR,109.0,39.71,esporte_lazer,148.71
09195dded6636223b79ba89aa778d5fb,2018-08-14 15:42:47+00:00,valinhos,SP,87.99,9.37,brinquedos,97.36
091a28ca837aa39b709aa41c0ca3d24a,2017-09-04 19:37:37+00:00,maceio,AL,79.0,30.08,eletronicos,109.08
091ac0791556275533697b36e2b00ff4,2017-01-26 14:29:25+00:00,sao roque,SP,35.0,20.43,bebes,55.43
091b6eccc5e978d6c77d8da3f3cec254,2017-07-27 15:04:57+00:00,governador valadares,MG,126.0,47.74,esporte_lazer,173.74
091bd68043b7a721b0d82b5ff36304fa,2017-03-03 18:02:51+00:00,belo horizonte,MG,89.9,14.8,utilidades_domesticas,104.7
091c0f9393510fe12cc5409a2601ff22,2018-06-07 22:32:14+00:00,sorocaba,SP,74.99,8.88,cama_mesa_banho,83.86999999999999
091c34308e51d6dff47fe839b7aebbd5,2018-08-02 13:37:08+00:00,londrina,PR,40.0,9.59,informatica_acessorios,49.59
091dcb1d0729687de77f652e849db3f1,2018-05-09 21:40:23+00:00,brasilia,DF,47.9,16.32,utilidades_domesticas,64.22
091e624f9b7253204dee183a89950a4a,2018-01-03 17:34:05+00:00,conselheiro lafaiete,MG,135.97,13.08,beleza_saude,149.05
092166b50105729618cd1dfb1e7c650c,2018-04-03 13:55:45+00:00,sumare,SP,35.9,7.39,climatizacao,43.29
0921c97280957af14f02d430cac48a5c,2017-09-27 12:57:31+00:00,teresina,PI,109.0,21.56,eletronicos,130.56
0921e6115b1fcc24d5dcf35570b68933,2018-04-04 10:40:04+00:00,fortaleza,CE,529.99,33.96,moveis_sala,563.95
09224348db675e0c2a00ebe2bd9599db,2017-07-13 22:27:59+00:00,guaruja,SP,99.9,34.91,cool_stuff,134.81
09224348db675e0c2a00ebe2bd9599db,2017-07-13 22:27:59+00:00,guaruja,SP,14.8,4.09,cool_stuff,18.89
0922de4af18de92fdca6fed66b34b66f,2017-03-20 15:58:31+00:00,herval,RS,169.9,22.66,utilidades_domesticas,192.56
0922ee1619de7b995648e5a8407afb91,2017-07-11 10:45:44+00:00,sao paulo,SP,139.9,38.3,cama_mesa_banho,178.2
0922ee1619de7b995648e5a8407afb91,2017-07-11 10:45:44+00:00,sao paulo,SP,64.9,5.99,construcao_ferramentas_jardim,70.89
09233a8391db7e924af12815e4c07423,2018-06-11 13:11:43+00:00,praia grande,SP,69.9,17.4,esporte_lazer,87.30000000000001
0923b9182325b77894f97a1a532c7102,2017-10-12 19:42:09+00:00,curitiba,PR,228.0,22.09,esporte_lazer,250.09
0923cc4965fb98b0adcc8a7c6ee32f7c,2018-02-21 07:09:21+00:00,monsenhor tabosa,CE,150.0,26.33,beleza_saude,176.32999999999998
09245c021d29cc570d8d5ca0aefd0f22,2017-11-26 22:06:07+00:00,sao paulo,SP,54.9,12.72,brinquedos,67.62
09249f4625a56408772a45322aadd544,2018-08-07 10:19:43+00:00,belo horizonte,MG,119.9,18.94,beleza_saude,138.84
09268d8b25dd31ae78b464efd453d069,2018-06-08 21:53:39+00:00,sao paulo,SP,59.99,3.03,beleza_saude,63.02
09268d8b25dd31ae78b464efd453d069,2018-06-08 21:53:39+00:00,sao paulo,SP,159.9,23.32,bebes,183.22
0927272c1caea73a32570e9de18c2bb7,2018-05-28 13:31:20+00:00,sao paulo,SP,29.0,7.87,beleza_saude,36.87
0927a4ea2d6af04c6e8a1aecd4f9951d,2017-01-22 21:25:01+00:00,sao bernardo do campo,SP,129.99,16.02,ferramentas_jardim,146.01000000000002
0927a99c4c0b6c6b2487a4e869f7fc2d,2017-12-07 00:02:16+00:00,rio de janeiro,RJ,279.0,46.41,malas_acessorios,325.40999999999997
09286ea342ad6877942f93c17e1caf4c,2018-02-09 14:54:09+00:00,mongagua,SP,199.89,14.42,beleza_saude,214.30999999999997
0928b1d58fe76f5a1e63be5a47ea6253,2017-03-15 21:52:58+00:00,rio bananal,ES,50.0,14.52,beleza_saude,64.52
0928f756f49fcb66326d54f5d1bf7830,2017-08-15 14:16:57+00:00,duque de caxias,RJ,34.99,14.1,beleza_saude,49.09
092a7de4b983f4ee3e77af64e2f8c9e8,2018-06-18 22:18:06+00:00,ribeirao preto,SP,12.0,18.23,brinquedos,30.23
092adae6d0744065b0482cb014c671c9,2017-06-05 15:33:07+00:00,sao paulo,SP,50.9,11.86,utilidades_domesticas,62.76
092ae6b690ac68b7ced1f67eaf5e37ff,2017-10-10 20:07:44+00:00,barreiras,BA,148.0,38.59,moveis_decoracao,186.59
092ae7e7141e3d69ecd0935d97e14fd9,2018-01-17 09:19:54+00:00,cantagalo,RJ,65.0,17.7,moveis_decoracao,82.7
092dd56170a9fa63acf80b11ef09f095,2018-08-21 22:02:04+00:00,sao paulo,SP,55.9,7.65,construcao_ferramentas_construcao,63.55
092de8ef0dad90862e5c0dfb15a10790,2018-06-20 17:46:25+00:00,campo grande,MS,43.0,18.4,esporte_lazer,61.4
092e3282c11e71ea0c568efc2a92f91a,2018-02-12 00:01:02+00:00,patos de minas,MG,150.0,15.8,beleza_saude,165.8
092fe64219d11b6fdc1bf61521c9685a,2017-08-14 12:18:40+00:00,sao paulo,SP,29.9,9.34,utilidades_domesticas,39.239999999999995
0930362b6f24dc06ace9869ac3d05a72,2017-11-24 10:16:53+00:00,vargem grande paulista,SP,98.9,14.09,esporte_lazer,112.99000000000001
0930b4554e6a2135e7132b897c3809f7,2017-10-14 00:00:38+00:00,itaquaquecetuba,SP,21.99,7.78,telefonia,29.77
0930c651c82aaf68df7e69eed1816170,2018-02-28 19:20:10+00:00,jacarei,SP,30.5,7.78,brinquedos,38.28
0930df388b21f34fc3f0e3baa9a73016,2018-06-25 08:47:42+00:00,tiete,SP,13.3,12.79,eletronicos,26.09
09322de5d2e4e4aaac983f73fe652f24,2018-06-11 18:33:15+00:00,sao paulo,SP,119.85,12.57,casa_construcao,132.42
09324a6d203673f8d0b62bd726f25a87,2017-12-18 22:40:18+00:00,campos dos goytacazes,RJ,134.9,18.19,cama_mesa_banho,153.09
0933defa4766a375397a4b9c9eaec017,2017-12-23 17:20:36+00:00,belem,PA,59.9,42.45,informatica_acessorios,102.35
0933fe2645eef2cb8ca4aeadb9d3834b,2018-06-21 13:25:57+00:00,curitiba,PR,56.9,18.2,moveis_cozinha_area_de_servico_jantar_e_jardim,75.1
09349cbc001ff756f199a461de7a39b4,2017-11-15 15:52:53+00:00,santos,SP,39.99,9.34,brinquedos,49.33
09356cee7d8fee33dcb3ee80c1ccb14f,2017-10-12 16:26:24+00:00,sao goncalo,RJ,19.9,15.1,consoles_games,35.0
09357f9fdde223052006f3bae0367a29,2018-04-28 20:03:25+00:00,belem,PA,13.2,19.04,eletronicos,32.239999999999995
0937ee5de4e9482b7503bae26f9d243f,2018-08-23 08:47:54+00:00,teresopolis,RJ,149.0,19.14,beleza_saude,168.14
093974ced77f199dd42068d1adf5c359,2017-09-18 18:20:50+00:00,rio de janeiro,RJ,99.99,9.71,brinquedos,109.69999999999999
093a09a0bc3967dca46180c7bfe3aa29,2017-11-09 17:53:38+00:00,blumenau,SC,49.77,15.1,Unknown,64.87
093a45d40a2500243b0a609a2351ac5e,2017-05-30 08:51:58+00:00,maringa,PR,139.99,20.22,audio,160.21
093a57d9efa67214acc6fd5c5e1e01ae,2017-04-18 10:30:27+00:00,goiania,GO,49.95,17.78,cama_mesa_banho,67.73
093a73d7cb4b891645273a1879e6161f,2018-04-16 11:14:51+00:00,nova iguacu,RJ,21.9,15.23,eletronicos,37.129999999999995
093a8c168710da385a8c59d3149ea380,2018-05-11 17:05:59+00:00,belo horizonte,MG,39.9,15.23,esporte_lazer,55.129999999999995
093b4a025c91a570d1f3b60d428b60a0,2018-02-26 14:57:42+00:00,rio de janeiro,RJ,69.9,16.25,informatica_acessorios,86.15
093c11a6b12993f96cb7eaa348a3cd09,2018-06-13 08:52:03+00:00,jaboatao dos guararapes,PE,364.0,34.69,beleza_saude,398.69
093cbde1b401404fd6dffc827e4b86e8,2017-10-14 21:03:22+00:00,sao paulo,SP,56.99,8.72,perfumaria,65.71000000000001
093dea0d5b7854e484d59d15b2243006,2017-12-11 11:57:42+00:00,cascavel,PR,29.0,15.1,eletronicos,44.1
093e88889ed876560de2968023715771,2018-04-04 11:30:28+00:00,nova iguacu,RJ,45.0,15.23,livros_tecnicos,60.230000000000004
093e91ac900104e2f587ff8d020447aa,2018-01-15 20:23:58+00:00,camaqua,RS,429.9,20.26,automotivo,450.15999999999997
093fb737d1bbfe9d3794b96acf28d546,2017-05-08 13:13:38+00:00,ipatinga,MG,75.0,17.78,utilidades_domesticas,92.78
094067c0f56b5d0a4dbad0aa60bd26a6,2018-03-16 07:01:56+00:00,sao paulo,SP,48.78,13.44,esporte_lazer,62.22
094067c0f56b5d0a4dbad0aa60bd26a6,2018-03-16 07:01:56+00:00,sao paulo,SP,58.58,1.34,esporte_lazer,59.92
09410001d65f75b36821f9556694a895,2018-05-21 11:36:32+00:00,brasilia,DF,19.99,15.23,informatica_acessorios,35.22
09425a70c5acc9730fc3e17c1e81ac2c,2017-11-01 09:07:06+00:00,rio de janeiro,RJ,219.9,18.79,relogios_presentes,238.69
0942763b4318676d85b3185d80f57cd3,2017-09-14 14:40:08+00:00,salvador,BA,249.99,17.19,beleza_saude,267.18
094303c767dff093564257cc4d0e2c29,2017-03-19 16:55:53+00:00,sao paulo,SP,149.9,38.01,alimentos,187.91
0943d27820129d9446a32ca20cf9bee1,2017-02-09 11:01:14+00:00,cafelandia,PR,48.0,24.84,utilidades_domesticas,72.84
09442375307dcece0366e86601bf99f9,2017-10-26 13:15:23+00:00,aquiraz,CE,58.99,20.81,beleza_saude,79.8
0944dd6401b58739dc030557fb149b25,2017-09-14 15:57:44+00:00,belo horizonte,MG,47.9,14.1,informatica_acessorios,62.0
0945dadba69dad599e42c31e78450de4,2017-08-29 15:20:56+00:00,alto paraiso,RO,1200.0,60.76,pcs,1260.76
0946ea44283ef9035521460a12da1569,2018-03-17 18:24:43+00:00,santa quiteria do maranhao,MA,49.9,50.85,beleza_saude,100.75
09475a764868b0fa004ced42388fe6c6,2018-05-30 14:14:02+00:00,marilia,SP,38.9,13.71,brinquedos,52.61
09476766faf9215ae60de94d7c259801,2018-05-11 13:35:48+00:00,mage,RJ,35.0,12.24,moveis_decoracao,47.24
09478c1d9dbc168c8438aa90f1be13a9,2017-04-03 15:06:02+00:00,brasilia,DF,169.9,27.62,utilidades_domesticas,197.52
0948bd714f9f0ca68d9e70af5090d3f6,2017-05-19 00:59:34+00:00,cotia,SP,59.9,11.92,cama_mesa_banho,71.82
094960a25bb327dca31de0e2b9a788f9,2017-05-29 23:02:55+00:00,matao,SP,164.9,16.78,pet_shop,181.68
094a83226235244840060fafa394845d,2017-12-18 20:15:41+00:00,sao joao de meriti,RJ,166.99,23.49,cool_stuff,190.48000000000002
094af1d0ffa8afa4ddce0e4892491313,2017-04-06 17:01:33+00:00,aparecida de goiania,GO,99.99,19.4,cool_stuff,119.38999999999999
094dbecbb0ab054a620f21c04e82df03,2017-10-01 13:26:22+00:00,rio de janeiro,RJ,25.6,16.11,brinquedos,41.71
094df781ddda90e70dd08ad95476b181,2017-07-09 21:29:36+00:00,recife,PE,31.9,21.15,informatica_acessorios,53.05
094e2ca5a39bcc45b4077867bf5dbdff,2018-02-08 14:05:26+00:00,ribeirao preto,SP,114.9,13.82,cama_mesa_banho,128.72
094f7614f77e85fb05c77ecb164afdc3,2018-03-01 11:37:26+00:00,pirassununga,SP,22.99,11.85,telefonia,34.839999999999996
094fe0ffb99d42aba8ca2a6b65a8921e,2018-03-17 14:39:25+00:00,sao pedro da aldeia,RJ,75.9,18.41,construcao_ferramentas_iluminacao,94.31
094fe1a1311bdcff558e373c756412d7,2017-03-06 19:35:21+00:00,sao paulo,SP,649.9,14.73,beleza_saude,664.63
09514821d13482daa26aadf8c2273e7f,2017-02-07 20:08:49+00:00,osasco,SP,340.0,18.53,esporte_lazer,358.53
09519116d7d66f8a0ed5c02048573c7d,2018-04-05 22:47:52+00:00,belem,PA,69.9,27.45,beleza_saude,97.35000000000001
095234196e1f3c4feadc4dca677b3971,2017-11-24 22:51:23+00:00,cachoeiro de itapemirim,ES,49.0,17.67,ferramentas_jardim,66.67
0953ccb40a8fb30d5fd5ce0c06bbf4ad,2017-11-23 19:50:30+00:00,rio de janeiro,RJ,84.99,15.35,perfumaria,100.33999999999999
09545768adc993877dfa9a4024b360c2,2018-01-13 12:05:26+00:00,guarulhos,SP,99.9,13.25,esporte_lazer,113.15
0955f133d0afa54f738fd6ac4c9bc83b,2017-12-26 19:56:58+00:00,niteroi,RJ,89.99,45.09,ferramentas_jardim,135.07999999999998
09575d6ffa589cae127ff0e6c1b974ed,2018-04-24 14:23:18+00:00,leopoldina,MG,18.98,14.58,telefonia,33.56
0957ed870116e596b800540427c61497,2017-01-29 22:14:49+00:00,natal,RN,129.99,28.0,brinquedos,157.99
09581168b7c3d1c4480d4ba7a8437bdd,2017-12-03 15:29:57+00:00,brasilia,DF,125.9,18.13,beleza_saude,144.03
095a4047965f98a409258e1db6c99e79,2018-08-07 23:10:59+00:00,rio de janeiro,RJ,119.99,44.64,informatica_acessorios,164.63
095d64baca2fe257a3dfe98da12f0460,2018-05-03 13:51:07+00:00,salvador,BA,39.0,22.06,informatica_acessorios,61.06
095e9e0811476409362d72fa70d73a6c,2018-02-08 18:36:24+00:00,rio de janeiro,RJ,82.0,17.01,informatica_acessorios,99.01
095eb530e061e441f8ad27b2c8ca549f,2018-02-12 21:07:19+00:00,carapicuiba,SP,12.88,8.27,informatica_acessorios,21.15
095f058cc1daeb1e7ba1c133473090a3,2018-04-14 18:14:42+00:00,nova friburgo,RJ,499.99,6.72,audio,506.71000000000004
095f058cc1daeb1e7ba1c133473090a3,2018-04-14 18:14:42+00:00,nova friburgo,RJ,959.0,40.34,relogios_presentes,999.34
0960eb7bc90d80c2f02eddc17c25ee2f,2017-10-05 10:40:02+00:00,belem,PA,40.0,24.8,cool_stuff,64.8
0961e67affdacb23a647b67618e2bc70,2017-09-09 20:33:21+00:00,santa maria madalena,RJ,229.0,54.2,moveis_decoracao,283.2
09622aca695e14a0a89188bb86d66bd8,2017-08-04 18:28:45+00:00,uberaba,MG,224.99,18.05,esporte_lazer,243.04000000000002
09633885de2f89ed80bb53c2de1f944f,2018-01-28 19:01:45+00:00,andradas,MG,429.0,45.37,utilidades_domesticas,474.37
096375c5433ecff9fd971ca2bdd40f1b,2018-08-02 21:43:54+00:00,recife,PE,38.95,19.18,telefonia,58.13
0963806fc66877ce2fbc42be9a91f3f1,2018-04-04 14:21:03+00:00,diorama,GO,92.9,24.86,cama_mesa_banho,117.76
0963c313de5db3a47d2b1d051e92a299,2017-06-02 18:49:32+00:00,gaspar,SC,115.0,13.06,livros_interesse_geral,128.06
0964250cecc3ab90b45138c9cbbf7b91,2018-05-11 23:29:15+00:00,campo limpo paulista,SP,119.99,14.93,casa_construcao,134.92
096577992f6aef252ccc5ae7da09be09,2018-01-06 11:33:27+00:00,praia grande,SP,30.5,11.85,utilidades_domesticas,42.35
0965b209e76b9ac20f7dc673c735ade3,2018-02-08 09:30:54+00:00,lagoa santa,MG,122.99,14.61,Unknown,137.6
0967ab27ef08c9ab5cb890eb3c1f8f5b,2018-07-15 14:23:19+00:00,fazenda rio grande,PR,27.9,18.3,alimentos,46.2
09684ae9062cccfa9bbd158453857401,2017-12-29 15:31:57+00:00,orindiuva,SP,169.9,16.95,perfumaria,186.85
096b267153128e0d7f9e593bba803956,2017-06-23 08:45:21+00:00,sao paulo,SP,69.9,15.28,market_place,85.18
096b88181e326e47c571be4560692555,2017-08-21 13:14:42+00:00,sao paulo,SP,7.59,7.78,ferramentas_jardim,15.370000000000001
096d4376832d3c6a12a5b6815590a657,2018-02-12 09:59:28+00:00,itaquaquecetuba,SP,61.72,15.18,automotivo,76.9
096ed3a5b211031b766db9362e5b5acf,2018-01-29 22:07:58+00:00,dom silverio,MG,79.99,33.92,moveis_escritorio,113.91
096ff3d928fd9b00eed2c839ad0c2223,2017-05-30 20:29:07+00:00,sao paulo,SP,94.99,8.89,eletronicos,103.88
09722e140e3e1e92b67fd75e2b14b6fb,2017-03-04 14:28:13+00:00,belem,PA,99.0,26.43,moveis_decoracao,125.43
097255cccb9ac174d481479fae72556d,2018-06-28 03:08:38+00:00,sao paulo,SP,189.9,8.59,eletronicos,198.49
09729990b5d8f5499917697c409b55cc,2018-01-23 09:08:05+00:00,barra do pirai,RJ,168.99,15.93,esporte_lazer,184.92000000000002
0972cd8199019b252faf977c4d3da6ea,2017-07-11 18:31:06+00:00,porto alegre,RS,45.0,15.1,telefonia,60.1
0973b2846805e4eaacbdff441e3dbc8e,2018-01-02 17:35:56+00:00,cabo frio,RJ,28.9,16.79,eletronicos,45.69
09744659d8e64274cf91bb288d9c3aec,2018-07-16 12:41:30+00:00,belo jardim,PE,364.0,64.8,beleza_saude,428.8
097452f101cb19b0ccc80d3a980d9755,2018-03-15 16:36:42+00:00,ilheus,BA,149.9,23.98,informatica_acessorios,173.88
0974bbaa486709066c644587a5cb6623,2018-03-27 21:20:40+00:00,sao paulo,SP,49.7,14.44,moveis_decoracao,64.14
0975d77f1213304145f61b455a53792c,2017-06-05 11:46:52+00:00,cacequi,RS,129.99,18.16,cool_stuff,148.15
09777f429af8cc60d951cad68db15b6f,2018-04-08 08:17:22+00:00,taubate,SP,399.2,25.37,beleza_saude,424.57
0977997b1c07196d7d76a0d79c50117d,2017-03-22 18:42:09+00:00,jundiai,SP,19.99,10.96,Unknown,30.95
0978a75c5390506e56614f327e7fa342,2017-05-26 16:33:34+00:00,sao bernardo do campo,SP,499.99,18.26,bebes,518.25
0978aeeb31e430bca8401306d75a8164,2018-07-21 13:43:23+00:00,nilopolis,RJ,69.99,23.29,pet_shop,93.28
097941e2db84b005d04de9e867674226,2017-11-27 10:56:12+00:00,itaberai,GO,153.0,18.32,cama_mesa_banho,171.32
097abce97e431993434adabc1aaec4e4,2017-10-08 22:13:39+00:00,sao paulo,SP,52.0,21.16,alimentos_bebidas,73.16
097b96a18f0058373d0f5e3041a27f0a,2017-08-17 08:36:15+00:00,sirinhaem,PE,49.0,25.63,informatica_acessorios,74.63
097be4cd83ab97b83a12738175758dc6,2018-06-09 19:28:43+00:00,sao paulo,SP,118.5,21.25,papelaria,139.75
097c2a2e5ea719c510238bad5d902cef,2018-02-09 14:48:12+00:00,vicosa,MG,117.0,15.57,esporte_lazer,132.57
097c6926697b318e2e49c0d92843211a,2017-10-09 07:41:44+00:00,regente feijo,SP,43.2,11.85,esporte_lazer,55.050000000000004
097d24fcfb2b0afac45ea41ab4d91694,2018-07-26 08:54:56+00:00,barueri,SP,155.0,15.48,construcao_ferramentas_construcao,170.48
097d6bb9430467d7744c857f5d023959,2017-11-15 11:53:35+00:00,sao paulo,SP,56.99,4.36,perfumaria,61.35
097d716d21f2b46bb265aacacb716dc8,2018-02-28 08:05:57+00:00,viamao,RS,21.99,15.1,cama_mesa_banho,37.089999999999996
097dcfb34c6a0d697daa747d943dc1e8,2018-03-18 17:44:13+00:00,nova iguacu,RJ,179.0,9.2,esporte_lazer,188.2
09816d25300df1b7cc5c78edc96f55da,2017-12-23 21:58:49+00:00,juiz de fora,MG,184.9,21.78,cama_mesa_banho,206.68
098252064bc68acd5911a587b58b2cc4,2017-04-28 23:28:42+00:00,sao paulo,SP,75.0,11.14,informatica_acessorios,86.14
0982c70ab125dee2e64f27e5aa2b4fb8,2018-02-15 18:26:46+00:00,jacarei,SP,29.9,8.11,beleza_saude,38.01
09836dd0df8891bd6cc20b9e651a6f23,2018-06-04 22:49:09+00:00,guarapuava,PR,18.9,13.47,eletronicos,32.37
0983f1f175846f974bff91862731fa68,2018-04-22 19:36:08+00:00,canoas,RS,95.0,15.55,relogios_presentes,110.55
09854629eee79bc8d606247198ae822b,2018-04-24 21:18:31+00:00,brasilia,DF,64.99,18.12,esporte_lazer,83.11
09854629eee79bc8d606247198ae822b,2018-04-24 21:18:31+00:00,brasilia,DF,139.9,36.32,esporte_lazer,176.22
09859a28d56f326d009da66f7d02e99d,2018-08-06 20:31:45+00:00,sao paulo,SP,299.0,63.26,moveis_decoracao,362.26
0985a44f5d8e8bf1d6a48717584cec06,2017-05-04 19:14:54+00:00,iracemapolis,SP,42.99,11.74,moveis_decoracao,54.730000000000004
09868b0eb512bfbbe98900f16d79d055,2017-03-21 16:04:32+00:00,sao paulo,SP,115.0,14.98,livros_interesse_geral,129.98
0987363c91de454d42d084b84a691f99,2018-07-15 14:52:43+00:00,sao caetano do sul,SP,155.97,8.35,relogios_presentes,164.32
0987ca7d6618e8d1a3bcc49207d6f713,2017-12-05 19:40:10+00:00,brasilia,DF,199.99,53.41,moveis_escritorio,253.4
098899a1fca44446ebcd6eb00297d33b,2017-07-11 11:59:31+00:00,porto alegre,RS,209.9,26.31,utilidades_domesticas,236.21
0988c678736998fba42218af0ebf2c1f,2018-03-11 19:16:45+00:00,serra,ES,13.9,18.23,cama_mesa_banho,32.13
0988e6e21a5bd6dee0c95d3a85970d98,2018-06-18 20:58:10+00:00,matinhos,PR,210.0,24.62,brinquedos,234.62
0989631de28d3313632d2c5f34a71f57,2017-08-01 20:25:36+00:00,sao paulo,SP,29.9,9.94,brinquedos,39.839999999999996
0989d111cfe79cf0bbdea443f1caf9b7,2018-06-03 21:24:09+00:00,lavras,MG,169.9,39.48,cama_mesa_banho,209.38
098a083175759c53525b6288a6e46119,2018-03-20 11:24:34+00:00,sao paulo,SP,17.99,8.29,eletronicos,26.279999999999998
098a17af931400d21917fe24f3346b53,2017-08-17 22:22:29+00:00,araxa,MG,69.0,15.0,Unknown,84.0
098a8457920d6c63f0cb10ccfbcd369d,2018-06-07 22:58:16+00:00,sorocaba,SP,199.9,10.13,perfumaria,210.03
098a986ddd350e605574040b04554267,2018-01-10 13:21:34+00:00,feira de santana,BA,259.9,35.62,brinquedos,295.52
098cd6e4219c395a4de25a34d1adcaee,2018-03-27 13:28:41+00:00,silvania,GO,135.0,27.03,moveis_decoracao,162.03
098dd2a0dabd8878380b344370974efa,2017-03-14 22:06:27+00:00,guarulhos,SP,23.2,14.52,fashion_bolsas_e_acessorios,37.72
098e4bd227693adc9a292cf3a42ea7a4,2018-04-18 10:56:55+00:00,goiania,GO,32.0,15.23,moveis_decoracao,47.230000000000004
098e7344bff99946b1a3c2c4357503bf,2017-10-17 16:36:26+00:00,sao paulo,SP,18.65,12.69,informatica_acessorios,31.339999999999996
098e78dea9fc1a1e1e49c220f27dcea4,2018-06-16 08:33:44+00:00,belem,PA,112.94,45.56,moveis_escritorio,158.5
098f15b40cb74aae030d56b720c5698c,2018-01-26 17:26:30+00:00,osvaldo cruz,SP,179.0,13.59,pet_shop,192.59
098f60afb74eab906fedaf802a833a97,2018-01-13 23:41:26+00:00,sao paulo,SP,40.5,7.78,cool_stuff,48.28
098f664519835e5af0a1f20f4d778fdf,2017-12-15 18:57:33+00:00,itaguari,GO,887.0,26.7,bebes,913.7
098fa8e236952567d948321ee4684854,2017-02-19 20:09:01+00:00,sao carlos,SP,114.99,15.91,cama_mesa_banho,130.9
098fd8628d7e76c7dfb58d651899ff39,2017-10-05 15:46:56+00:00,floriano,PI,89.9,38.18,casa_conforto,128.08
09903d25ea3d162aeb40057420caa5bb,2017-11-24 13:26:15+00:00,fortaleza,CE,95.0,30.2,relogios_presentes,125.2
09903fb2d8388ac463b7c269c099b6cb,2018-06-12 20:30:43+00:00,sao jose,SC,14.95,16.4,livros_tecnicos,31.349999999999998
0990523dcb57830447203c2e6d8804d0,2017-09-16 09:34:01+00:00,curvelo,MG,158.0,25.95,cama_mesa_banho,183.95
09905fd2dc65b5998da50f11ae3ed6f0,2017-09-12 17:50:37+00:00,londrina,PR,229.99,62.35,moveis_escritorio,292.34000000000003
09914aa3bf0c742de9a4819692ec756b,2018-01-03 17:44:15+00:00,ponta grossa,PR,230.0,22.1,moveis_decoracao,252.1
099319b5b8567c490c01a857c6dbe73f,2018-06-03 14:05:03+00:00,rio de janeiro,RJ,64.99,27.51,beleza_saude,92.5
09944d214dbe0d92666178941a674632,2017-08-17 16:22:45+00:00,seropedica,RJ,200.0,26.24,cama_mesa_banho,226.24
09951c1a8c91dc28f008c3ccc634f1fe,2017-10-16 23:29:17+00:00,sao goncalo,RJ,69.9,16.25,cama_mesa_banho,86.15
09956a4d0066f2ef4e70f7ae51e2c9f3,2017-10-21 08:42:20+00:00,rio de janeiro,RJ,129.9,17.16,utilidades_domesticas,147.06
0996218f2d0c8ec0cb08f7498588bc41,2018-04-02 19:13:49+00:00,sao paulo,SP,117.3,12.81,automotivo,130.10999999999999
0996218f2d0c8ec0cb08f7498588bc41,2018-04-02 19:13:49+00:00,sao paulo,SP,139.0,15.88,automotivo,154.88
0996d6fb4402593986c6b1541bfcb4cc,2018-05-02 21:45:42+00:00,sao paulo,SP,199.89,12.02,beleza_saude,211.91
0997090fe6882d45c6a71660aaffaba2,2018-02-25 22:56:11+00:00,aparecida de goiania,GO,53.9,17.63,ferramentas_jardim,71.53
0998d3f4248f4c162beb9c06e2f87480,2017-08-10 18:21:46+00:00,sao bernardo do campo,SP,30.9,9.27,utilidades_domesticas,40.17
0999a91ea28eb69b5120ccb4c90a1ff5,2018-01-05 20:37:59+00:00,montanha,ES,229.9,22.1,brinquedos,252.0
0999bc97673a2bbf7a81731329196b2d,2018-04-07 12:19:29+00:00,jacarei,SP,27.9,7.87,alimentos,35.769999999999996
099a55045696dde09f58f62e8e82a542,2018-05-27 18:29:11+00:00,alagoinhas,BA,169.0,22.89,utilidades_domesticas,191.89
099acf2a98eba9bab889af025be407b7,2017-08-15 13:24:17+00:00,camapua,MS,89.9,23.5,industria_comercio_e_negocios,113.4
099b01b8cc6b861aa593247b2f7e0b7b,2017-05-31 19:57:21+00:00,atibaia,SP,154.9,14.1,esporte_lazer,169.0
099be5827a2f9692b1c1ad111affc9d1,2017-09-06 19:58:48+00:00,sao paulo,SP,39.0,7.78,relogios_presentes,46.78
099c1abf14984c667bf8026fc23fb0ba,2017-05-19 17:59:40+00:00,rio de janeiro,RJ,19.9,15.1,cama_mesa_banho,35.0
099c89b21c9d60fe648ec0bbd837bb3e,2017-10-02 13:24:23+00:00,sao bernardo do campo,SP,98.9,7.95,audio,106.85000000000001
099d60cb800db65a72d355528bb7f41e,2018-05-08 22:56:28+00:00,sao paulo,SP,219.9,104.73,malas_acessorios,324.63
099d62f80912acec8ebfabeed29585cf,2018-06-25 10:31:05+00:00,santa maria,RS,35.99,18.35,informatica_acessorios,54.34
099e239a7cce8ed6ef0905feb80808c0,2018-06-04 08:35:20+00:00,cabrobo,PE,144.99,47.45,cama_mesa_banho,192.44
099ee5555931216b461149b6fa1957e6,2017-09-29 22:41:26+00:00,estrela,RS,129.99,16.67,brinquedos,146.66000000000003
09a02e80ddcc4cb25f8ca5e46c1020ce,2017-03-03 20:39:32+00:00,campo belo,MG,25.0,14.52,telefonia,39.519999999999996
09a069fe7d45eae2e1c4910e90e365ac,2017-06-05 07:17:58+00:00,sao paulo,SP,49.0,7.78,relogios_presentes,56.78
09a0d7c2cc6f652acd3537e7a91c7000,2017-05-15 14:08:00+00:00,tres coracoes,MG,69.0,12.61,informatica_acessorios,81.61
09a1022dc99a8046b87235a846062035,2018-06-21 14:42:11+00:00,nova iguacu,RJ,17.9,18.23,cama_mesa_banho,36.129999999999995
09a12008dce38051d0f39f922b380e05,2017-05-13 00:47:43+00:00,conceicao do mato dentro,MG,79.99,17.81,moveis_decoracao,97.8
09a21347537a52507220515fa4516fbd,2018-02-03 19:12:42+00:00,brasilia,DF,119.8,27.16,esporte_lazer,146.96
09a38776c4e31230864f867821174daa,2018-02-02 18:19:18+00:00,belo horizonte,MG,84.89,15.34,informatica_acessorios,100.23
09a5c8d751662bfb96c5a3307619cb36,2018-07-30 15:38:45+00:00,rio de janeiro,RJ,199.0,14.42,esporte_lazer,213.42
09a5c8d751662bfb96c5a3307619cb36,2018-07-30 15:38:45+00:00,rio de janeiro,RJ,149.0,14.43,esporte_lazer,163.43
09a72b0eeb69a0a5727d321f51fc313b,2017-07-29 01:03:42+00:00,rio de janeiro,RJ,399.9,24.67,malas_acessorios,424.57
09a83ffe176e7f00f3b93584ee9fb07c,2018-04-03 17:07:28+00:00,sao paulo,SP,151.97,17.97,beleza_saude,169.94
09a93e48d7e84fa082320df90b072c7b,2018-08-03 11:11:37+00:00,sao paulo,SP,105.0,23.5,brinquedos,128.5
09ab8a3234b24017600673c296756fdf,2018-01-22 11:14:54+00:00,recife,PE,284.0,39.54,beleza_saude,323.54
09abedc2c8793fa1ef3a6eb50a9587e6,2018-06-01 14:55:40+00:00,sao paulo,SP,40.0,8.88,moveis_decoracao,48.88
09ad94cb221ea7d2ba569504ad446082,2018-02-05 13:15:21+00:00,londrina,PR,167.84,33.62,beleza_saude,201.46
09ae00385becd9090c7e85eb465605e0,2018-03-22 13:34:29+00:00,caratinga,MG,149.9,39.1,informatica_acessorios,189.0
09ae0443d05fc72908daed24036acb22,2017-03-17 22:24:21+00:00,sao paulo,SP,89.0,8.99,relogios_presentes,97.99
09ae30c3aa82707a515bda0df370f7d2,2018-04-15 21:34:02+00:00,cubatao,SP,69.9,13.85,cama_mesa_banho,83.75
09aea357bd7fde763e2358cc9e413513,2017-04-04 23:45:19+00:00,sao paulo,SP,29.9,9.34,informatica_acessorios,39.239999999999995
09af242285bcc7d2f8b12ce33dcfcb7f,2018-01-12 22:17:04+00:00,tanhacu,BA,29.99,16.79,telefonia,46.78
09af99436ca3dc8d1de0f26ce6857112,2017-08-12 08:39:16+00:00,joao pessoa,PB,99.9,23.02,telefonia_fixa,122.92
09afbfa0da8baf5f4eb28c82f7209afd,2018-01-20 16:17:30+00:00,porto velho,RO,99.9,25.25,eletroportateis,125.15
09b010b4dba0b79a21a0505f234e44fb,2017-04-07 15:47:19+00:00,sao paulo,SP,219.0,16.74,ferramentas_jardim,235.74
09b216c85c7fb2105c85987be09e7ec9,2018-04-10 14:01:14+00:00,tres rios,RJ,109.9,27.5,bebes,137.4
09b38400b1601bc9dea9de02c710857f,2017-01-17 13:23:49+00:00,ouro preto,MG,45.9,14.52,moveis_decoracao,60.42
09b457f1152126535a2e7d4a3b73ff6f,2018-01-02 16:17:41+00:00,itatiba,SP,6.3,7.78,perfumaria,14.08
09b584a0cd8717a01d318729fa61a867,2017-08-27 13:44:33+00:00,sao paulo,SP,49.9,19.74,informatica_acessorios,69.64
09b584a0cd8717a01d318729fa61a867,2017-08-27 13:44:33+00:00,sao paulo,SP,40.9,3.95,informatica_acessorios,44.85
09b6cccc4166713f232f26db93a5d21e,2017-08-04 12:01:39+00:00,sao paulo,SP,39.9,14.1,informatica_acessorios,54.0
09b6daf7c780e789668ee3b7f4bda1c5,2018-06-29 18:20:57+00:00,restinga seca,RS,76.9,19.73,cama_mesa_banho,96.63000000000001
09b70d085a1bfb3b4b2ad8b7c7e43353,2017-05-20 17:04:34+00:00,jundiai,SP,39.9,14.1,Unknown,54.0
09b748b3799286e3df820f2d5528abbc,2017-05-11 17:15:48+00:00,sao paulo,SP,249.0,25.12,informatica_acessorios,274.12
09b866628e60ce05f3e25fcfde9722c4,2017-07-31 15:18:44+00:00,ponta grossa,PR,329.0,28.62,livros_tecnicos,357.62
09b8c1e504ab1fce7031c710bd8558d6,2017-09-13 17:04:49+00:00,sao paulo,SP,69.0,8.72,brinquedos,77.72
09b8d47d2f753e1c1ee4da43e4429ff5,2018-07-28 17:56:15+00:00,rio de janeiro,RJ,416.99,46.72,informatica_acessorios,463.71000000000004
09b9364d966593e51c1edead847fd220,2018-08-10 08:13:28+00:00,vila velha,ES,44.0,8.95,relogios_presentes,52.95
09b9364d966593e51c1edead847fd220,2018-08-10 08:13:28+00:00,vila velha,ES,117.87,22.39,relogios_presentes,140.26
09b9b2b8758ca1fd4a9bcd3f2af6fb10,2017-11-09 20:16:38+00:00,camacan,BA,169.9,27.73,perfumaria,197.63
09ba762d7b29d3771a788d7d039159fa,2017-03-01 12:54:25+00:00,blumenau,SC,289.9,17.73,perfumaria,307.63
09badf53476a6bda72b4728e858a3433,2018-02-05 13:51:27+00:00,adamantina,SP,19.9,11.85,livros_tecnicos,31.75
09bb35a3939c3181b4a5619cb3918976,2017-11-26 03:42:06+00:00,sao paulo,SP,99.0,17.94,fashion_bolsas_e_acessorios,116.94
09bc338a4e0ae30bcaebd7f1a2c6d3ea,2017-12-18 08:42:33+00:00,rio de janeiro,RJ,57.0,25.44,utilidades_domesticas,82.44
09bc4b63b3a1b631632aebe28d64df0a,2018-02-19 00:26:12+00:00,embu das artes,SP,45.0,15.1,esporte_lazer,60.1
09bcbc199f0fa4268cc0122304696ea4,2017-11-24 14:54:56+00:00,porto alegre,RS,79.9,16.32,cama_mesa_banho,96.22
09bd279b1d189a59de559c5f558ca857,2017-02-26 20:55:50+00:00,sorocaba,SP,25.99,10.96,telefonia,36.95
09be8ba0b5c0e3195ef77302707a192f,2018-07-01 22:16:18+00:00,pouso alegre,MG,249.9,44.32,moveis_decoracao,294.22
09be8ba0b5c0e3195ef77302707a192f,2018-07-01 22:16:18+00:00,pouso alegre,MG,150.0,44.33,casa_construcao,194.32999999999998
09bfe605baffbe939fb10d3e8936346e,2018-02-22 18:34:11+00:00,vila velha,ES,27.9,15.1,alimentos,43.0
09bfed54145e573d48e1685dcf11fb6c,2018-04-16 10:31:20+00:00,rio de janeiro,RJ,95.0,22.38,informatica_acessorios,117.38
09c03e22399940d7e6fb194297ae84a3,2018-06-12 22:39:32+00:00,sorocaba,SP,109.8,10.08,brinquedos,119.88
09c06d47b8b58dbabf753646fe5b89ab,2018-04-03 13:22:38+00:00,fortaleza,CE,330.0,19.53,beleza_saude,349.53
09c0caffae8336db750e232298e4a574,2018-08-22 14:17:42+00:00,trindade,PE,330.0,39.22,beleza_saude,369.22
09c0dd7d518cf413ce20facd85bedd5f,2018-02-26 13:03:45+00:00,araraquara,SP,35.99,13.37,alimentos_bebidas,49.36
09c103240d66c0e0d945071a9518d6ee,2017-02-03 22:33:38+00:00,taubate,SP,109.9,14.94,malas_acessorios,124.84
09c10d01ea598b37493ee93aa01cb066,2018-07-14 19:38:54+00:00,goiania,GO,9.9,15.23,eletronicos,25.130000000000003
09c29dc1d814f755a8183dc859945531,2018-02-11 18:53:35+00:00,salto do ceu,MT,122.9,18.43,cama_mesa_banho,141.33
09c2b130b47b0d77f2217277de5fd140,2017-11-23 10:42:29+00:00,rio de janeiro,RJ,119.9,17.0,esporte_lazer,136.9
09c530d73b3f36bbcd4d3b2268abfe12,2018-03-27 09:24:23+00:00,ouro preto,MG,126.0,27.61,ferramentas_jardim,153.61
09c55723561623b19ad72cf0299d58bc,2018-08-22 09:42:27+00:00,marechal candido rondon,PR,89.0,23.42,cama_mesa_banho,112.42
09c636e254bb18eeef943452017249f4,2017-10-27 17:03:40+00:00,tangara da serra,MT,169.9,70.41,moveis_decoracao,240.31
09c681e9069e20d7f2ecd587151f1b88,2017-11-29 18:12:11+00:00,fortaleza,CE,250.0,61.57,moveis_decoracao,311.57
09c6a742ab99ba6516e8acebf60127b4,2017-12-01 23:15:22+00:00,santos,SP,119.9,12.54,cama_mesa_banho,132.44
09c6ca023de352874ee4fda218d19a81,2018-05-28 21:25:51+00:00,tanabi,SP,44.0,12.79,ferramentas_jardim,56.79
09c74db044dfe6e7f2a6b6a6750f36cd,2017-04-09 19:53:32+00:00,santa barbara d'oeste,SP,127.48,11.5,esporte_lazer,138.98000000000002
09c8e71060b07326dba9db865f46881e,2018-06-03 18:48:07+00:00,rio de janeiro,RJ,99.99,23.28,cama_mesa_banho,123.27
09c8e8de8792915ab68564b4420f246f,2018-08-22 09:31:42+00:00,brasilia,DF,29.9,18.31,beleza_saude,48.209999999999994
09ca36d55d4afbcc785cf9def43c9078,2018-07-14 19:44:35+00:00,capanema,PR,18.9,13.47,eletronicos,32.37
09cbc615350e91dae35a37b78994c91f,2018-02-14 20:26:13+00:00,belo horizonte,MG,180.0,16.01,informatica_acessorios,196.01
09cbcd1a5e559da522327abcf7e30dda,2018-05-29 11:10:29+00:00,porto alegre,RS,28.9,18.23,esporte_lazer,47.129999999999995
09cd0ef00759c25af3a62b31366074bb,2018-03-16 08:37:00+00:00,sao luis,MA,82.0,27.12,utilidades_domesticas,109.12
09ce422617b0ec4c246ceb2922ea1ea1,2018-08-22 10:48:54+00:00,itatiba,SP,43.5,23.11,moveis_decoracao,66.61
09ce65f75711be9f04a63700ae3c5adc,2017-11-18 16:10:29+00:00,itu,SP,198.0,12.89,relogios_presentes,210.89
09ced678dfa43843d2f38c410def94aa,2018-08-05 20:58:28+00:00,parobe,RS,79.9,18.66,perfumaria,98.56
09d048d5bfb9dd1a82f696ce9863e9b0,2018-05-22 21:20:12+00:00,juiz de fora,MG,169.4,23.77,cama_mesa_banho,193.17000000000002
09d062f6e1122b61b5ebf287cfd6be11,2017-10-17 10:42:30+00:00,montenegro,RS,64.99,14.2,informatica_acessorios,79.19
09d1a6d95af99a860b37ed53fc9a3c2d,2017-08-23 20:42:54+00:00,rio de janeiro,RJ,107.0,21.24,esporte_lazer,128.24
09d20920406c53e92821c0f4a82b3811,2017-11-24 00:56:54+00:00,guarulhos,SP,17.99,7.78,telefonia,25.77
09d3cd95f911da31613353ea97a651e6,2017-10-24 17:31:27+00:00,chapeco,SC,75.0,15.28,malas_acessorios,90.28
09d3f9f1be63c067456cc619076685a1,2017-08-23 15:40:22+00:00,conchas,SP,52.0,11.86,informatica_acessorios,63.86
09d49d145e25e27490765a4085a8e720,2017-12-30 00:06:41+00:00,guarulhos,SP,89.0,13.64,papelaria,102.64
09d557bf440b6c3b40cacfbb24fd5e28,2017-01-11 20:12:38+00:00,sabara,MG,129.99,29.19,brinquedos,159.18
09d6c2dd8c08336a2cbd1c449a2ef158,2018-02-03 19:36:29+00:00,marataizes,ES,111.9,15.53,esporte_lazer,127.43
09d7ebb0b2075f15dc48bd8da3961fe0,2017-07-22 19:11:55+00:00,rio de janeiro,RJ,49.0,15.79,moveis_decoracao,64.78999999999999
09d8753e77ffa5e71ba4137166a3b6ad,2017-11-05 17:41:50+00:00,seringueiras,RO,379.0,74.5,construcao_ferramentas_construcao,453.5
09d8a4bcd943fd4bfc7dd6b64b7c328e,2018-05-27 09:24:57+00:00,macae,RJ,18.0,18.23,eletronicos,36.230000000000004
09d91c794f1841e2af74d07d08518980,2017-08-02 22:29:10+00:00,rio de janeiro,RJ,129.9,12.36,livros_interesse_geral,142.26
09d9dfc52ee6df196fdd19dd3b7440a7,2017-12-02 12:30:05+00:00,campinas,SP,139.0,17.22,brinquedos,156.22
09da806d72011e816e9242e6d24164eb,2018-02-23 10:49:24+00:00,santos,SP,25.9,12.48,eletronicos,38.379999999999995
09daf6c53d9fa98e18b67728b86a7848,2018-01-22 11:57:11+00:00,julio de castilhos,RS,149.97,27.59,papelaria,177.56
09db1ec04535cf2bba4a73954a252e41,2018-03-06 22:01:20+00:00,itapema,SC,314.9,20.08,telefonia,334.97999999999996
09dbda42baac941ca241f8cea65b2306,2018-01-14 09:20:37+00:00,rio de janeiro,RJ,45.9,15.11,cama_mesa_banho,61.01
09dcf31f117fe39a78c3a166109c07df,2018-08-16 13:18:39+00:00,mage,RJ,99.99,18.5,malas_acessorios,118.49
09dd119f5cafd6888b0e67ebcff86a45,2017-11-26 21:38:50+00:00,rio de janeiro,RJ,36.99,14.1,esporte_lazer,51.09
09dd83f72b2516179cd46b81121fad23,2016-10-10 16:55:10+00:00,aracaju,SE,58.0,21.99,consoles_games,79.99
09dda1ced4a7c14c742c7f2678c36641,2017-08-12 11:02:56+00:00,valenca,BA,127.9,17.34,informatica_acessorios,145.24
09ddda124332d6c2489fba71284be7b6,2018-07-25 16:40:23+00:00,campo grande,MS,69.5,18.59,relogios_presentes,88.09
09de1c09553be98d80e730e53641c515,2018-08-20 14:16:16+00:00,sao paulo,SP,289.0,21.21,construcao_ferramentas_construcao,310.21
09df1b5edd28f22201dd19d1acccd5f3,2018-01-18 14:38:14+00:00,belem,PA,20.3,25.63,Unknown,45.93
09df42b3e78625578555d3d48cd57be5,2017-05-14 12:30:01+00:00,sao jose dos campos,SP,12.5,7.78,telefonia,20.28
09e04558408bf0fe846b66132dc5d64a,2018-02-23 14:47:25+00:00,ribeirao preto,SP,82.8,12.71,informatica_acessorios,95.50999999999999
09e0732990558bc7eb24650cd444d8fb,2017-08-10 00:44:38+00:00,novo hamburgo,RS,26.9,25.63,utilidades_domesticas,52.53
09e0e42eda6d72e0bd2a2e232d1c78b2,2018-06-19 13:59:34+00:00,itaporanga,SP,86.99,14.19,esporte_lazer,101.17999999999999
09e1adca3506ecf15eefdb37196f2515,2018-01-15 09:52:28+00:00,sao paulo,SP,21.05,11.85,esporte_lazer,32.9
09e21d9c7aee6884dbb1ac35cf2dfc70,2017-12-22 11:02:13+00:00,ipatinga,MG,149.99,23.85,informatica_acessorios,173.84
09e3a74fe474342885a70d1b2452c1e2,2017-09-06 08:58:14+00:00,miguel calmon,BA,50.0,47.79,utilidades_domesticas,97.78999999999999
09e6dfb3a40d9c2e75458a76ff06e2d5,2017-02-11 10:42:55+00:00,sao caetano do sul,SP,34.9,10.96,brinquedos,45.86
09e74688e8059c85519cce1489af2e5c,2017-04-01 12:02:13+00:00,guarulhos,SP,184.9,13.87,papelaria,198.77
09e7742cede3e38bad12bf8e4e015d6c,2018-08-01 22:52:54+00:00,juiz de fora,MG,162.9,19.24,relogios_presentes,182.14000000000001
09e78337fade609c785bdc87f287a535,2018-03-31 11:09:58+00:00,varginha,MG,34.3,18.23,fashion_bolsas_e_acessorios,52.53
09e90e3936db197d43b9bde1291c307d,2018-08-02 14:21:15+00:00,ilhabela,SP,72.9,14.09,cama_mesa_banho,86.99000000000001
09ea2181de5a14e01d90b6ff01835a33,2018-04-02 09:54:13+00:00,santa rita do passa quatro,SP,24.9,12.79,utilidades_domesticas,37.69
09ea2f085e77814c3b31377ba10aa4a1,2018-02-13 22:49:03+00:00,poa,SP,269.0,17.59,cool_stuff,286.59
09ea9ef172f36e86256bde78e5aadd66,2017-12-06 12:49:00+00:00,sao paulo,SP,39.9,15.1,alimentos,55.0
09eb1ae749fc79af3f5a2f4481efae6d,2018-03-08 11:11:29+00:00,sao paulo,SP,27.3,9.42,beleza_saude,36.72
09ebfabd9f6552771f5d90e099fa0738,2017-05-08 22:53:56+00:00,rio de janeiro,RJ,12.97,14.1,telefonia,27.07
09ec142bfa34576d3914bdf8c19927c2,2018-07-20 16:25:59+00:00,sao paulo,SP,14.9,9.22,moveis_decoracao,24.12
09ec142bfa34576d3914bdf8c19927c2,2018-07-20 16:25:59+00:00,sao paulo,SP,17.9,4.61,moveis_decoracao,22.509999999999998
09ec3f2a1a1ec11f2245a4538a00eae3,2017-06-19 13:17:06+00:00,sao paulo,SP,119.99,8.09,moveis_escritorio,128.07999999999998
09ed65e35d505a8ce95a82e5c0d1dff3,2017-11-24 16:17:04+00:00,sao paulo,SP,32.99,13.08,moveis_decoracao,46.07
09eedce5add123a462c46a3e0ade2dd9,2017-05-01 19:07:03+00:00,itabuna,BA,109.95,18.2,esporte_lazer,128.15
09eefc2f4932b01761f55d6b623ab527,2017-12-15 15:54:24+00:00,barueri,SP,24.99,11.73,esporte_lazer,36.72
09efb7cd51fbc54c89edb7aff4a3f637,2017-05-09 23:38:35+00:00,contagem,MG,99.99,15.46,cool_stuff,115.44999999999999
09f08a5ef3dbd9a7c895c647f30bb059,2018-01-24 11:40:54+00:00,jacarei,SP,99.9,13.25,esporte_lazer,113.15
09f2c6e797b432724b3a123f1ec897bb,2018-02-15 16:10:26+00:00,sao bernardo do campo,SP,25.9,11.85,informatica_acessorios,37.75
09f52f8bf94d5676c277ef72ec077c75,2017-08-10 12:51:21+00:00,cuiaba,MT,59.9,19.66,ferramentas_jardim,79.56
09f58c00f941827ab206de7796785e44,2017-01-05 16:05:07+00:00,curitiba,PR,8.9,8.72,brinquedos,17.62
09f7918cf38caeef665ddea1a74a6a5c,2017-10-03 12:08:42+00:00,cesario lange,SP,19.9,11.85,telefonia,31.75
09f86b7099faeb6a9d85623c5dba9665,2017-02-08 22:12:14+00:00,tres lagoas,MS,44.0,16.05,pet_shop,60.05
09f86d1a5a7c2e8dddd1850a65f5a5d4,2018-01-08 13:30:14+00:00,bauru,SP,12.98,11.85,telefonia,24.83
09f8cd8a102b3f3fa2d5db0c6aee489a,2017-09-15 16:35:51+00:00,parnaiba,PI,730.0,80.13,pcs,810.13
09f929ce6d526af69a12f1a54230e396,2017-05-10 13:20:12+00:00,embu das artes,SP,29.0,11.85,eletronicos,40.85
09fa09eaa76c4a81cfed79f5d5eb6cf0,2017-12-03 22:28:45+00:00,sao jose do rio preto,SP,179.99,21.17,moveis_sala,201.16000000000003
09fc554c8d37d678a6c182c5592ea881,2018-04-16 09:39:24+00:00,teofilo otoni,MG,39.0,23.28,casa_construcao,62.28
09fd1722d038ec5290cb862bb8ed8e46,2018-08-17 18:49:15+00:00,pelotas,RS,149.0,27.34,esporte_lazer,176.34
09fd9b0402ed675bbd1ee1e81171ac7c,2018-08-18 21:36:49+00:00,gravata,PE,144.9,65.46,construcao_ferramentas_jardim,210.36
09fdca9b7c6771946a1cac89dd7e89a2,2018-01-08 19:33:40+00:00,piedade dos gerais,MG,25.0,15.1,esporte_lazer,40.1
09fe6a53d51c53e7961252621989b67c,2018-01-08 19:46:22+00:00,campos dos goytacazes,RJ,138.5,20.21,esporte_lazer,158.71
09fe7a287eced3280bbc1ca7759c4c25,2018-06-19 19:35:00+00:00,sao paulo,SP,15.49,7.87,beleza_saude,23.36
09ff646bb8e18894b907e5b76f5fca59,2017-09-09 03:20:20+00:00,francisco morato,SP,52.64,11.87,cama_mesa_banho,64.51
09ff9d4a5ba285dcea027de9e7c3adba,2017-07-04 10:38:22+00:00,boituva,SP,84.0,12.93,beleza_saude,96.93
0a001a3fae4c5478fd40c669ab7c7f48,2018-05-12 19:04:30+00:00,belo horizonte,MG,44.9,19.32,utilidades_domesticas,64.22
0a0090ae69392fa38ee742006f8c0a90,2017-08-11 21:59:05+00:00,sao paulo,SP,85.5,9.91,cama_mesa_banho,95.41
0a0090ae69392fa38ee742006f8c0a90,2017-08-11 21:59:05+00:00,sao paulo,SP,46.99,14.87,moveis_decoracao,61.86
0a00e9b0112a0e7ba031426a31659196,2018-08-06 13:32:49+00:00,duque de caxias,RJ,49.9,37.26,informatica_acessorios,87.16
0a0185b8b72cbf2290c3e4218300a61c,2017-03-14 22:08:50+00:00,salvador,BA,44.99,21.85,moveis_decoracao,66.84
0a01aa0d779fc923be4cc5505b0c6dd4,2018-06-16 18:46:50+00:00,sao paulo,SP,99.99,16.89,brinquedos,116.88
0a020ef040e4b3065551bb31e0aca1cd,2017-08-30 13:24:53+00:00,jaragua do sul,SC,239.9,46.14,instrumentos_musicais,286.04
0a029b521ffceb219d63dce7e02403bc,2017-11-24 19:04:23+00:00,sinop,MT,188.0,17.76,relogios_presentes,205.76
0a02d8b1995030c91c63add1acba1fb2,2017-05-27 13:48:50+00:00,sao paulo,SP,94.9,7.92,brinquedos,102.82000000000001
0a03b50bb658dc86547261ba8cd5676e,2017-10-18 20:28:58+00:00,caceres,MT,169.99,27.73,informatica_acessorios,197.72
0a03ed20390f0245ab850bea4186190d,2017-12-04 16:55:03+00:00,sao paulo,SP,170.0,16.82,relogios_presentes,186.82
0a03f10c3075f5566e5cdbef7c487e14,2018-01-20 13:59:56+00:00,porto ferreira,SP,16.9,11.85,automotivo,28.75
0a05e512c3e656802c930be4c1766c2a,2018-08-02 12:04:52+00:00,embu das artes,SP,49.99,7.61,perfumaria,57.6
0a0674921d2acf422fa3f4fd78717451,2017-06-04 18:20:45+00:00,porto alegre,RS,89.99,16.39,cama_mesa_banho,106.38
0a06917fb1c4d93dddc71d9ca7dd8790,2018-08-08 21:30:18+00:00,salvador,BA,32.0,18.37,utilidades_domesticas,50.370000000000005
0a06a0fe44df214d7b351f21a1bb31aa,2018-06-07 21:12:49+00:00,itaquaquecetuba,SP,49.0,7.39,fashion_bolsas_e_acessorios,56.39
0a06eca1c0bfc49a968e40cdd506297f,2018-03-01 11:53:45+00:00,guaratuba,PR,149.0,45.12,informatica_acessorios,194.12
0a075803f6a9f73007c86d42003cc231,2017-03-31 00:03:06+00:00,sao paulo,SP,28.78,11.74,utilidades_domesticas,40.52
0a082979e13de340740a9883be061fcf,2017-11-19 08:43:10+00:00,rio de janeiro,RJ,169.9,17.63,informatica_acessorios,187.53
0a0837a5eee9e7a9ce2b1fa831944d27,2016-10-04 09:06:10+00:00,maua,SP,49.99,15.51,Unknown,65.5
0a098ea7aca0cfbc728417697c86e807,2018-03-10 16:24:51+00:00,belo horizonte,MG,220.0,19.42,beleza_saude,239.42000000000002
0a09de65d90e684e2fbd1c2588733f37,2017-08-17 14:35:26+00:00,russas,CE,98.0,27.23,beleza_saude,125.23
0a0ae1b561eab534493c5588efc5169c,2017-09-15 12:57:46+00:00,nova friburgo,RJ,299.0,26.93,casa_conforto,325.93
0a0ae6383118ebd8939e7d18c5dda408,2018-03-10 10:29:04+00:00,nova iguacu,RJ,39.99,19.32,cama_mesa_banho,59.31
0a0b0479c9e05814f250c7bea5b1a95c,2018-06-14 21:10:57+00:00,florianopolis,SC,119.5,17.77,perfumaria,137.27
0a0bb5e5ea635dc355ca8ef22dfac150,2018-07-08 16:27:03+00:00,colombo,PR,99.0,15.79,construcao_ferramentas_seguranca,114.78999999999999
0a0cda0a8f1fac8330c16b7a8b38bfb8,2018-03-07 17:51:50+00:00,nova iguacu,RJ,113.9,19.77,utilidades_domesticas,133.67000000000002
0a0d25405f3880fbd46619f0852c250d,2018-07-02 22:14:46+00:00,aruja,SP,39.0,13.35,papelaria,52.35
0a0d4509c14ceb9b0f6555e07c45d167,2018-03-14 09:52:04+00:00,teresina,PI,288.9,63.82,cama_mesa_banho,352.71999999999997
0a0e7f9881dffec612b28e2682242574,2018-02-22 09:09:51+00:00,nova lima,MG,149.9,19.59,informatica_acessorios,169.49
0a0e91f265e0c09af322a473351b61d1,2018-04-22 18:56:23+00:00,sao goncalo,RJ,106.9,0.0,relogios_presentes,106.9
0a0eb4fdd818ed6fb62d07792c948971,2018-05-15 21:17:37+00:00,rio de janeiro,RJ,116.9,0.0,relogios_presentes,116.9
0a0f50037a1e1b7c239ac621dbd8a03e,2017-09-25 14:34:48+00:00,jacarezinho,PR,25.9,12.48,eletronicos,38.379999999999995
0a1008edde05c441150b3142521df760,2017-09-22 15:06:29+00:00,angra dos reis,RJ,158.0,21.6,relogios_presentes,179.6
0a10c45a73c3213a1499c3989973849b,2018-01-15 23:47:57+00:00,guarulhos,SP,89.9,12.33,cama_mesa_banho,102.23
0a11e1f5811dda6f2921ea5b87f67475,2018-06-05 20:07:43+00:00,xexeu,PE,87.5,38.66,beleza_saude,126.16
0a131976e98291762104959158e2bdc6,2018-07-14 16:12:14+00:00,teresina,PI,599.0,66.44,consoles_games,665.44
0a13aec53ae766fb150be89f7c93a73f,2017-10-01 20:40:19+00:00,curitibanos,SC,19.9,15.1,eletronicos,35.0
0a14f9fc5324099db2a5418351592675,2018-03-03 10:30:17+00:00,flores da cunha,RS,70.0,15.24,informatica_acessorios,85.24
0a154ed7ce417e33453d705b167a3d8c,2018-05-19 11:15:21+00:00,atibaia,SP,209.99,13.37,cool_stuff,223.36
0a15572811e0bc23e2963de1cdf344f0,2018-04-19 10:59:31+00:00,santa maria,RS,79.99,23.14,esporte_lazer,103.13
0a178d660889f4e9ef1087483fd6ce9d,2017-03-23 16:34:16+00:00,sao bernardo do campo,SP,29.99,10.96,moveis_decoracao,40.95
0a1830f41dcbe9b26dc35c0c71738796,2017-09-13 16:18:26+00:00,olinda,PE,149.9,18.33,esporte_lazer,168.23000000000002
0a187dd7f4efe70e8c3b6e3779b3b133,2017-09-02 19:48:30+00:00,brasilia,DF,1300.0,33.55,pcs,1333.55
0a18d00cb652fc5698d4e3c3e01e7da0,2017-09-12 02:24:31+00:00,santos,SP,89.9,9.44,moveis_decoracao,99.34
0a191803956e2748ef8dc1ed7ed5e991,2018-06-16 19:13:42+00:00,santos,SP,69.99,9.24,ferramentas_jardim,79.22999999999999
0a1a904fb2f51218c9c7ce314190de36,2017-03-13 12:03:04+00:00,sao joao del rei,MG,99.99,15.91,brinquedos,115.89999999999999
0a1ad2c293c3baacc6b2c2d442c71acd,2017-01-18 12:51:23+00:00,duque de caxias,RJ,29.9,14.52,bebes,44.42
0a1adbda846638d279cb086cd1d0cad0,2018-03-27 22:52:36+00:00,belo horizonte,MG,179.0,27.49,ferramentas_jardim,206.49
0a1bbcb7a1af6b58931664e147542a2d,2018-04-04 14:23:40+00:00,vitoria,ES,180.0,19.14,fashion_bolsas_e_acessorios,199.14
0a1d3041cccb0462981aec3f0b1ad106,2018-08-17 16:36:55+00:00,rio de janeiro,RJ,49.9,15.45,esporte_lazer,65.35
0a1e9a535a370a7613939cdf2196c089,2018-05-03 21:15:47+00:00,tocantins,MG,12.49,13.47,ferramentas_jardim,25.96
0a1f877f7653fce5563de42726f033ca,2018-05-12 18:24:44+00:00,tuparece,MG,13.5,18.23,telefonia,31.73
0a1ff79efed81178cd6303f7704e96da,2018-04-09 14:33:46+00:00,agua doce do norte,ES,129.0,31.55,utilidades_domesticas,160.55
0a20452461e34d59bfd981e9e06fe988,2017-02-28 17:54:36+00:00,rio de janeiro,RJ,29.9,19.84,utilidades_domesticas,49.739999999999995
0a20f1ed151eaf6d4f8947f6081e1d02,2018-05-23 19:42:43+00:00,brasilia,DF,105.0,10.8,relogios_presentes,115.8
0a2407e0197d11314604cf01105f648c,2017-10-19 18:06:14+00:00,uberlandia,MG,179.9,21.75,cama_mesa_banho,201.65
0a245a02fe848f9fe7d36aba3f785d78,2018-05-21 21:29:28+00:00,votorantim,SP,32.9,7.39,perfumaria,40.29
0a275b76a325d0ea648f62a087597d85,2017-08-03 19:02:29+00:00,sao paulo,SP,194.9,13.7,construcao_ferramentas_jardim,208.6
0a2798cd0ba9166659c07e35ef5eb817,2017-11-21 12:45:22+00:00,mogi-guacu,SP,99.9,34.86,cama_mesa_banho,134.76
0a280a8b4ce3fd3a61a076492e5d6b00,2017-12-26 13:27:01+00:00,sao jose do rio pardo,SP,54.9,12.51,moveis_decoracao,67.41
0a280a8b4ce3fd3a61a076492e5d6b00,2017-12-26 13:27:01+00:00,sao jose do rio pardo,SP,44.9,25.02,moveis_decoracao,69.92
0a2820ea58a627b97ba956f38567cae8,2018-08-02 16:28:08+00:00,cotia,SP,50.2,13.69,informatica_acessorios,63.89
0a2902af9ad58b25df153a4e743b5db9,2017-12-13 12:20:39+00:00,fortaleza,CE,139.9,61.01,esporte_lazer,200.91
0a297271052d25a8fd815cd06ec90aaf,2018-07-24 10:42:38+00:00,sao paulo,SP,95.9,11.69,automotivo,107.59
0a2a2670426b66ba24372c7d03da2ca7,2017-11-29 18:50:57+00:00,divinopolis,MG,32.9,16.79,utilidades_domesticas,49.69
0a2c8538b97333899a075ae94b85b037,2018-03-12 11:37:48+00:00,guaruja,SP,280.0,24.28,esporte_lazer,304.28
0a2c9c3fedb974fcf5a8a569e9ba9da9,2018-07-31 18:27:29+00:00,betim,MG,99.0,15.79,construcao_ferramentas_seguranca,114.78999999999999
0a2d541ba7c40984543d72b5eb0abcba,2017-01-23 13:40:55+00:00,sao paulo,SP,37.99,11.73,moveis_decoracao,49.72
0a2d80bb09b766e032d077eb834788e4,2017-10-13 19:01:24+00:00,belo horizonte,MG,8.65,14.1,beleza_saude,22.75
0a2da53685ead0fd45e8609cabf19f5b,2018-06-12 17:35:24+00:00,florianopolis,SC,74.9,15.62,moveis_decoracao,90.52000000000001
0a2de338241b69893fc167f8d0970349,2018-06-18 11:53:54+00:00,macae,RJ,95.0,23.82,esporte_lazer,118.82
0a2de98201596f294c0d11b01a0100a7,2018-05-21 07:25:46+00:00,itapecerica da serra,SP,299.0,19.97,relogios_presentes,318.97
0a2ea907b178650afcfcab07e55b70f6,2018-04-11 15:36:32+00:00,porto alegre,RS,53.9,21.35,ferramentas_jardim,75.25
0a2f3c7b4abf07c314a043c7044b0522,2018-05-16 13:57:17+00:00,sao paulo,SP,105.0,9.85,relogios_presentes,114.85
0a2f51f07c7b99722f843490cd20ec09,2018-05-23 23:51:50+00:00,piracaia,SP,69.9,0.0,moveis_decoracao,69.9
0a2fff457eab3cadff378f87851dac15,2017-02-10 19:44:25+00:00,jaragua do sul,SC,89.99,14.8,moveis_escritorio,104.78999999999999
0a308be0b454b3664e06318c9bd6a5be,2017-02-28 22:12:55+00:00,santana,AP,39.99,24.84,telefonia_fixa,64.83
0a3181424fe55b41f1f0d53150c6523f,2018-01-04 15:41:48+00:00,guarulhos,SP,79.0,13.57,cama_mesa_banho,92.57
0a31cb63d4483ffbef1d5503752a0b5d,2017-07-18 13:44:30+00:00,carrancas,MG,30.99,15.1,beleza_saude,46.089999999999996
0a31cde0de75146ec6aa043161f74cf3,2018-07-15 12:59:52+00:00,ponta pora,MS,229.99,58.09,cool_stuff,288.08000000000004
0a31fa5371c2046d273b9fb84e3b2988,2017-04-16 12:20:54+00:00,sao jose,SC,50.0,2.73,esporte_lazer,52.73
0a31fa5371c2046d273b9fb84e3b2988,2017-04-16 12:20:54+00:00,sao jose,SC,17.9,27.35,esporte_lazer,45.25
0a327f9c209a8317bacc1f86dda65f52,2018-07-31 12:54:10+00:00,sao paulo,SP,49.9,8.51,bebes,58.41
0a32919eaa38cf81a09bb4cd2ca383df,2018-03-30 22:41:26+00:00,vitoria,ES,34.9,20.4,moveis_decoracao,55.3
0a32952933d2a181dfe8f11d41f9f9b2,2017-06-19 08:37:15+00:00,campanha,MG,32.9,16.79,bebes,49.69
0a32aa7d8d3f344fb31eac306336daac,2018-04-18 09:52:35+00:00,salvador,BA,110.32,17.48,beleza_saude,127.8
0a32ad9d3be8a5b1ce582225aa1cd166,2017-07-06 18:39:08+00:00,sao paulo,SP,28.9,12.69,cama_mesa_banho,41.589999999999996
0a32c98faaa09357e357a60d02704a3c,2017-12-14 09:36:10+00:00,osasco,SP,45.9,9.34,cama_mesa_banho,55.239999999999995
0a33a983476b5e9f23c0fc9f95c9682f,2017-05-20 13:52:42+00:00,campinas,SP,214.99,8.79,cama_mesa_banho,223.78
0a36782ef456fa3a812be422d9a3f8db,2018-03-30 19:20:52+00:00,resende,RJ,125.9,22.59,Unknown,148.49
0a36bd172604d49ae57f2ae440a0dc70,2018-07-27 20:36:15+00:00,jucurucu,BA,199.99,28.35,automotivo,228.34
0a383b731ceafec6fe7047720b1ea52e,2018-01-03 20:56:22+00:00,curitiba,PR,93.9,10.16,moveis_decoracao,104.06
0a383b731ceafec6fe7047720b1ea52e,2018-01-03 20:56:22+00:00,curitiba,PR,199.0,25.39,casa_conforto,224.39
0a38b7de941db65679a11a300f782703,2018-02-06 14:25:14+00:00,sao paulo,SP,415.9,10.17,consoles_games,426.07
0a393be90b03100dcea4aa21f2e027ec,2017-11-18 16:04:57+00:00,formosa,GO,99.99,11.73,brinquedos,111.72
0a393be90b03100dcea4aa21f2e027ec,2017-11-18 16:04:57+00:00,formosa,GO,39.9,20.21,perfumaria,60.11
0a3bc687e8cb91f08d67838494a0e396,2018-03-14 10:58:09+00:00,maracaju,MS,59.9,23.0,brinquedos,82.9
0a3bd18b5c5d505aedd969dbba6ff069,2018-08-11 13:00:45+00:00,sao paulo,SP,279.9,33.75,moveis_escritorio,313.65
0a3c7a080b1152884a662e6da68906e7,2017-06-16 16:51:28+00:00,fernao,SP,29.0,11.85,relogios_presentes,40.85
0a3d9f14b1781670b56b1832ba291095,2018-07-24 16:51:40+00:00,fortaleza,CE,364.0,31.8,beleza_saude,395.8
0a3de305844d2e1bf9a608e702ccd373,2017-11-12 23:13:11+00:00,araputanga,MT,157.9,20.35,fashion_calcados,178.25
0a3e09ae60d6eb7338e353c0c323eabf,2017-10-07 14:02:36+00:00,guarulhos,SP,139.9,17.23,brinquedos,157.13
0a3ece2f39e596ede61967326bf7e969,2018-06-06 20:06:10+00:00,taquaritinga,SP,92.86,13.09,ferramentas_jardim,105.95
0a3fcfaf1098f95867cdeeb766561eae,2017-04-25 21:25:09+00:00,rio de janeiro,RJ,41.9,17.78,cama_mesa_banho,59.68
0a3ff573ad87fe549fa3ce5c3f07b2cf,2018-05-05 17:02:55+00:00,sao paulo,SP,29.9,7.71,beleza_saude,37.61
0a40305560dea2cdc17c6661f222375d,2018-04-28 13:55:54+00:00,inhapim,MG,29.99,18.23,telefonia,48.22
0a40f88667e7bbb7ef87efaa9a2177ea,2018-02-23 21:45:45+00:00,maua,SP,109.9,13.79,cama_mesa_banho,123.69
0a4105b08aba021f690e79d8b9810885,2018-06-19 16:09:58+00:00,sao paulo,SP,129.0,9.06,informatica_acessorios,138.06
0a42de5dfb223e924d95bccacc00fc78,2017-07-13 18:08:21+00:00,sao luis,MA,119.9,25.39,bebes,145.29000000000002
0a4480a7856cae897440eb7229b25252,2018-07-29 11:04:17+00:00,sao roque,SP,105.99,13.4,cama_mesa_banho,119.39
0a44ca66dfa067a69bc92ef82ba68acf,2018-05-13 20:05:55+00:00,bebedouro,SP,145.0,8.36,relogios_presentes,153.36
0a457a7e838f772d804eebe8d6261ed0,2018-08-08 13:48:22+00:00,sao paulo,SP,74.99,8.69,informatica_acessorios,83.67999999999999
0a4581df52d24b72b87ae0feb1b11d08,2018-05-11 13:28:31+00:00,florianopolis,SC,79.9,18.14,moveis_decoracao,98.04
0a45b0373a9b1178357bb9d93243ed18,2017-11-17 20:01:53+00:00,campo limpo paulista,SP,17.9,11.85,cama_mesa_banho,29.75
0a45ff140fcaf02e1b09ca845b0ebb13,2018-02-04 19:14:58+00:00,vinhedo,SP,109.9,14.37,automotivo,124.27000000000001
0a461e390d6d2280c86fa9a76b3a0e68,2018-06-08 19:14:02+00:00,porto alegre,RS,179.0,20.22,relogios_presentes,199.22
0a46b68a258a6a2a44012e312063afa9,2018-02-01 11:58:40+00:00,telemaco borba,PR,25.0,15.1,perfumaria,40.1
0a46f220430c5aeaea27e7ebc76bae76,2017-04-20 18:18:43+00:00,maringa,PR,49.9,14.52,telefonia,64.42
0a4717812af08b022a25c46f110d881d,2017-12-11 12:04:43+00:00,congonhas,MG,29.9,14.08,construcao_ferramentas_ferramentas,43.98
0a485e9f82800bf8b36ae34ad2a91aa2,2017-10-13 10:21:42+00:00,paragominas,PA,27.99,25.63,telefonia,53.62
0a492dfba0efff86d173382ee6c65a1a,2018-02-17 19:09:21+00:00,reboucas,PR,69.9,20.98,moveis_decoracao,90.88000000000001
0a499296998c5b2e877297984bdf657c,2017-03-16 10:03:53+00:00,sao goncalo,RJ,15.75,14.52,beleza_saude,30.27
0a4a2fccb27bd83a892fa503987a595b,2017-04-20 20:42:44+00:00,santa luzia,PB,38.5,24.84,cama_mesa_banho,63.34
0a4bcba63e99001ad0349d8832963afe,2018-02-26 10:07:19+00:00,sao paulo,SP,79.9,12.06,automotivo,91.96000000000001
0a4c05d2e1ae812a342af2f5c9a34b36,2018-07-31 13:55:19+00:00,carapicuiba,SP,58.0,2.17,relogios_presentes,60.17
0a4c05d2e1ae812a342af2f5c9a34b36,2018-07-31 13:55:19+00:00,carapicuiba,SP,55.0,21.68,relogios_presentes,76.68
0a4c05d2e1ae812a342af2f5c9a34b36,2018-07-31 13:55:19+00:00,carapicuiba,SP,29.9,4.34,relogios_presentes,34.239999999999995
0a4e4a3dd6cacc3db584029b55817aac,2017-12-06 09:47:39+00:00,ilhabela,SP,89.8,24.94,brinquedos,114.74
0a505a7b63a33e72ba4159e3db1208c9,2017-10-29 13:10:02+00:00,guapimirim,RJ,24.0,15.1,cool_stuff,39.1
0a50b1ae078d9638440048842b7cd5c4,2017-09-28 15:57:29+00:00,uberlandia,MG,547.99,26.71,utilidades_domesticas,574.7
0a511bcdd22a725ca670b0102ac0be73,2017-11-25 00:37:49+00:00,rio de janeiro,RJ,116.9,16.58,cama_mesa_banho,133.48000000000002
0a5235f11c613716411d3a631d55fc60,2017-06-15 18:58:28+00:00,sao paulo,SP,120.0,8.59,telefonia,128.59
0a52d1f5b66c689f3955b3711ba7cc17,2018-02-03 20:29:25+00:00,iramaia,BA,119.0,17.27,relogios_presentes,136.27
0a53864d69001a165085a6488ab75469,2018-01-16 12:38:49+00:00,saloa,PE,129.0,72.03,utilidades_domesticas,201.03
0a53864d69001a165085a6488ab75469,2018-01-16 12:38:49+00:00,saloa,PE,55.0,0.06,utilidades_domesticas,55.06
0a53c1150d1019fb4e5e6224e887011f,2018-04-18 21:22:49+00:00,sorocaba,SP,699.0,13.25,cool_stuff,712.25
0a53fca4f1040863a7aa5e7b0634ac09,2017-10-15 16:30:51+00:00,sao paulo,SP,39.9,14.1,Unknown,54.0
0a54256bfd2401d553f81d8e37e5305d,2018-08-14 20:37:26+00:00,varzea nova,BA,86.0,22.53,eletrodomesticos,108.53
0a558295652f98bafe12e259c4d3fa26,2018-03-06 16:06:20+00:00,resende,RJ,180.0,14.25,beleza_saude,194.25
0a56861d762ee1f82f5cdc2de2b1f71a,2018-06-27 04:36:14+00:00,franco da rocha,SP,24.99,8.34,brinquedos,33.33
0a576c94e0a66f147bb4d6949602b85c,2017-09-26 14:21:05+00:00,sao paulo,SP,153.2,13.41,bebes,166.60999999999999
0a57fdd1a42f86bd170a4623ca76676c,2018-06-08 19:35:03+00:00,sao paulo,SP,26.18,11.15,utilidades_domesticas,37.33
0a584a18a05ee90c0e3793bb14a9ad3a,2018-06-21 01:15:25+00:00,hortolandia,SP,14.99,7.87,beleza_saude,22.86
0a5862d87bffd3cfdc0615c7aafcf408,2017-11-04 10:28:59+00:00,campinas,SP,29.9,14.08,construcao_ferramentas_ferramentas,43.98
0a586d5cf2a2538846e577316dab5443,2017-04-26 22:15:06+00:00,porto alegre,RS,69.9,11.88,esporte_lazer,81.78
0a58de38cd66544f6bbe4f5ab326e5f6,2017-08-07 22:32:42+00:00,carapicuiba,SP,100.0,23.29,eletronicos,123.28999999999999
0a59027d2270c523a10d1c29e6c53a71,2017-02-06 15:02:59+00:00,itapira,SP,55.5,17.13,cama_mesa_banho,72.63
0a5a2c824e893eb66abd0d869f6c45e6,2017-08-27 22:13:57+00:00,campos dos goytacazes,RJ,38.4,15.1,moveis_decoracao,53.5
0a5a672ddd7b5921439a990ff8efbb1b,2017-05-05 08:17:22+00:00,juazeiro do norte,CE,20.0,29.55,bebes,49.55
0a5d7e24850c68bf00d39bd62a9a45ee,2016-10-09 11:43:43+00:00,macae,RJ,62.9,17.35,esporte_lazer,80.25
0a5e1bafba05f64884feb58a0bd822a0,2018-01-13 15:05:52+00:00,teresina,PI,129.0,25.67,esporte_lazer,154.67000000000002
0a6003474a7471ca13dbdb23b2c04ec6,2018-02-02 12:43:53+00:00,salvador,BA,99.9,18.94,moveis_decoracao,118.84
0a629239073738043764cd721c8ab2da,2018-06-16 11:32:25+00:00,sao jose dos campos,SP,33.0,13.81,construcao_ferramentas_jardim,46.81
0a62a2ee479a419db8aebf78129b2f5e,2017-10-01 21:45:41+00:00,curitiba,PR,113.57,18.04,cama_mesa_banho,131.60999999999999
0a6312b2e86fe734ebbddaae7fabd14d,2017-03-25 21:50:25+00:00,patos de minas,MG,149.0,15.21,relogios_presentes,164.21
0a631e92a5097a6cd94c5b7002778938,2017-11-30 18:53:51+00:00,itu,SP,81.0,8.31,eletrodomesticos,89.31
0a63a472b54f4e94fa67f374b05fc3ea,2018-05-07 09:03:48+00:00,sao paulo,SP,49.0,14.44,utilidades_domesticas,63.44
0a65a87966cf47b05a559b462c8754dc,2018-05-30 11:19:02+00:00,jundiai,SP,150.0,17.86,casa_construcao,167.86
0a65d1c730fc9bce9b5d353ff4f81bbe,2017-07-26 20:35:51+00:00,maringa,PR,34.99,17.6,moveis_decoracao,52.59
0a66244c735378791bf14412b6c97df0,2017-03-22 18:48:07+00:00,porto alegre,RS,259.0,17.11,Unknown,276.11
0a6667b832116a7484ae779b7b0b91c0,2017-09-11 10:31:00+00:00,mogi das cruzes,SP,145.35,9.83,livros_tecnicos,155.18
0a671290b0be76ffb379a3c0031d2f44,2018-04-25 17:31:37+00:00,salvador,BA,319.49,25.89,esporte_lazer,345.38
0a671900301b8fcb176e26d685aa7fb2,2017-10-31 21:42:47+00:00,rio claro,SP,64.9,8.72,construcao_ferramentas_construcao,73.62
0a681d622e6b5d09ddfa071a5785c916,2017-07-05 10:05:49+00:00,queimados,RJ,329.0,39.6,ferramentas_jardim,368.6
0a68b93a3fda1e48b30171c8db35b938,2018-05-13 09:52:51+00:00,salvador,BA,330.99,50.18,utilidades_domesticas,381.17
0a6941f89f53dc1f622f877b23601ed7,2018-06-03 10:45:31+00:00,sao paulo,SP,20.4,2.46,utilidades_domesticas,22.86
0a6941f89f53dc1f622f877b23601ed7,2018-06-03 10:45:31+00:00,sao paulo,SP,9.9,12.32,utilidades_domesticas,22.22
0a6a4a209e43892afeacdecd8a5cfdff,2017-10-17 21:05:02+00:00,ouro preto,MG,47.0,16.11,casa_conforto,63.11
0a6b605082c96184ffbfcee379404d6e,2017-06-16 12:32:19+00:00,brasilia,DF,56.99,14.15,perfumaria,71.14
0a6b6d3fb4616f5b647bc8b0b8f69e0d,2017-10-16 10:26:51+00:00,itaquaquecetuba,SP,37.9,15.1,beleza_saude,53.0
0a6c8aa5c12b86c6f96308839eb7417b,2018-02-27 23:55:01+00:00,sao paulo,SP,47.7,15.1,papelaria,62.800000000000004
0a6e242b5cf18e140304453da637866b,2017-12-10 10:15:54+00:00,dom eliseu,PA,32.0,25.63,fashion_bolsas_e_acessorios,57.629999999999995
0a6e8d7b7db627f4863678eba2a98eef,2018-07-11 20:39:58+00:00,criciuma,SC,390.0,49.68,cool_stuff,439.68
0a6f6183affc58729c775e30654be436,2018-04-11 17:41:30+00:00,guarulhos,SP,35.0,8.88,moveis_decoracao,43.88
0a6fa9e79a320b107d846fdf76af5901,2018-01-27 13:49:45+00:00,cangucu,RS,59.9,25.7,papelaria,85.6
0a703303bdedfaa80afd4eb17280f2d1,2018-01-15 14:03:31+00:00,osasco,SP,629.9,24.9,moveis_decoracao,654.8
0a70b96b1997e3c8953bfa4254ad1144,2018-03-10 15:22:20+00:00,tiete,SP,69.9,14.58,automotivo,84.48
0a70fd0f23f627d0cc1ea16cb4169393,2017-08-25 14:51:58+00:00,volta redonda,RJ,39.9,16.79,instrumentos_musicais,56.69
0a721c801fb74738e32f7ffc3c068a46,2017-12-20 13:01:13+00:00,indiara,GO,29.99,15.1,telefonia,45.089999999999996
0a721c801fb74738e32f7ffc3c068a46,2017-12-20 13:01:13+00:00,indiara,GO,24.99,15.1,telefonia,40.089999999999996
0a7224dae678203f5b1a0715b55ed4d0,2017-08-21 13:22:50+00:00,sao domingos do norte,ES,140.0,26.26,telefonia,166.26
0a72bb193c65199cdd69574aac533a83,2018-05-21 13:54:10+00:00,sao francisco do sul,SC,75.0,19.5,instrumentos_musicais,94.5
0a74dbb3f48ca542f83c5911f24e472d,2017-04-21 21:23:04+00:00,sao joaquim,SC,25.0,14.52,beleza_saude,39.519999999999996
0a750178e6d58c01a64d8d939cdca0c0,2017-12-18 23:29:45+00:00,rio de janeiro,RJ,27.9,15.1,bebes,43.0
0a75d2b40c23e608bc7bac42a6c8e508,2018-04-01 18:47:50+00:00,belo horizonte,MG,179.0,27.49,ferramentas_jardim,206.49
0a76ae785560c5882874b2738c60d958,2017-08-02 12:48:40+00:00,planaltina do parana,PR,10.75,15.1,brinquedos,25.85
0a77b770428bccbea7f9dbf8aec5d6ae,2017-02-17 13:53:06+00:00,vilhena,RO,69.99,23.36,moveis_decoracao,93.35
0a77b770428bccbea7f9dbf8aec5d6ae,2017-02-17 13:53:06+00:00,vilhena,RO,280.0,84.96,moveis_decoracao,364.96
0a77b770428bccbea7f9dbf8aec5d6ae,2017-02-17 13:53:06+00:00,vilhena,RO,81.8,20.18,cama_mesa_banho,101.97999999999999
0a7888b4a8bdf63a03f4e7db63a6fc59,2017-07-06 16:19:17+00:00,picos,PI,59.9,25.7,informatica_acessorios,85.6
0a791a17784db64bbc47f6b666011d9e,2017-08-02 12:32:26+00:00,mesquita,RJ,45.0,16.11,brinquedos,61.11
0a79d1506c2e0249c9aff8723bcf51e9,2018-05-18 12:35:01+00:00,itu,SP,99.99,12.03,artes,112.02
0a7a3bb3bfcebd9e89241cf037c3bc85,2018-01-23 22:32:24+00:00,fazenda rio grande,PR,69.77,14.24,Unknown,84.00999999999999
0a7af36dc9b46e0920a68a9e2ee2198e,2018-01-11 20:21:08+00:00,altos,PI,73.5,25.06,bebes,98.56
0a7beb2015960a4d8c4ec8bbde5a1f5f,2018-01-20 18:43:17+00:00,brasilia,DF,79.99,22.88,moveis_escritorio,102.86999999999999
0a7cf771945fa809fa47399a1ba0eeaa,2017-02-23 23:06:40+00:00,afonso claudio,ES,64.99,16.15,perfumaria,81.13999999999999
0a7d898c6305101e69e9f5a05cd0130d,2018-06-12 16:38:43+00:00,cabo frio,RJ,196.0,19.47,relogios_presentes,215.47
0a7dd1e47d756727fdfe4b0daf9a655b,2017-11-25 12:55:03+00:00,santos,SP,210.0,14.02,moveis_decoracao,224.02
0a7ef385ee9080d0edef043521ec3114,2018-08-05 19:18:46+00:00,umuarama,PR,78.0,18.65,relogios_presentes,96.65
0a7f55f1119615e9adba581bc94ee02c,2018-06-25 20:26:10+00:00,fazenda rio grande,PR,9.0,15.23,eletronicos,24.23
0a80da8a2e86f5f401c7514602bc1105,2017-03-24 16:48:47+00:00,boa vista,RR,34.99,28.97,telefonia,63.96
0a814d38aa19654a3f35654847ba74b1,2018-05-22 07:41:02+00:00,jandira,SP,156.94,27.95,moveis_escritorio,184.89
0a814fddd9db7c515225361a87b607bb,2018-04-14 22:10:14+00:00,porto alegre,RS,29.9,19.32,relogios_presentes,49.22
0a82501b7148667eaff8dc8811a58f06,2017-10-20 20:46:27+00:00,sao paulo,SP,119.9,21.68,esporte_lazer,141.58
0a84606bdb8331708400882d2e921524,2018-06-29 16:28:41+00:00,sao paulo,SP,33.49,7.97,bebidas,41.46
0a8488f892c3e8631099327c1ec55d08,2018-06-29 19:49:07+00:00,sao paulo do potengi,RN,80.0,51.28,fashion_bolsas_e_acessorios,131.28
0a84b71d2fd93eeae49d3149a3e08003,2017-11-28 21:47:50+00:00,rio de janeiro,RJ,149.98,25.89,moveis_decoracao,175.87
0a84fbd88ba3278bbb66308e79b2f416,2017-03-07 17:50:02+00:00,mage,RJ,399.99,14.19,brinquedos,414.18
0a859572e5956923f4b083363aae7d7b,2018-01-15 15:42:50+00:00,itaqui,RS,190.9,14.36,informatica_acessorios,205.26
0a864e1c3705f361a953b0f2cc47a60e,2017-04-26 13:17:05+00:00,belo horizonte,MG,25.95,14.52,Unknown,40.47
0a8724bf3ecd49bce712851bbbecaf35,2017-10-18 23:24:26+00:00,sao paulo,SP,39.0,14.1,papelaria,53.1
0a87254b512c79f0943355540a189d77,2018-06-30 15:57:49+00:00,natal,RN,137.9,63.22,pet_shop,201.12
0a8758ec6f399b52f2ecb7b1a0c4c16c,2017-11-25 17:33:04+00:00,brasilia,DF,49.0,17.67,ferramentas_jardim,66.67
0a87a60c5403e51a0e85e4ed7c3c2bdf,2017-11-24 15:13:48+00:00,nova iguacu,RJ,239.99,21.17,cool_stuff,261.16
0a87de586a94b42f2294c207845674ab,2017-05-24 08:59:54+00:00,rio de janeiro,RJ,99.0,14.44,automotivo,113.44
0a881bec2e3ae03ba47a8d04d5dfc450,2018-08-12 17:48:03+00:00,sorocaba,SP,124.9,13.17,moveis_escritorio,138.07
0a896d016dd3a53c584129cd14e0875c,2018-07-21 17:09:43+00:00,santos,SP,23.99,7.43,telefonia,31.419999999999998
0a89bc2ec7e822a78b0cef45518d6217,2017-11-13 23:44:17+00:00,toritama,PE,399.9,28.08,relogios_presentes,427.97999999999996
0a8ab5666933ac4865f2c36c5e7b5a0c,2017-07-24 16:20:10+00:00,fernandopolis,SP,415.0,14.41,perfumaria,429.41
0a8ad519fc5624a7862124decee24b27,2018-02-01 09:15:49+00:00,rio negrinho,SC,89.9,17.07,esporte_lazer,106.97
0a8b3b277ffe67981af7d4a14e7f98d5,2018-06-14 07:01:36+00:00,taubate,SP,108.9,13.5,pet_shop,122.4
0a8b6e2cf83e2543f6b756e3a6d16eb5,2018-03-23 14:45:54+00:00,maceio,AL,29.9,50.85,esporte_lazer,80.75
0a8b7ed1fb705a8af99575dc742cd328,2017-07-20 14:00:11+00:00,capao bonito,SP,52.9,13.39,automotivo,66.28999999999999
0a8bacdc71ec2a99fcc75baf60f64439,2018-02-05 16:33:31+00:00,rio de janeiro,RJ,49.9,17.6,ferramentas_jardim,67.5
0a8c0300318aedd7b66f6dbc27409ece,2018-01-24 14:50:26+00:00,joinville,SC,74.9,16.28,cama_mesa_banho,91.18
0a8c0b59c2efaacc405838782a56c156,2017-07-28 22:17:19+00:00,sao paulo,SP,100.0,13.72,papelaria,113.72
0a8c76aaf89178fd0f7655214a6b5223,2017-11-22 09:00:02+00:00,curitiba,PR,60.0,14.17,esporte_lazer,74.17
0a8c95289dc386957c00a84dcc054d5e,2018-01-15 15:27:11+00:00,monte siao,MG,117.3,17.53,automotivo,134.82999999999998
0a8d9ed968d08daf5ef8a5cbf0bbe833,2018-03-28 12:37:51+00:00,florianopolis,SC,19.99,15.23,papelaria,35.22
0a8e3f635501e67cdbd29e6ae3bda9ba,2018-03-12 14:18:38+00:00,rio de janeiro,RJ,17.9,15.23,utilidades_domesticas,33.129999999999995
0a8f1a36db93c2d10a0ff456e5550ae8,2018-05-02 10:44:40+00:00,sao paulo,SP,129.0,26.98,utilidades_domesticas,155.98
0a8f35ef46160ef897c27ba8c423d823,2017-03-16 14:12:58+00:00,sao jose,SC,44.9,14.52,utilidades_domesticas,59.42
0a8f8c393d9dbc5901daf7d157afc427,2017-06-01 16:10:28+00:00,farroupilha,RS,32.99,15.1,telefonia_fixa,48.09
0a8fa135a7aa265638024d7c4af050f7,2018-04-25 21:40:21+00:00,santa rita do araguaia,GO,64.9,18.33,informatica_acessorios,83.23
0a8fa6b5910d2d1326480e5837f6b51f,2017-08-23 20:41:56+00:00,foz do iguacu,PR,120.9,18.1,brinquedos,139.0
0a90490b9aa5527b4f3497a6f3c725ee,2018-05-12 20:02:29+00:00,petropolis,RJ,53.9,16.07,ferramentas_jardim,69.97
0a90fd1ec2b6416cf95f9f9dbca21d9a,2018-07-29 11:52:52+00:00,cabo frio,RJ,34.99,19.44,cama_mesa_banho,54.43000000000001
0a9290cec2889b113c83f052547448f1,2018-01-06 15:32:11+00:00,maua,SP,89.9,11.83,brinquedos,101.73
0a92b722c3355980ef37fd1fee068c6c,2018-04-08 19:50:03+00:00,serra,ES,35.99,19.32,cama_mesa_banho,55.31
0a92bad75c24fdf33ed2a18801262e89,2018-08-13 20:11:13+00:00,sao paulo,SP,42.9,13.64,construcao_ferramentas_ferramentas,56.54
0a93b40850d3f4becf2f276666e01340,2018-01-20 14:24:50+00:00,campo bom,RS,22.9,15.1,cool_stuff,38.0
0a9578b7213cdc97d31f2e5b5a359bdf,2018-05-01 18:47:44+00:00,paranagua,PR,60.0,22.13,consoles_games,82.13
0a95a336d341691ae0e6359713af3cd3,2018-01-27 15:05:15+00:00,sao paulo,SP,289.9,15.78,brinquedos,305.67999999999995
0a9716da94d89975e6637874280aadad,2018-01-06 09:59:00+00:00,mogi das cruzes,SP,69.9,13.08,moveis_decoracao,82.98
0a979eab29ef830d6363887a00907fb3,2018-02-08 15:02:47+00:00,lencois paulista,SP,80.9,12.7,informatica_acessorios,93.60000000000001
0a97f36e62839a22eb00bcc9a9160e70,2018-01-10 18:29:58+00:00,pocinhos,PB,18.9,42.38,eletronicos,61.28
0a9814deb494ce0733321ca35f215a22,2018-05-05 16:09:12+00:00,paraty,RJ,110.32,18.65,beleza_saude,128.97
0a998b0552bd0e04c7b38f0f58737c54,2018-08-01 19:01:08+00:00,uberaba,MG,112.0,13.44,relogios_presentes,125.44
0a9a43ac5fe59c6c4bee2a8f9b9fcce8,2018-07-02 08:00:35+00:00,abadia dos dourados,MG,39.9,18.38,livros_interesse_geral,58.28
0a9c38d73482b8d81ae7f7ccc5d8796c,2017-08-12 11:50:24+00:00,uba,MG,205.0,26.27,cama_mesa_banho,231.27
0a9c633395c19d5fa38b9e5313db37a6,2018-03-01 21:21:22+00:00,florianopolis,SC,999.0,26.48,bebes,1025.48
0a9ce4ac2d44f45f52feb4747f238d5d,2018-05-15 17:38:49+00:00,cuiaba,MT,78.9,31.2,brinquedos,110.10000000000001
0a9d793da20eb89ec326c840c46d7a9b,2018-01-23 01:04:59+00:00,sao paulo,SP,29.99,7.78,telefonia,37.769999999999996
0a9de604052383d06ffc7a3390c727cc,2017-08-02 22:53:35+00:00,sao gabriel,RS,59.9,17.67,ferramentas_jardim,77.57
0a9f89404bdc46f9d6be1c8c0226ba85,2018-03-02 17:28:49+00:00,belo horizonte,MG,99.9,22.57,moveis_decoracao,122.47
0a9fc736e210f495e2023d3a9e10319a,2017-11-27 18:39:50+00:00,guaruja,SP,89.9,12.33,cama_mesa_banho,102.23
0aa1d9509ae8e0c76c03ad7ba91dc81a,2017-05-12 07:59:02+00:00,mossoro,RN,136.9,43.37,beleza_saude,180.27
0aa240e0cbbe794b5470e659a22b614b,2017-04-21 20:32:16+00:00,belo horizonte,MG,65.0,17.88,esporte_lazer,82.88
0aa31b21d8142ae99420dec2c667e869,2018-03-14 12:19:11+00:00,catanduva,SP,120.0,18.92,beleza_saude,138.92000000000002
0aa3718b7db60c5ebec88b485cb975db,2018-07-13 01:11:10+00:00,franca,SP,28.5,12.86,informatica_acessorios,41.36
0aa3e276c40ae025d8ef6651de2fdf32,2018-05-16 01:27:54+00:00,itapecerica da serra,SP,119.0,62.69,pet_shop,181.69
0aa6d207e7ba004eef415715c25765ce,2018-04-15 11:59:06+00:00,cachoeiro de itapemirim,ES,99.9,18.58,bebes,118.48
0aa86627eca7db30ae324772cc15ff7d,2017-09-11 22:24:48+00:00,americana,SP,139.9,12.18,brinquedos,152.08
0aa9e8581362267ddb91df2f3a64f811,2018-03-26 17:00:06+00:00,praia grande,SP,89.5,13.75,esporte_lazer,103.25
0aaa175985080e11c7a94a84620d4016,2018-06-10 18:04:25+00:00,ourinhos,SP,25.0,12.79,papelaria,37.79
0aaa4cd49d3624258b908c2abdf189cc,2017-12-02 14:18:40+00:00,juazeiro do norte,CE,118.0,26.11,perfumaria,144.11
0aaab3c070a479ff8654a14d13ea750a,2017-06-14 09:04:00+00:00,barreiras,BA,63.0,64.02,esporte_lazer,127.02
0aaaf9abbd6e61df3d49c4d8e200bf2b,2018-05-15 18:32:52+00:00,sao paulo,SP,47.99,18.43,construcao_ferramentas_jardim,66.42
0aac3f6d27bb6ca9544b436813cec8aa,2018-01-02 21:22:55+00:00,sao paulo,SP,129.99,17.16,malas_acessorios,147.15
0aad58aeffa6b60c76d25a4bcda14815,2017-10-27 19:51:50+00:00,curitiba,PR,99.99,16.95,brinquedos,116.94
0aaf52291c13507e7fe4f565f079ad9a,2017-01-24 08:52:34+00:00,uberaba,MG,48.0,15.56,ferramentas_jardim,63.56
0aaf81645c52d55b9baff5411037d070,2018-07-27 15:45:35+00:00,campinas,SP,59.89,17.35,informatica_acessorios,77.24000000000001
0aaf8268ec2a56cb1befff78bd5cc190,2017-10-02 12:32:44+00:00,sao paulo,SP,85.8,12.1,utilidades_domesticas,97.89999999999999
0ab0adc81c98426d2cde86ab2ba52bc3,2017-04-20 12:57:14+00:00,belo horizonte,MG,49.9,14.52,cama_mesa_banho,64.42
0ab0e6cc12734a3c6311f9a0db8b2555,2018-02-05 21:42:57+00:00,salvador,BA,15.0,15.79,eletronicos,30.79
0ab14c7f000642be91d882357d38b8cd,2018-05-08 19:50:04+00:00,sao leopoldo,RS,105.0,15.61,pet_shop,120.61
0ab29b3ae0c49bff1cfb0b0137c20da5,2017-05-30 23:24:11+00:00,eunapolis,BA,39.9,16.79,informatica_acessorios,56.69
0ab3d92f71090c758d1df7ff889a9335,2018-07-10 20:08:33+00:00,campinas,SP,225.0,12.6,bebes,237.6
0ab421a822cfefda840345b69417962d,2017-11-29 12:50:10+00:00,feliz,RS,24.0,15.1,esporte_lazer,39.1
0ab4790a52443a30df72f298b03077db,2017-08-02 07:26:53+00:00,blumenau,SC,167.99,17.76,utilidades_domesticas,185.75
0ab4790a52443a30df72f298b03077db,2017-08-02 07:26:53+00:00,blumenau,SC,37.99,1.09,ferramentas_jardim,39.080000000000005
0ab49faaefb509c82d19a0d26239a4e3,2018-02-25 15:27:02+00:00,assis,SP,146.99,41.02,moveis_escritorio,188.01000000000002
0ab5a761982917ce851399f277662d06,2017-12-02 17:47:12+00:00,taubate,SP,39.9,15.1,papelaria,55.0
0ab5ed0d546ae59a2b1f18acd5b6ec9c,2017-11-11 10:38:49+00:00,uberlandia,MG,319.9,19.49,bebes,339.39
0ab63e307694f40a88a0ecd358c0939d,2018-04-15 22:11:11+00:00,sao bernardo do campo,SP,148.0,15.13,esporte_lazer,163.13
0ab72bab67e4b9af0dfc369356d70202,2017-06-04 14:44:30+00:00,americana,SP,79.99,7.81,perfumaria,87.8
0ab73486735f114f9e844522fa9b16ec,2018-04-27 09:48:57+00:00,rio de janeiro,RJ,99.9,0.0,relogios_presentes,99.9
0ab778cad17847f8538aa63accb88b27,2017-11-26 22:56:15+00:00,rio de janeiro,RJ,59.8,17.67,moveis_decoracao,77.47
0ab7fb08086d4af9141453c91878ed7a,2018-04-02 13:42:17+00:00,sao paulo,SP,93.0,14.01,cama_mesa_banho,107.01
0ab82628350881eff00a09a3a0c73970,2018-02-23 09:15:18+00:00,rio de janeiro,RJ,72.9,16.76,utilidades_domesticas,89.66000000000001
0ab83b3fdbca202530950e8f1896412a,2017-05-17 10:25:44+00:00,porto alegre,RS,31.9,17.63,informatica_acessorios,49.53
0ab8d66a698afcb3665ba9be03cedc6d,2017-12-04 21:30:05+00:00,sao paulo,SP,89.9,11.83,brinquedos,101.73
0ab90720b8aeea3179e8f0919884bd24,2017-12-20 13:29:07+00:00,diamante do norte,PR,99.9,12.83,construcao_ferramentas_construcao,112.73
0ab93232e2390bb66ff047c39fd91077,2018-01-01 18:31:59+00:00,itajai,SC,59.99,16.86,relogios_presentes,76.85
0aba00d509b25a0a90084c7137a8cec0,2018-06-02 21:53:08+00:00,contagem,MG,49.9,26.43,ferramentas_jardim,76.33
0aba4750be63d17b0b841afb6a84a629,2017-11-08 16:32:33+00:00,timoteo,MG,199.0,13.52,relogios_presentes,212.52
0abac83f9a40f360405460623503df7d,2018-05-12 20:38:34+00:00,sao paulo,SP,99.99,71.56,cama_mesa_banho,171.55
0abb65aa29ab57e5f52f657d22b47648,2017-07-02 15:51:01+00:00,sao paulo,SP,8.49,16.11,brinquedos,24.6
0abc7357d2bbb06a7d4d0b2a24d4ebd3,2018-08-02 22:12:33+00:00,mogi-guacu,SP,274.49,14.22,automotivo,288.71000000000004
0abc76160f3b4b423ec1bcece0ade723,2018-01-12 15:10:08+00:00,catanduva,SP,43.9,11.85,papelaria,55.75
0abd009f16e89981bdb8ef51c8df289e,2018-06-18 03:17:08+00:00,brasilia,DF,469.0,18.38,fashion_bolsas_e_acessorios,487.38
0abe0832bcbe8e17c2ee4b5b9fd05216,2018-07-16 09:16:03+00:00,novo hamburgo,RS,79.99,16.75,beleza_saude,96.74
0abf7f13c92f93e708a28f32316b13d3,2018-03-23 22:03:04+00:00,acegua,RS,99.9,21.65,ferramentas_jardim,121.55000000000001
0ac17fe2ba4ec29a3914030b7009119d,2017-02-22 10:21:56+00:00,caraguatatuba,SP,869.0,41.07,cool_stuff,910.07
0ac1d3244719cbbfbc0574631fb0186e,2017-11-01 10:42:25+00:00,sao paulo,SP,29.9,14.1,livros_interesse_geral,44.0
0ac247d71d19fc1748abb7e53af648af,2017-11-19 18:09:45+00:00,sao paulo,SP,99.9,16.46,pet_shop,116.36000000000001
0ac320cb8bc861f5745b6406074d960a,2018-05-31 13:00:29+00:00,sao paulo,SP,229.99,19.19,brinquedos,249.18
0ac372f92fbec55ca27ef4fa99a6a13a,2018-01-11 14:01:09+00:00,rio de janeiro,RJ,9.0,14.1,eletronicos,23.1
0ac37dcbb2a733a4d81866a91ff65965,2018-07-01 22:57:05+00:00,marilandia,ES,52.88,18.47,consoles_games,71.35
0ac484b631e29034fc50593451c208b2,2017-06-25 13:52:52+00:00,guarapari,ES,199.99,16.16,brinquedos,216.15
0ac4a31679b7cc92b7f6cb3684f55e2c,2017-08-19 15:28:33+00:00,belo horizonte,MG,51.92,16.12,moveis_decoracao,68.04
0ac51a16347f7a7497b799596ad5fab7,2017-05-08 13:05:01+00:00,curitiba,PR,99.0,16.94,informatica_acessorios,115.94
0ac6093ec7bb2a5eb1da4961999ee9d6,2018-02-03 16:22:19+00:00,niteroi,RJ,34.99,25.38,beleza_saude,60.370000000000005
0ac645ddb846d1373321decb39c9956f,2018-05-07 20:57:42+00:00,sao paulo,SP,49.1,18.23,eletroportateis,67.33
0ac69790e2a6e4c075edbd78648a3594,2018-08-28 18:49:20+00:00,sao paulo,SP,7.5,7.39,automotivo,14.89
0ac7165ffdfae2004f48cf07156a3644,2018-03-31 09:54:42+00:00,palmas,TO,240.0,38.37,relogios_presentes,278.37
0ac83eb5438f811c9d825c0a059a0f28,2018-02-19 19:54:43+00:00,caxias do sul,RS,150.0,15.8,beleza_saude,165.8
0ac907873c6fb32bfa8a58be269f0c3f,2017-07-09 20:34:20+00:00,bauru,SP,124.9,16.63,esporte_lazer,141.53
0acb20fb04c5f71d38da116f7b92ab63,2018-03-12 17:31:43+00:00,irapuru,SP,169.9,21.61,bebes,191.51
0acb52bb1603d9a69f0965fb43c08a99,2017-12-06 21:38:37+00:00,sao paulo,SP,15.99,8.72,informatica_acessorios,24.71
0acba0d89b659e968c61996fce491be6,2018-04-30 11:01:18+00:00,rio de janeiro,RJ,56.97,13.56,alimentos,70.53
0acc21fa1eb63678e12042b84f8f9d49,2018-08-23 12:32:01+00:00,goiania,GO,41.99,18.39,cama_mesa_banho,60.38
0acce7378714d20548f0f5f1b71f6458,2017-12-30 21:48:24+00:00,brasilia,DF,125.0,17.12,cool_stuff,142.12
0acd987fec172c76297f6aadad48c67a,2018-07-28 20:21:33+00:00,americana,SP,19.99,7.4,esporte_lazer,27.39
0acdae809654a2de1235d18a12cf73f3,2018-06-14 11:29:22+00:00,belo horizonte,MG,42.97,23.1,construcao_ferramentas_construcao,66.07
0ace216597fa0efc8a42140d99fda065,2017-09-11 16:36:31+00:00,canoas,RS,59.9,17.67,ferramentas_jardim,77.57
0ace5fbf6db2942061542a808558b9f7,2017-06-29 14:14:09+00:00,taguatinga,DF,99.9,17.95,cama_mesa_banho,117.85000000000001
0acfe927eda045512670dbbf763b330a,2018-04-21 15:10:55+00:00,presidente prudente,SP,100.0,14.79,utilidades_domesticas,114.78999999999999
0acff4874d0f6558ab78a80bb4c8a3ff,2017-03-11 23:32:41+00:00,santana de parnaiba,SP,19.9,10.96,informatica_acessorios,30.86
0ad0006728103ff08cda112f7940bcd1,2017-12-14 21:16:43+00:00,ribeirao das neves,MG,319.9,15.99,relogios_presentes,335.89
0ad01dd05d74bc7891d57312627ec33b,2017-11-14 10:15:11+00:00,mendes pimentel,MG,129.8,28.29,brinquedos,158.09
0ad02b6f33a90fe5d09e0b416287857f,2018-05-09 23:13:39+00:00,recife,PE,118.0,21.01,relogios_presentes,139.01
0ad0daff42cf44b50d0bac4c64722e4f,2017-04-30 11:27:15+00:00,botelhos,MG,99.9,16.56,beleza_saude,116.46000000000001
0ad0daff42cf44b50d0bac4c64722e4f,2017-04-30 11:27:15+00:00,botelhos,MG,286.35,16.56,beleza_saude,302.91
0ad366bdd2946abe259eb3095c953dc5,2018-01-27 13:11:20+00:00,florianopolis,SC,78.0,15.3,beleza_saude,93.3
0ad3d55b3745d0afb5dd2d9f86c25dbb,2017-12-28 00:09:13+00:00,sao paulo,SP,29.9,8.11,beleza_saude,38.01
0ad3fdda3076a1be91b13c89f2049266,2017-08-04 13:36:21+00:00,recife,PE,74.9,28.91,beleza_saude,103.81
0ad81e043e6a8e37686407afb25710a1,2018-02-23 11:09:19+00:00,recife,PE,199.0,26.67,cama_mesa_banho,225.67000000000002
0ad81eec70d65880c30299b73ac7945d,2018-06-12 07:34:01+00:00,itaquaquecetuba,SP,46.0,7.58,construcao_ferramentas_iluminacao,53.58
0ad82b0c5d9f039a29814e465165a0da,2017-11-17 19:41:20+00:00,juiz de fora,MG,299.99,18.41,brinquedos,318.40000000000003
0ad87ef89708a3c8f63a0016074b24f4,2017-02-24 09:47:33+00:00,gravatai,RS,99.9,18.13,perfumaria,118.03
0ad9d4e4f4c9746b59ddb9c18d30d241,2018-08-02 15:30:52+00:00,joao lisboa,MA,100.0,51.42,eletrodomesticos,151.42000000000002
0adaff16f16a26f5570209f0473fd609,2017-05-05 11:59:39+00:00,brasilia,DF,33.0,8.72,utilidades_domesticas,41.72
0adb50a218c2b7e86f14120be935b949,2017-11-20 16:52:14+00:00,florianopolis,SC,280.0,98.02,moveis_escritorio,378.02
0adc694b12e2711cde18a5d31576bef2,2018-01-17 11:02:09+00:00,belo horizonte,MG,24.89,14.1,eletronicos,38.99
0add19297766bc00a177a9ae740554eb,2018-04-01 22:50:57+00:00,franca,SP,299.9,15.06,beleza_saude,314.96
0adea70aa873a352ff8c3646aec71c31,2017-05-20 08:41:39+00:00,juti,MS,169.9,21.68,utilidades_domesticas,191.58
0adf4c5c9a1399ceefdb7ba880df1ca7,2017-02-22 13:22:13+00:00,brejo santo,CE,115.0,30.01,livros_interesse_geral,145.01
0adf68e8a310f18fc7e75cffa60901b2,2018-07-06 14:41:11+00:00,sao paulo,SP,27.99,7.46,telefonia,35.449999999999996
0ae08ad3fa90d3854fb8e22472d9b1a0,2017-08-07 20:01:47+00:00,sao paulo,SP,62.9,13.46,beleza_saude,76.36
0ae17ad341b336248ad884272d8c1c93,2017-09-01 21:52:16+00:00,milagres,BA,359.0,37.03,instrumentos_musicais,396.03
0ae310aba8893f64631cffc380d5db8b,2018-08-10 16:23:39+00:00,monte mor,SP,59.95,9.17,casa_construcao,69.12
0ae3b855f8b744f0999f8dd01e3598f0,2017-08-01 15:14:09+00:00,porto alegre,RS,119.9,21.64,cool_stuff,141.54000000000002
0ae3c4bb3c5a368054435dc7325c5696,2017-09-26 12:48:15+00:00,sao paulo,SP,120.0,19.72,beleza_saude,139.72
0ae42629f60238674d1b98c5651c8d68,2018-03-04 22:13:31+00:00,conselheiro lafaiete,MG,58.0,27.79,esporte_lazer,85.78999999999999
0ae4456639dd07164db5f2433c8f55e4,2018-06-06 12:44:20+00:00,sao paulo,SP,23.9,7.39,papelaria,31.29
0ae449254770bfec75a99b8d804e5b10,2017-09-11 20:35:49+00:00,sao jose da barra,MG,149.99,23.85,informatica_acessorios,173.84
0ae45a816351887a536ef37fd5fd9853,2018-05-01 16:36:01+00:00,abaira,BA,12.99,22.06,telefonia,35.05
0ae4c9a0bb0c65a89aaf840c9b08ba43,2018-02-16 17:33:53+00:00,juiz de fora,MG,199.0,16.14,beleza_saude,215.14
0ae6247166276150abcb71aaa91b0498,2017-05-24 16:21:26+00:00,pindoretama,CE,37.55,25.63,ferramentas_jardim,63.17999999999999
0ae7144116fa718b3bb90cd8d855713a,2017-04-18 16:00:31+00:00,satubinha,MA,39.9,26.61,pet_shop,66.50999999999999
0ae9d5632892fb8b10c6705633f72d2c,2018-04-08 21:21:43+00:00,jequie,BA,79.9,58.0,cama_mesa_banho,137.9
0aea558128f1a96bd223babc4dc79bd3,2018-01-31 20:50:59+00:00,campos dos goytacazes,RJ,29.9,20.84,relogios_presentes,50.739999999999995
0aea5ed8df108f7cb387c099ddec65c2,2018-02-04 18:00:32+00:00,franca,SP,34.9,16.79,cool_stuff,51.69
0aead977f249a62158c114e4460c37cc,2017-12-08 17:09:30+00:00,santos,SP,91.49,12.6,beleza_saude,104.08999999999999
0aeae2c3fa49561fa9d2147d8f99d7c2,2017-06-29 08:54:59+00:00,arroio do meio,RS,14.9,15.1,telefonia,30.0
0aeae688def7b96d0f56187115a7a8cf,2018-06-18 18:19:17+00:00,sao paulo,SP,58.99,7.67,beleza_saude,66.66
0aeb0613e8d42e1a7f122908bee18eca,2017-09-13 16:35:28+00:00,maceio,AL,56.99,21.2,perfumaria,78.19
0aeb20ab92028bf31d5d8b2314b03092,2018-02-07 16:35:03+00:00,belo horizonte,MG,149.99,9.61,bebes,159.60000000000002
0aeb3ec8a78414261730773ddc9d2f7a,2018-04-13 10:32:03+00:00,capao bonito,SP,53.9,13.46,ferramentas_jardim,67.36
0aec87a19cce94ceda3bce4b605d9423,2018-03-14 17:03:43+00:00,sao paulo,SP,179.49,9.02,automotivo,188.51000000000002
0aec9f1ca543dc390eb38620dc9c6429,2017-11-26 16:40:24+00:00,fortaleza,CE,57.39,18.94,eletroportateis,76.33
0aecc6c0c2b3598d9cd3119e0a58dc1b,2018-05-07 14:38:13+00:00,marica,RJ,149.9,46.34,esporte_lazer,196.24
0aed18a03ea2ccdb5981aea3524b304d,2017-09-08 12:16:48+00:00,fortaleza,CE,109.0,52.72,ferramentas_jardim,161.72
0aed18a03ea2ccdb5981aea3524b304d,2017-09-08 12:16:48+00:00,fortaleza,CE,99.0,52.71,ferramentas_jardim,151.71
0aee3a9d7c585888c61c307c40df0c0b,2018-06-11 08:58:16+00:00,viana,MA,35.0,50.85,relogios_presentes,85.85
0af034558afede965f6b00c62d5176ed,2017-12-26 13:20:27+00:00,pompeia,SP,89.0,15.37,fashion_bolsas_e_acessorios,104.37
0af058fb1b7b4ee95c3c2e1ccb9ef743,2018-04-16 19:13:31+00:00,nilopolis,RJ,9.6,15.23,beleza_saude,24.83
0af0621c001cb61ae1559c8f6417e1c6,2017-09-17 15:12:35+00:00,rio de janeiro,RJ,749.99,19.0,relogios_presentes,768.99
0af07373c6e0f41a0660087bf63d7c64,2018-08-02 16:52:35+00:00,couto de magalhaes,TO,25.89,18.28,eletronicos,44.17
0af1482ae8afdfdcd36bcdd5848545cd,2018-05-08 07:04:01+00:00,sao paulo,SP,11.8,7.87,eletrodomesticos,19.67
0af1da637acdb5fdd0d77bd209530157,2017-06-28 14:43:05+00:00,ananas,TO,96.8,25.96,esporte_lazer,122.75999999999999
0af28d87520565eb3b57c9b2abe1a2cc,2017-10-05 19:23:16+00:00,curitiba,PR,2999.99,126.51,pcs,3126.5
0af2dfad3d581894c3b6e266461802c3,2018-04-18 22:54:30+00:00,osasco,SP,79.99,11.89,artes,91.88
0af3a5d2e6e65075837ef5ceb5c167ab,2018-04-02 09:12:17+00:00,curitiba,PR,49.0,16.32,esporte_lazer,65.32
0af403b34dc11cd542ac6d94ad39aede,2017-08-16 08:58:35+00:00,promissao,SP,200.0,18.11,cama_mesa_banho,218.11
0af4a846cbf75b456c934b786d683618,2017-08-29 20:25:15+00:00,nova olinda do maranhao,MA,1200.0,40.85,pcs,1240.85
0af646de6e8d7191b1020ec0a5defcee,2017-04-25 15:34:13+00:00,sao paulo,SP,99.99,9.69,cool_stuff,109.67999999999999
0af82e15ff98cb5fd79d28b3c4a70a4b,2017-08-29 21:54:29+00:00,sao bernardo do campo,SP,49.8,14.1,Unknown,63.9
0af905b4a536b95528b4eb5dd2c192da,2018-03-09 13:50:15+00:00,palhoca,SC,199.0,23.9,cool_stuff,222.9
0af93579d0c0b252568071928b2ad465,2017-11-24 13:14:40+00:00,sales oliveira,SP,45.65,11.85,informatica_acessorios,57.5
0af96849112c968e7764ac7f17e4f9f7,2017-02-23 16:55:51+00:00,assis,SP,39.99,10.96,beleza_saude,50.95
0afa4eb653f04cb1809253eb3b1f9768,2018-02-07 18:50:06+00:00,joao pessoa,PB,139.9,27.83,esporte_lazer,167.73000000000002
0afbc110b84719faaef4887a5cff5a2c,2017-01-31 22:31:13+00:00,campinas,SP,69.9,11.88,cama_mesa_banho,81.78
0afc9d224a6bcb1862f0d678183a5140,2018-02-14 11:03:48+00:00,governador valadares,MG,262.5,115.49,utilidades_domesticas,377.99
0afcd5d6405dd1fbe9554f4ffa99d2b8,2017-07-19 16:10:36+00:00,niteroi,RJ,181.0,21.76,esporte_lazer,202.76
0afd81117f1c67a42890fb705304cb8d,2018-07-10 17:47:51+00:00,sao jose do rio preto,SP,75.0,36.61,ferramentas_jardim,111.61
0affd51e37e6621004e4fe4fd7c64f4b,2018-08-12 15:42:03+00:00,linhares,ES,1325.9,27.38,telefonia,1353.2800000000002
0b01066982af6f2681ea9b0169f0d987,2018-03-19 16:06:01+00:00,belo horizonte,MG,20.3,18.23,Unknown,38.53
0b01066982af6f2681ea9b0169f0d987,2018-03-19 16:06:01+00:00,belo horizonte,MG,27.3,18.23,fashion_bolsas_e_acessorios,45.53
0b020adf769218b4661b301ce96c0ca3,2017-10-13 20:27:49+00:00,sao paulo,SP,20.0,9.34,bebes,29.34
0b0334d5ad01e008caafb19973bf1acb,2018-04-25 10:52:10+00:00,rio de janeiro,RJ,59.99,19.39,fashion_bolsas_e_acessorios,79.38
0b03fa2615b44079dad6c958f0ef2a02,2017-11-28 22:48:51+00:00,sao bernardo do campo,SP,139.99,12.18,cool_stuff,152.17000000000002
0b0448ca144af06370f09b67224e0eec,2017-11-21 16:14:06+00:00,itaiopolis,SC,38.4,16.11,moveis_decoracao,54.51
0b05441635d9a251f9865b985bf985de,2017-12-12 22:05:02+00:00,brasilia,DF,243.89,16.47,cool_stuff,260.36
0b055b1ac16d0401f76e361ff96926eb,2018-05-03 20:32:43+00:00,cuiaba,MT,1890.0,234.78,instrumentos_musicais,2124.78
0b06c30e567314a9dd1c74fab08ad81f,2018-06-14 21:33:38+00:00,farroupilha,RS,49.99,18.45,beleza_saude,68.44
0b07e7d1e914b970ab1ee7402cddd4ce,2018-06-15 07:43:54+00:00,rio de janeiro,RJ,12.47,15.23,telefonia,27.700000000000003
0b0809b2b64511c62fb745fb8b465cc9,2018-07-01 17:47:38+00:00,porto ferreira,SP,33.9,12.9,ferramentas_jardim,46.8
0b09c5e4c2512f627190ac55a78c35a3,2018-04-30 19:31:32+00:00,blumenau,SC,27.9,18.23,alimentos,46.129999999999995
0b0adccd993fe865dc205586fc9fd045,2018-07-23 21:03:16+00:00,rio de janeiro,RJ,78.0,15.65,relogios_presentes,93.65
0b0b271dbd163df371ef9fa4ff573490,2017-08-01 07:33:41+00:00,ipiau,BA,89.0,19.86,brinquedos,108.86
0b0b4cbb5b4eb45bad5bb031b56ea1e1,2017-11-02 18:39:46+00:00,cruz das almas,BA,79.9,41.21,cama_mesa_banho,121.11000000000001
0b0bd9b754737f8954ee14d15c7acb85,2017-11-29 09:03:43+00:00,itapeva,SP,89.9,13.65,cama_mesa_banho,103.55000000000001
0b0bf8f9977e22517521efeefa4b7a27,2017-05-09 22:58:25+00:00,ipatinga,MG,146.0,21.51,cama_mesa_banho,167.51
0b0d8e5883c78ff45f2f1b7c511151db,2017-11-11 22:11:09+00:00,aracruz,ES,39.9,26.89,bebes,66.78999999999999
0b0e92124b8a170cb0d9bb34154aa70a,2017-12-07 19:42:11+00:00,cianorte,PR,29.99,15.1,telefonia,45.089999999999996
0b0f3c7a9bcb6ad1fccab28f9240da6f,2018-07-11 17:22:56+00:00,sao paulo,SP,64.99,31.48,informatica_acessorios,96.47
0b1225af9b8d9ead4bac8d07f4da8130,2018-06-24 02:18:59+00:00,brasilia,DF,44.4,15.41,utilidades_domesticas,59.81
0b125520b605185e07783ab4fe8a398b,2018-03-16 13:05:40+00:00,ribeirao do pinhal,PR,59.9,19.39,cama_mesa_banho,79.28999999999999
0b127810f86631fa896fd74a421045f8,2017-08-28 17:09:05+00:00,niteroi,RJ,59.9,17.67,ferramentas_jardim,77.57
0b1290e557f053467333ff365790c5a4,2017-08-10 20:50:21+00:00,osvaldo cruz,SP,45.99,13.37,ferramentas_jardim,59.36
0b137ac032763829e728afcfee3ac3f2,2018-07-01 20:25:18+00:00,sao paulo,SP,169.9,19.36,utilidades_domesticas,189.26
0b13a698a0b7a62e8ec891081558b7aa,2017-12-22 22:03:05+00:00,mutum parana,RO,39.9,22.67,instrumentos_musicais,62.57
0b1651a280049a50402bc56d50785c3c,2017-09-28 13:13:18+00:00,alvorada,RS,43.3,15.11,livros_interesse_geral,58.41
0b1652557b7b9bf7c885236e4798dd91,2017-04-07 18:08:31+00:00,jundiai,SP,59.9,17.16,moveis_decoracao,77.06
0b16fcb0e3133c83e8c82ed7bd6ccb1b,2017-04-11 15:27:37+00:00,sao paulo,SP,49.9,8.72,fashion_bolsas_e_acessorios,58.62
0b17b204a1785111272edfadb2aa9e94,2018-08-01 21:33:30+00:00,mongagua,SP,95.34,14.98,papelaria,110.32000000000001
0b192907ec8563bda5210247497aa9af,2017-10-24 02:04:42+00:00,lorena,SP,55.0,11.89,relogios_presentes,66.89
0b19db7ca9db8caff754ff63f59f67df,2017-03-23 20:39:03+00:00,bage,RS,109.9,15.98,pet_shop,125.88000000000001
0b1b823864373547749dd203c2c4adef,2018-06-25 23:47:50+00:00,campinas,SP,35.9,18.05,beleza_saude,53.95
0b1bb6f28394acad8dac5b3f4e2a28c0,2018-01-22 19:57:24+00:00,sete lagoas,MG,159.0,28.49,informatica_acessorios,187.49
0b1bd7cdeb2d703ebe602a2989a86f9a,2017-08-21 21:09:21+00:00,seringueiras,RO,16.99,34.15,telefonia,51.14
0b1c59b14d8f5965dea7bc2db28a34ee,2018-07-16 22:56:18+00:00,montes claros,MG,29.9,18.31,perfumaria,48.209999999999994
0b1e1533654221aac3796e0a8ca9161e,2018-01-18 10:03:37+00:00,avare,SP,59.0,13.43,papelaria,72.43
0b1e1706859ca49fb88d353540f6eaa2,2017-11-20 20:22:08+00:00,indaiatuba,SP,58.9,14.13,utilidades_domesticas,73.03
0b1e280f28b576497838ec7684444971,2017-10-11 08:42:15+00:00,sertaozinho,SP,105.43,9.48,perfumaria,114.91000000000001
0b1e73fa546894ad7310916b480de067,2017-01-11 11:21:23+00:00,araujos,MG,380.0,39.06,ferramentas_jardim,419.06
0b1e77ab8db5ec5c6af5514bcdf20240,2018-02-12 17:58:36+00:00,piracicaba,SP,110.8,11.98,esporte_lazer,122.78
0b1e7d45ede8adf7964c242ce45846f6,2017-11-08 20:53:51+00:00,goianira,GO,59.5,19.66,cama_mesa_banho,79.16
0b1ebd05e50ebf9d1fc97b8b1ed874b7,2018-03-08 07:17:15+00:00,sao paulo,SP,49.0,19.95,fashion_bolsas_e_acessorios,68.95
0b20c9791c7a502fc70f7f542e9a1405,2018-07-20 19:05:52+00:00,belem,PA,22.32,22.88,informatica_acessorios,45.2
0b223d92c27432930dfe407c6aea3041,2018-08-29 14:18:23+00:00,curitiba,PR,209.0,46.48,moveis_cozinha_area_de_servico_jantar_e_jardim,255.48
0b23ff20645a72c0c1183b6b8ba15719,2018-02-01 16:13:57+00:00,juiz de fora,MG,70.9,16.94,informatica_acessorios,87.84
0b24d5a62da084e9c66959aff6328dbc,2017-12-03 14:18:57+00:00,conceicao do castelo,ES,64.9,15.2,informatica_acessorios,80.10000000000001
0b252b879dbab76b4730df79aeb1778f,2018-02-11 21:29:50+00:00,sao luis,MA,12.25,21.15,eletronicos,33.4
0b26649ec6ddf0ad51f419691e14a0db,2018-06-06 17:38:23+00:00,sao paulo,SP,25.04,8.88,Unknown,33.92
0b273b3e899144ab36619eda910cc72a,2017-11-24 16:27:29+00:00,dois corregos,SP,19.9,11.85,telefonia,31.75
0b277c8a59b6fac83b512d46a575c8cc,2017-06-07 21:41:00+00:00,rio negro,PR,59.9,15.17,cama_mesa_banho,75.07
0b27d99f32650074301e63c1e00a2720,2018-04-27 08:36:05+00:00,teresina,PI,249.0,24.24,relogios_presentes,273.24
0b27e5029dd7bd0891b5da96fa33a93b,2018-08-18 13:38:46+00:00,bananeiras,PB,55.65,52.74,beleza_saude,108.39
0b2861128d87d7a2b9c85eb25a514d0b,2018-06-27 10:44:32+00:00,rio de janeiro,RJ,402.35,20.92,beleza_saude,423.27000000000004
0b29027a3a98807aea23a764ab594bbd,2017-06-08 13:23:59+00:00,lagoa da confusao,TO,149.0,29.44,brinquedos,178.44
0b2942062fff77e603cf4837c421e9a5,2017-02-07 11:34:57+00:00,belo horizonte,MG,109.99,89.1,moveis_decoracao,199.08999999999997
0b29af0ace8656af84d2a20b635e697b,2017-08-05 20:27:54+00:00,anapolis,GO,99.9,36.02,esporte_lazer,135.92000000000002
0b2a26edc4451c98cc27d3bcb28d8766,2017-06-06 22:24:19+00:00,sao paulo,SP,27.55,8.27,esporte_lazer,35.82
0b2a43ec15f983f589ecd097455b283d,2017-04-02 20:14:13+00:00,botucatu,SP,224.99,15.74,informatica_acessorios,240.73000000000002
0b2a86ad4de68092f2026ba5cdccc64e,2018-07-16 14:01:05+00:00,volta redonda,RJ,144.5,39.52,cama_mesa_banho,184.02
0b2d6210fb2a3be6f54add89639740ab,2018-04-23 11:02:31+00:00,sao paulo,SP,53.9,0.0,ferramentas_jardim,53.9
0b2e6b4673da2264a5318ef4abe1fd44,2018-07-03 18:09:03+00:00,sao luis,MA,66.99,9.16,beleza_saude,76.14999999999999
0b2ee90d3a8923635f74af64e78d2335,2018-06-20 16:19:58+00:00,sao francisco de paula,MG,28.99,18.3,automotivo,47.29
0b2f7d7319f367295bd93624be36ed1b,2017-12-26 10:08:32+00:00,rondonopolis,MT,69.9,18.06,construcao_ferramentas_construcao,87.96000000000001
0b30e59b6e985ef789c83d08753d59aa,2017-10-01 18:25:06+00:00,vicosa,MG,99.9,14.43,cama_mesa_banho,114.33000000000001
0b32bf55276b5feb681f6ed6fd670692,2017-06-03 17:53:31+00:00,quintana,SP,179.0,12.75,perfumaria,191.75
0b3348cfaae0bca40b23a36b64c7b941,2018-07-18 08:12:36+00:00,ponte alta do norte,SC,39.99,19.47,cama_mesa_banho,59.46
0b33796d2382e9a9fde619a584ba7216,2018-08-26 11:59:34+00:00,ribeirao preto,SP,20.9,12.81,casa_construcao,33.71
0b339dee90210409b715a9f2b6af29a7,2017-11-29 13:49:23+00:00,sao paulo,SP,1098.0,68.43,eletroportateis,1166.43
0b3407e419ef6be66392971885acce73,2017-01-30 08:14:53+00:00,araxa,MG,139.9,4.5,moveis_decoracao,144.4
0b3457e0c4ca3f53aed80917d932b787,2018-04-04 08:17:28+00:00,guaratingueta,SP,399.0,15.78,relogios_presentes,414.78
0b34845fe9cff17643b298ed508ebb7f,2018-01-24 12:16:31+00:00,sao paulo,SP,399.0,16.54,relogios_presentes,415.54
0b34b5b5c46c8870d8a0a667d2f6bb4e,2017-11-25 13:18:01+00:00,cravinhos,SP,84.44,19.45,cama_mesa_banho,103.89
0b34b5b5c46c8870d8a0a667d2f6bb4e,2017-11-25 13:18:01+00:00,cravinhos,SP,79.99,19.44,cama_mesa_banho,99.42999999999999
0b3506e1bbe1a7086dc5f9f41c594b8e,2018-08-20 10:29:03+00:00,fortaleza,CE,114.9,47.46,cama_mesa_banho,162.36
0b35523db4e1c1ee70badc36fc9a4dba,2018-03-22 11:06:10+00:00,guapimirim,RJ,139.0,17.68,telefonia,156.68
0b3580bfab9b4aa7c6b53769a4ee5189,2017-06-24 11:36:22+00:00,curitiba,PR,205.0,22.27,cama_mesa_banho,227.27
0b365bbd59e2f75bea276c81bb916dcb,2018-04-16 15:11:36+00:00,sao paulo,SP,14.9,7.39,esporte_lazer,22.29
0b36b5725c37564b933ec5845f63b635,2017-10-10 11:34:06+00:00,barretos,SP,119.9,25.68,esporte_lazer,145.58
0b372cdcdd4134fc5f7695426339ce84,2018-06-26 22:00:12+00:00,macapa,AP,99.99,57.47,artes,157.45999999999998
0b375c9434c495b5759da891d8b26bf4,2017-09-18 00:32:11+00:00,porto alegre,RS,105.0,14.94,informatica_acessorios,119.94
0b382db57a557ff7703eaba5e991e7fb,2017-11-02 12:04:56+00:00,periquito,MG,1437.0,42.51,pcs,1479.51
0b38581eaa98bfe8d55c956b4dab5bcd,2017-12-27 19:29:42+00:00,santo andre,SP,44.49,15.11,Unknown,59.6
0b39d78b430d574a6eafefe82c11b4a3,2018-03-01 09:01:53+00:00,rio de janeiro,RJ,9.9,15.1,construcao_ferramentas_seguranca,25.0
0b3aeaf1fb363edeaf5062df39515084,2017-03-23 17:41:45+00:00,altamira,PA,725.0,29.56,eletroportateis,754.56
0b3b5e521f3ad8a57d4c4bcdc034446c,2017-03-22 22:47:42+00:00,jaguariuna,SP,279.99,19.25,cama_mesa_banho,299.24
0b3b6b78bd15a0e28176f25fab4eb472,2017-10-19 23:49:16+00:00,itaguai,RJ,74.5,15.27,beleza_saude,89.77
0b3c0b254cd889f96d5426417aa548cd,2017-10-18 16:34:56+00:00,rio de janeiro,RJ,200.0,21.89,esporte_lazer,221.89
0b3ca8c9e3b3199306adb467fcd0e982,2018-07-16 13:34:31+00:00,joao pessoa,PB,34.75,50.96,automotivo,85.71000000000001
0b3d6a3ba1e60a466b54775dcff1bf7d,2018-08-15 19:30:07+00:00,cascavel,PR,169.99,41.48,moveis_sala,211.47
0b3d6a94ff1d643af663f55ca8418520,2017-12-14 08:27:10+00:00,espera feliz,MG,99.9,21.19,esporte_lazer,121.09
0b3d8a1bbaa4e340e25adfd640f70308,2018-04-13 01:14:51+00:00,patos,PB,137.0,53.09,automotivo,190.09
0b3dc290a34c1a7a4edd084847af89b5,2018-01-10 17:57:59+00:00,sao paulo,SP,129.0,16.53,relogios_presentes,145.53
0b3e1c68302779e0c67d97c5b8ed17f7,2018-08-01 14:22:28+00:00,brasilia,DF,319.0,24.51,pet_shop,343.51
0b3f84ce012f341897587c6e4e73f68e,2018-06-30 21:48:45+00:00,rio das ostras,RJ,138.0,60.2,utilidades_domesticas,198.2
0b405b8ecc88bad4a3f2eee0fba1419f,2017-05-29 10:20:53+00:00,bezerros,PE,139.0,26.25,Unknown,165.25
0b40648d6c533ac73822cb32caf5cfa3,2017-08-15 11:08:17+00:00,maceio,AL,114.9,21.6,malas_acessorios,136.5
0b41129fd5aa1fc7c44db1eaee43862f,2017-07-03 10:56:34+00:00,urupes,SP,359.99,14.86,cool_stuff,374.85
0b4129a3415a486e4965d618f9b5debf,2017-11-26 12:59:04+00:00,brasilia,DF,98.9,27.21,relogios_presentes,126.11000000000001
0b42c660077b29a5c0b8476149a037ce,2017-12-10 23:27:20+00:00,belo horizonte,MG,27.0,16.11,brinquedos,43.11
0b4379c15168b7275dd2ee52a06f4294,2017-10-04 13:05:06+00:00,belo horizonte,MG,45.9,15.11,cama_mesa_banho,61.01
0b43acd81f6d3f30136133517a13b72f,2017-12-03 17:15:08+00:00,uberlandia,MG,125.5,16.64,beleza_saude,142.14
0b446830af3811ef0d7c2e0db238af50,2017-09-02 15:44:30+00:00,sao paulo,SP,89.9,16.26,cama_mesa_banho,106.16000000000001
0b4526b3cce3a48ec0506b923481cdfc,2017-03-21 13:29:54+00:00,vila velha,ES,18.99,16.05,telefonia,35.04
0b461bff8323f6fec51ec6254a81d562,2018-06-22 12:48:41+00:00,sao paulo,SP,11.9,8.29,beleza_saude,20.189999999999998
0b468af2e7c3af5bce986f443aa69083,2018-07-31 16:41:43+00:00,diadema,SP,46.0,7.58,esporte_lazer,53.58
0b46d65f233663a9d675570799f42914,2018-05-20 19:40:06+00:00,cajamar,SP,179.9,30.38,moveis_escritorio,210.28
0b47f5e9432bd433f8c5cf64e60e6e5f,2018-08-07 11:08:50+00:00,sao joaquim da barra,SP,170.0,53.54,telefonia,223.54
0b48910785067fb42fce896aaaf7ce81,2018-02-28 02:01:39+00:00,caieiras,SP,46.0,11.85,informatica_acessorios,57.85
0b48910785067fb42fce896aaaf7ce81,2018-02-28 02:01:39+00:00,caieiras,SP,40.5,11.85,informatica_acessorios,52.35
0b497dc78b09ae400416eabda31cf6ea,2018-08-03 07:43:45+00:00,guarulhos,SP,89.99,11.65,bebes,101.64
0b49ef15b00408f4b3cc8c7ac0c5ae19,2018-08-07 11:15:11+00:00,brasilia,DF,74.39,19.71,bebes,94.1
0b4aab4ef70208498663141571f68116,2018-03-08 11:17:00+00:00,rio de janeiro,RJ,85.9,23.18,utilidades_domesticas,109.08000000000001
0b4b622bf03bb66e9d44bc4b86c20dff,2018-02-18 22:21:53+00:00,sao bernardo do campo,SP,22.5,7.78,esporte_lazer,30.28
0b4bb296de7b6b5d24103fdd585b1241,2018-02-12 00:12:51+00:00,sao paulo,SP,99.9,13.72,cama_mesa_banho,113.62
0b4bc06ede46442d11b5b22710cefcf4,2017-10-15 21:00:40+00:00,ijui,RS,79.0,17.8,papelaria,96.8
0b4d60b8c7aa289e337094f0fb7ec296,2018-07-17 22:35:29+00:00,fortaleza,CE,225.0,44.25,casa_construcao,269.25
0b4e6da2eae282f0a0072085c7adacfe,2017-11-06 17:29:19+00:00,macae,RJ,22.8,16.11,flores,38.91
0b4e790fdbd7616b010599cc3e5f873f,2018-01-19 19:47:26+00:00,sao paulo,SP,129.9,13.93,beleza_saude,143.83
0b4ed5311f55b9b8f0f30b35e5b45dbd,2018-05-30 22:55:26+00:00,rio de janeiro,RJ,59.99,18.0,beleza_saude,77.99000000000001
0b4ff1c8f1d6e97ccd8e3ff14b4a663d,2018-05-01 18:39:33+00:00,manhuacu,MG,58.9,22.12,esporte_lazer,81.02
0b50495c5cfeda8c9d7abfe80aea74e4,2018-01-16 18:01:59+00:00,tijucas,SC,139.0,18.22,pet_shop,157.22
0b50bea7ba1e8ba7a21b01b7c9d1350b,2017-10-25 10:03:39+00:00,serra de sao bento,RN,31.9,42.38,informatica_acessorios,74.28
0b50f9db645dbb8c98ebe37fab6ecb3e,2018-01-04 19:15:58+00:00,salvador,BA,40.0,18.59,bebidas,58.59
0b50feddfae831cc657a703f9d929025,2017-12-11 01:08:05+00:00,joao pessoa,PB,108.0,23.08,relogios_presentes,131.07999999999998
0b5130f1658aa7b154635cd0c097bd4c,2018-04-18 00:34:42+00:00,pote,MG,179.0,27.98,Unknown,206.98
0b5143acf46cd4dd573604b449451bcc,2018-06-29 09:19:59+00:00,sao paulo,SP,129.0,14.48,esporte_lazer,143.48
0b517c01a5b46fd3e16b389ea6f4ad3a,2018-01-22 17:51:00+00:00,sao caetano do sul,SP,59.99,15.28,moveis_sala,75.27
0b52695e8c759b22075c6937089c4158,2018-08-03 09:04:09+00:00,sao jose dos campos,SP,10.0,7.39,beleza_saude,17.39
0b52749edbf531f1eedb8226ae141b9b,2017-03-26 22:00:58+00:00,marilia,SP,58.75,11.02,ferramentas_jardim,69.77
0b528dd823a72d145a342b30a202dfa2,2018-04-16 16:31:50+00:00,lavras,MG,169.9,39.01,bebes,208.91
0b54477549051598bd77d59bee6182a7,2017-07-25 18:30:00+00:00,sao luis,MA,69.9,34.29,brinquedos,104.19
0b549e03c90c9817ce5280ce5c06dd75,2018-04-01 23:42:50+00:00,limeira,SP,27.19,11.15,utilidades_domesticas,38.34
0b555f0e6493540531a30e6cf25fb030,2017-05-25 10:43:21+00:00,santo andre,SP,155.0,17.37,esporte_lazer,172.37
0b5588f04551d90ee148462bb65dfddf,2018-07-18 00:08:34+00:00,erechim,RS,118.99,27.13,utilidades_domesticas,146.12
0b5680deaa067376ba987f02b755e8bd,2018-08-19 13:20:33+00:00,rio do sul,SC,57.6,26.7,beleza_saude,84.3
0b573ab05f5976a357a60e0d981b4327,2018-03-21 15:37:53+00:00,sao paulo,SP,42.0,7.87,telefonia,49.87
0b5754bbc86b2ff33bba8be1cab6c230,2017-09-04 11:59:58+00:00,capim grosso,BA,55.0,16.83,relogios_presentes,71.83
0b584b729bdfec204ec2aa5d21d6ca56,2018-08-03 13:32:54+00:00,berilo,MG,55.9,22.32,esporte_lazer,78.22
0b5a860df8a893e7020960b28cd67196,2018-08-23 00:09:30+00:00,sao paulo,SP,53.3,12.67,moveis_sala,65.97
0b5b77a10f85ebcb19877591a0550895,2017-11-24 18:31:35+00:00,santo angelo,RS,34.3,15.1,Unknown,49.4
0b5bc52b360d662aac171cf7ae46f187,2018-08-07 20:31:03+00:00,atibaia,SP,75.0,7.79,relogios_presentes,82.79
0b5c913b831ba3f6eaaab61c2d7cae6d,2017-12-21 17:42:53+00:00,braganca paulista,SP,379.0,71.53,moveis_cozinha_area_de_servico_jantar_e_jardim,450.53
